Year,Month,Day,Hour,Minute,Second,Magnitude,Latitude,Longitude,Depth
1994,8,18,0,45,48,5.8,-7.489,31.737,27.6
1994,9,5,4,8,50,4.7,-7.604,31.7069,10
1994,9,5,15,58,17,4.6,-5.28,35.98,14.1
1994,9,30,1,37,3,4.4,-5.562,30.6741,10
1994,10,1,9,6,17,4,-3.84,35.84,9.5
1994,10,27,23,48,18,4,-4.849,29.177,8.1
1994,11,1,19,32,47,4,-3.72,35.8,32.8
1994,11,6,8,28,59,4.1,-4.7667,33.1482,10
1994,11,12,12,18,3,4.8,-6.7996,29.8594,24.5
1994,11,12,20,16,51,4.4,-6.8319,29.9716,10
1994,11,16,1,8,9,5.2,-9.1716,33.323,11
1995,3,19,5,1,10,4.2,-6.8733,34.7018,10
2000,9,12,16,51,19,4.5,-2.31,28.701,10
2000,10,11,3,55,12,4.1,-1.5459,28.5476,10
2002,4,19,15,48,49,4.6,-23.4859,26.2812,18.9
2003,7,17,11,49,17,4.2,-2.3186,28.8816,12
2004,11,18,6,7,48,4.1,-24.666,28.031,5
2005,1,30,21,16,8,4.5,-2.0056,29.0572,12
2006,1,19,13,5,54,3,-23.812,24.997,5
2006,2,6,18,50,46,4.9,-10.301,28.9755,10
2006,3,29,12,18,34,3.3,-24.092,26.34,5
2006,7,31,3,25,1,3.6,-13.8542,30.2742,10
2006,9,3,16,34,25,3.8,-14.52,34.281,10
2006,11,27,6,23,11,3.6,-1.8193,29.0729,0
2006,11,27,17,49,50,4,-1.5334,29.1423,10
2007,1,17,21,24,15,3.2,-21.665,33.15,5
2007,2,3,15,11,17,4.4,-16.0742,28.7429,8.5
2007,6,17,17,10,4,3.4,-21.925,33.497,5
2007,6,23,15,20,34,3.1,-21.712,33.319,5
2007,7,3,13,2,22,3.3,-22.472,32.842,5
2007,7,10,20,9,56,4,-21.59,33.427,15
2007,7,12,15,31,43,3.9,-2.1862,35.9534,14.25
2007,7,13,16,35,52,4,-21.384,33.022,5
2007,7,14,12,23,27,4.2,-2.834,36.099,10
2007,7,14,17,46,49,4,-2.7457,36.0928,15
2007,7,15,10,7,11,4.4,-2.8658,36.0761,12
2007,7,15,11,24,20,5.3,-3.1145,36.2383,11.75
2007,7,15,15,2,9,4.2,-2.8446,36.0799,12
2007,7,15,19,35,4,4.2,-2.8339,36.0068,12
2007,7,15,20,42,11,5.4,-2.85,36.16,5
2007,7,15,21,10,6,4.4,-2.9501,36.1228,10.25
2007,7,15,21,49,45,3.6,-2.6309,36.2086,0
2007,7,16,2,29,26,4.1,-2.8,36.12,6
2007,7,16,3,57,2,4.5,-2.7451,36.0907,11.25
2007,7,16,5,3,43,3.7,-2.7307,36.1066,10
2007,7,16,13,48,29,4.3,-2.7597,36.073,10
2007,7,16,14,12,48,3.8,-2.71,35.96,5
2007,7,16,14,23,34,5.1,-2.663,35.986,10
2007,7,16,21,46,56,3.8,-2.6971,36.0546,3.1
2007,7,16,22,42,42,4.2,-2.7922,36.1862,12
2007,7,17,1,31,31,4.3,-2.7683,36.0329,2.9
2007,7,17,3,50,16,3.8,-2.8681,36.4935,0
2007,7,17,4,17,5,4.3,-2.6286,36.0239,7.7
2007,7,17,6,11,41,4.5,-2.773,35.9924,16
2007,7,17,6,53,9,3.9,-2.6765,36.1329,0
2007,7,17,10,34,34,3.7,-2.7879,36.2281,10
2007,7,17,10,35,58,4.3,-2.741,36.1143,6.6
2007,7,17,11,17,3,4.5,-2.838,36.182,10
2007,7,17,14,10,43,5.9,-2.82,36.38,9
2007,7,17,18,27,51,5.3,-2.809,36.2488,11.75
2007,7,18,0,22,45,4.4,-2.7861,36.217,4
2007,7,18,8,48,25,4.3,-2.7272,36.0663,3.7
2007,7,18,9,6,42,3.8,-2.6551,36.1078,10
2007,7,18,10,7,50,4,-2.8269,36.2245,12
2007,7,18,10,29,16,4.5,-2.772,36.0692,7.2
2007,7,18,11,11,16,4.4,-2.6147,36.0259,10
2007,7,18,16,43,26,4,-2.6512,35.9891,8.9
2007,7,18,16,46,6,4,-2.7932,36.1566,1.7
2007,7,18,17,25,52,5.2,-2.8864,36.1308,12
2007,7,19,2,14,11,3.9,-2.786,36.052,10
2007,7,19,4,0,35,3.9,-2.8544,36.065,32
2007,7,19,21,7,21,4.1,-2.7818,36.0149,25.2
2007,7,20,18,14,13,4.3,-2.8236,36.1965,8.6
2007,7,21,11,13,40,4.3,-2.7748,36.1382,10
2007,7,21,17,0,23,4,-2.8349,36.1331,16.9
2007,7,22,0,36,24,4.2,-2.7543,35.9562,10
2007,7,22,10,28,51,4.1,-2.8493,36.0646,4.3
2007,7,22,15,58,44,4.3,-2.6931,35.9985,9.4
2007,7,22,22,29,59,4,-2.7623,36.0953,6.9
2007,7,25,15,39,6,4.2,-2.5772,36.1334,6.25
2007,7,25,17,3,45,4.2,-2.71,35.8884,10
2007,7,25,19,29,38,3.6,-2.5057,36.0693,0
2007,7,25,23,18,44,4.2,-2.7609,36.214,1.8
2007,7,26,18,54,36,5.2,-2.7051,36.0701,10.25
2007,7,26,19,57,0,3.9,-2.7893,36.2956,0
2007,7,27,21,26,33,3.6,-2.6603,35.7875,0
2007,7,27,21,59,2,3.7,-2.8853,36.1173,12
2007,7,28,20,11,34,4.1,-2.7267,36.2186,21.25
2007,7,30,13,17,8,4.1,-2.771,36.076,10
2007,7,31,21,9,21,4,-3.0437,36.2636,7.5
2007,8,7,0,15,2,4.1,-4.6655,35.7396,10
2007,8,8,0,7,48,4.4,-2.8578,36.148,12
2007,8,9,5,54,19,4.4,-2.7487,36.2235,10
2007,8,11,17,26,3,4,-2.8807,36.3705,10
2007,8,17,11,29,43,3.1,-21.333,32.939,5
2007,8,17,23,27,25,4.3,-2.8624,36.0902,12
2007,8,18,0,24,25,3.8,-2.712,36.0717,0
2007,8,18,7,44,1,5.2,-2.84,36.17,8
2007,8,19,17,58,31,4.2,-2.6237,36.1277,8.75
2007,8,20,2,46,50,4.1,-2.5422,36.2009,7.75
2007,8,20,2,56,47,5.4,-2.7922,36.2114,8
2007,8,20,6,38,43,4.5,-2.3172,36.256,10
2007,8,20,7,15,35,4.3,-2.709,36.0557,10
2007,8,20,7,34,9,4,-2.3863,36.243,8
2007,8,21,7,5,48,4.3,-2.8945,36.6763,0
2007,8,21,18,36,6,3.9,-2.6714,36.1104,7.5
2007,8,22,14,32,21,3.9,-2.7611,36.189,12
2007,8,24,23,45,54,3.9,-2.6142,36.1942,7.75
2007,8,30,18,49,35,4.2,-2.7239,36.1271,10
2007,9,2,19,3,57,4.4,-1.2782,28.1062,10
2007,9,7,23,20,0,3.8,-2.203,28.752,10
2007,9,8,8,21,43,3.7,-2.67,36.31,28
2007,9,8,14,15,33,4.9,-2.62,36.12,6
2007,9,10,0,26,43,4,-2.6982,36.2165,6.25
2007,9,12,3,55,41,3.1,-21.441,32.933,5
2007,9,12,6,0,1,3.9,-21.673,32.415,5
2007,9,12,9,54,28,4,-11.1645,34.5123,23
2007,9,14,19,10,35,3.9,-2.5993,35.9543,10
2007,9,16,2,59,13,4.2,-2.9134,36.0284,12
2007,9,19,1,42,54,3.3,-21.33,33.024,5
2007,9,25,18,26,52,3.8,-21.304,32.994,5
2007,9,27,6,59,45,4,-21.448,32.508,5
2007,9,29,7,55,15,3.8,-2.18,36.5,65
2007,10,8,5,44,39,4.3,-21.839,32.611,5
2007,10,30,21,35,58,4.2,-21.713,32.761,5
2007,11,6,9,51,26,3.9,-21.647,32.822,5
2007,11,8,1,39,11,3.9,-15.9178,34.6784,24.25
2007,11,17,17,19,29,3.3,-22.414,25.347,5
2007,11,17,17,51,58,3.6,-21.683,33.37,5
2007,12,1,13,39,10,3.4,-22.173,32.979,5
2007,12,2,7,41,33,5,-16.8526,28.639,14
2007,12,2,11,27,50,4.7,-16.67,28.512,5
2007,12,3,15,41,8,3.5,-24.563,29.543,5
2007,12,6,8,13,40,3.7,-3.33,28.37,30
2007,12,8,19,55,20,5.6,-7.5713,37.6338,11
2007,12,8,21,4,43,4,-7.6836,37.5143,10
2007,12,8,21,6,6,3.9,-7.7289,37.2925,10
2007,12,8,21,50,17,3.9,-7.7168,37.6865,10
2007,12,8,23,48,10,3.9,-7.7006,37.7113,10
2007,12,12,0,43,9,3.3,-0.71,32.97,4
2007,12,30,17,30,1,3.6,-3.6375,28.2772,0
2008,1,19,13,30,31,4.8,-7.6728,37.6785,11
2008,1,25,12,25,31,4.4,-8.3526,32.8402,32.5
2008,2,3,7,34,11,5.9,-2.3905,28.8949,14.75
2008,2,3,8,7,50,3.7,-2.764,28.8193,0
2008,2,3,10,7,2,3.5,-2.112,29.0087,0
2008,2,3,10,56,9,5,-2.4109,28.9876,12
2008,2,3,11,0,7,4.5,-2.2542,28.9886,14
2008,2,3,11,37,48,4,-2.5102,28.975,15.5
2008,2,3,13,9,52,3.6,-21.453,33.094,5
2008,2,3,23,28,32,3.9,-2.8157,28.9157,10
2008,2,4,0,24,35,4.5,-2.4801,28.9293,16.5
2008,2,5,17,29,8,4.1,-2.5424,28.8935,21
2008,2,5,22,54,45,3.8,-2.2818,28.9756,12
2008,2,11,23,59,57,3.7,-2.5034,28.9907,12
2008,2,14,2,7,47,5.3,-2.4,28.92,8
2008,2,14,6,16,28,4.2,-2.8031,36.4138,10
2008,2,14,11,5,29,3.8,-2.5297,36.3545,10
2008,2,15,4,4,53,4.6,-2.4823,28.874,12
2008,2,16,23,18,47,4.3,-6.3521,27.4236,10
2008,2,21,14,53,28,3,-23.417,30.34,10
2008,2,25,4,6,26,3.6,-24.931,31.468,5
2008,2,27,2,7,59,4,-2.4262,29.0493,12
2008,3,6,7,35,35,5.4,-5.408,36.023,10
2008,3,6,8,4,20,4.1,-5.3603,36.2832,0
2008,3,6,17,47,1,4.1,-15.3683,27.2267,27.5
2008,3,6,22,30,14,3.8,-7.2555,37.5144,12.25
2008,3,14,23,40,17,3.9,-1.4246,28.2186,10
2008,3,15,2,26,23,4.5,-19.2626,27.4141,13.25
2008,3,16,20,9,30,3.8,-3.1509,35.1995,52.5
2008,3,16,20,9,43,3.8,-2.9999,34.7015,0
2008,4,11,15,26,23,3.6,-21.495,33.161,5
2008,4,26,2,40,30,3.1,-23.493,25.412,5
2008,5,14,15,29,20,3.6,-21.674,33.153,5
2008,6,8,17,13,6,3.9,-2.5311,28.9824,14.75
2008,6,19,7,25,16,4.8,-4.6396,29.5374,10
2008,7,10,23,55,0,4.3,-2.7873,35.8701,10
2008,7,25,6,6,57,3,-0.43,30.58,13
2008,8,7,9,58,58,3.6,-22.143,32.349,5
2008,8,29,16,36,13,4,-0.0561,29.6809,0
2008,9,2,12,2,8,4,-5.2641,36.0495,9
2008,9,9,0,43,1,4.3,-5.0499,29.6735,10
2008,9,10,10,15,23,4.2,-7.4274,30.3896,18
2008,9,15,15,50,53,5.2,-4.982,30.1284,22.5
2008,10,1,14,15,53,4,-0.8003,33.6801,26.25
2008,10,5,0,2,13,5.3,-1.13,29.12,9
2008,10,5,0,32,9,3.8,-1.4825,29.1054,10
2008,10,25,14,5,23,3,-23.629,27.156,5
2008,11,3,21,48,15,3.8,-4.6285,29.3769,10
2008,11,25,15,5,41,4.8,-21.9147,33.6085,27.75
2008,12,14,9,43,13,5.2,-7.35,30.13,23
2008,12,23,18,21,3,4,-0.5479,29.5575,10
2009,1,10,9,2,2,4.2,-3.2456,27.8301,10
2009,1,27,17,7,55,4.4,-6.036,36.072,10
2009,1,27,22,17,33,4,-5.627,35.872,10
2009,2,1,3,6,6,3.4,-9.94,33.83,11
2009,2,1,19,16,51,3.7,-7.18,30.32,0
2009,2,3,15,48,56,5,-3.8618,34.7845,28.4
2009,2,3,20,41,57,3.4,-4.18,34.19,44
2009,2,4,2,31,11,4,-3.906,34.814,10
2009,2,5,0,47,54,3.8,-3.947,34.935,10
2009,2,6,20,36,15,3.8,-0.712,35.066,10
2009,2,14,12,3,37,3.9,-3.923,29.172,10
2009,2,15,7,29,3,4.3,-4.0903,34.9194,11.75
2009,2,15,23,56,1,4,-4.0759,34.9806,22
2009,2,16,0,1,5,3.8,-5.0171,34.4927,0
2009,2,16,8,24,23,4.8,-3.9275,34.8483,22
2009,2,17,0,14,17,3.4,-4.101,34.802,10
2009,2,17,0,16,33,3.7,-4.128,34.926,10
2009,2,17,1,59,2,4.5,-4.41,34.48,2
2009,2,26,4,33,22,3.5,-5.856,35.719,10
2009,2,26,22,5,45,3.5,-3.93,34.97,10
2009,2,28,1,26,23,3.4,-3.11,35.93,9
2009,2,28,19,52,55,4.1,-5.5,34.98,0
2009,3,1,1,27,9,3,-4.157,29.59,10
2009,3,24,2,12,6,4,-11.6837,34.4964,10
2009,3,25,5,3,21,4,-2.5899,29.4851,13.75
2009,3,29,9,10,39,3.7,-5.87,35.27,8
2009,4,27,3,14,50,3.7,-4.67,35.65,45
2009,5,3,4,31,41,3.4,-8.3,31.93,0
2009,5,15,8,41,48,3.5,-23.369,25.669,10
2009,5,16,1,51,30,4,-15.4129,30.8091,10
2009,5,24,20,21,57,5,-17.348,27.614,18.25
2009,5,24,20,39,38,3.4,-17.4396,27.3803,18.25
2009,5,25,9,48,32,4.4,-17.403,27.611,10
2009,6,6,13,48,14,4,-21.029,31.099,10
2009,6,10,15,18,3,4.2,-5.5032,35.8761,10
2009,7,2,19,44,16,3.5,-3.778,35.8161,10
2009,7,7,8,16,9,3.8,-0.3794,29.9748,0
2009,7,20,23,1,14,3.9,-6.5601,30.0281,13
2009,7,24,19,0,50,4,-3.8494,34.7878,23.75
2009,7,24,20,30,16,3.7,-3.7903,34.8262,10
2009,7,27,20,48,33,3.4,-7.6439,32.1163,0
2009,7,30,1,32,54,4,-3.9487,34.8618,10
2009,8,1,19,34,31,3.6,-4.0182,35.0485,22
2009,8,10,22,54,48,4.6,-10.635,34.314,25
2009,8,14,12,6,55,4,-5.5088,29.9134,32.5
2009,8,15,16,58,36,4.2,-7.1837,31.3904,28.5
2009,8,15,20,6,4,3.9,-4.3727,35.2053,10
2009,8,27,18,8,37,3.9,-7.2608,37.9184,10
2009,8,28,2,19,39,3.9,-0.031,30.072,0
2009,9,3,6,38,23,4.5,-5.463,35.753,10
2009,9,5,10,17,30,3.4,-4.166,35.272,0
2009,9,16,18,35,56,3.3,-2.002,29.007,10
2009,9,26,13,26,39,5.2,-7.53,30.45,23
2009,10,6,18,31,54,4.3,-4.0404,34.7854,22
2009,10,6,18,32,54,3.9,-3.8908,34.9639,22
2009,10,7,1,40,49,3.8,-3.531,34.7664,14.5
2009,10,7,1,41,23,4.1,-3.531,34.7664,14.5
2009,10,7,3,24,34,4.8,-3.942,34.775,10
2009,10,7,6,21,2,3.9,-6.867,35.8633,10
2009,10,7,6,41,15,4.2,-4.0593,34.8431,22
2009,10,7,6,53,25,3.4,-3.3856,34.7101,10
2009,10,7,6,54,3,4.3,-4.0057,34.8982,10
2009,10,7,13,55,35,3.5,-3.9978,34.706,10
2009,10,11,20,43,4,4.8,-4.004,34.8328,22
2009,10,11,21,22,50,4,-4.0078,34.7827,22
2009,10,11,21,28,59,3.6,-3.8182,34.8582,22
2009,10,12,0,47,48,3.9,-4.0015,34.7445,10
2009,10,12,2,0,9,4.1,-1.3724,29.301,10
2009,10,13,5,1,38,3.3,-4.429,30.793,10
2009,10,13,7,55,39,4.3,-4.003,34.7627,22
2009,10,13,10,28,51,3.2,-3.9943,34.7984,22
2009,10,13,13,2,40,4.5,-3.9777,34.7198,10
2009,10,14,5,38,2,4.1,-11.0739,34.3997,10
2009,10,14,18,11,2,3.8,-2.91,36.009,10
2009,10,14,22,10,10,3.4,-2.26,37.03,0
2009,10,15,5,13,42,4.7,-3.4157,35.0512,10
2009,10,16,1,10,5,4,-7.999,30.925,10
2009,10,16,22,10,13,3.1,-5.843,29.442,10
2009,10,17,9,0,54,4.6,-7.659,36.071,10
2009,10,18,1,8,57,4,-0.5223,29.8431,10
2009,10,19,14,31,11,4.6,-7.992,35.349,10
2009,10,20,10,26,34,3,-0.574,31.949,10
2009,10,20,18,42,4,3,-0.728,31.635,10
2009,10,21,15,30,40,4.8,-4.4105,34.7459,10
2009,10,21,18,33,33,4.2,-4.972,35.0427,10
2009,10,24,0,2,46,3.5,-3.912,34.888,10
2009,10,24,9,55,49,4.5,-3.766,35.846,10
2009,10,24,16,1,14,4.1,-4.199,34.94,10
2009,10,24,16,21,43,4.3,-3.9908,34.7804,22
2009,10,24,16,42,28,3.8,-3.857,34.812,10
2009,10,25,7,53,44,4.2,-4.101,34.8183,22
2009,10,25,16,13,1,4.2,-6.578,35.885,10
2009,10,26,1,39,27,4.6,-3.9841,34.8123,22
2009,10,26,2,8,57,4.5,-6.8042,35.8519,10
2009,10,26,2,17,17,3.6,-3.17,34.775,10
2009,10,27,11,45,5,3.9,-5.4732,35.8533,9
2009,10,27,22,0,17,3.2,-3.089,30.502,10
2009,10,29,7,8,25,3.9,-4.241,34.923,10
2009,10,29,7,43,2,3.2,-3.9946,34.8568,22
2009,10,29,8,45,36,3.8,-3.9735,35.6079,10
2009,10,30,18,0,52,3.5,-3.9429,34.7678,22
2009,11,1,0,27,4,4.1,-3.783,34.846,10
2009,11,1,8,52,39,4.7,-8.97,32.64,0
2009,11,1,15,40,41,3.8,-3.9897,34.7532,22
2009,11,2,3,8,47,3.4,-2.798,28.835,5
2009,11,2,6,31,57,3,-0.597,31.827,10
2009,11,2,7,12,21,3.1,-0.014,31.612,10
2009,11,2,11,46,47,3.2,-0.213,32.001,10
2009,11,4,20,59,57,3.6,-3.3735,28.658,0
2009,11,5,4,10,38,4.2,-10.1351,33.84,8.25
2009,11,8,17,14,4,3.7,-8.8469,32.7042,10
2009,11,12,19,23,15,4.2,-9.7979,33.8104,7
2009,11,12,19,25,8,4,-10.0304,33.8989,10
2009,11,13,18,40,3,3.7,-8.8021,32.8977,10
2009,11,14,4,47,4,5.4,-6.8606,29.8471,18
2009,11,14,4,50,18,5.3,-6.78,29.82,13
2009,11,14,5,9,36,3.8,-6.9361,29.7996,10
2009,11,14,9,46,45,3.7,-6.946,30.2342,10
2009,11,17,6,12,28,3.7,-6.8266,29.8981,0
2009,11,22,20,39,9,4.1,-10.11,33.811,10
2009,11,22,20,54,9,3.9,-9.9956,33.866,10
2009,11,24,0,52,32,3.5,-9.9665,33.8511,0
2009,11,25,21,14,33,4.1,-10.0578,33.8595,11
2009,11,29,17,21,16,4.1,-8.3232,36.763,10
2009,11,29,17,21,29,4.1,-8.7733,36.7586,10
2009,12,1,4,27,26,3.9,-10.0377,33.7229,10
2009,12,6,17,36,36,5.7,-10.1584,33.8248,14.25
2009,12,6,17,40,12,4.7,-9.8736,34.1329,16.25
2009,12,6,17,43,52,4.4,-9.9105,33.8091,9.5
2009,12,6,17,55,13,4.6,-10.0033,34.0271,14.5
2009,12,6,17,58,16,5.1,-10.0955,33.8835,6
2009,12,6,18,0,2,5.2,-9.995,33.897,15
2009,12,6,18,29,16,5.1,-10.1118,33.8625,11.75
2009,12,6,19,16,54,3.8,-9.9792,33.7809,22
2009,12,6,19,36,42,4.3,-10.0888,33.9064,7.75
2009,12,7,3,35,40,3.8,-10.1634,33.8409,13
2009,12,7,6,1,29,4,-10.2195,33.925,11.75
2009,12,7,9,31,46,5,-10.1254,33.8062,9.75
2009,12,7,18,9,40,4.5,-10.102,33.786,20
2009,12,7,18,16,34,5,-9.994,33.749,17.7
2009,12,7,18,23,42,4.1,-9.9066,33.8404,10
2009,12,7,18,32,55,3.8,-9.9091,33.6476,10
2009,12,7,18,42,42,3.8,-9.9863,33.6441,10
2009,12,8,3,8,57,5.9,-9.9832,33.8192,12
2009,12,8,3,31,18,4,-9.9496,33.6837,10
2009,12,8,5,5,32,3.9,-9.8655,33.805,10
2009,12,8,6,10,17,4,-10.0305,33.9067,10
2009,12,10,7,48,14,3.6,-9.5054,33.8109,10
2009,12,11,4,49,10,4.9,-10.09,33.86,8
2009,12,11,20,6,25,4.1,-10.014,33.824,15
2009,12,12,2,27,4,5.5,-9.9131,33.7948,15.5
2009,12,15,18,19,32,3.6,-6.878,29.9583,10
2009,12,19,23,19,17,6,-10.11,33.82,5
2009,12,21,18,23,43,3.7,-1.7396,29.0654,10
2009,12,22,20,9,9,3.8,-4.0079,34.8003,8.6
2009,12,24,13,39,1,3.2,-9.967,33.519,10
2009,12,24,14,16,18,3.8,-9.97,33.8,0
2009,12,24,18,28,25,3.1,-9.464,32.666,10
2009,12,25,2,48,16,3.1,-11.334,32.099,10
2009,12,25,20,27,32,3.1,-10.616,33.769,10
2009,12,25,21,26,7,3.1,-9.877,31.589,10
2009,12,25,21,33,43,3,-9.322,31.874,10
2009,12,26,2,44,28,3.4,-11.1,32.254,10
2009,12,26,2,47,44,3.3,-10.208,31.381,10
2009,12,27,20,32,27,3.1,-9.267,31.792,10
2009,12,27,21,57,42,3.1,-9.28,33.406,10
2009,12,28,0,37,46,3.3,-9.762,31.862,10
2009,12,28,0,46,21,3.1,-10.668,31.555,10
2009,12,28,6,48,15,4.3,-7.0586,30.1236,17.25
2009,12,28,23,9,16,3,-11.324,33.345,10
2009,12,29,8,52,46,3.3,-9.231,31.774,10
2009,12,29,21,48,55,3.1,-9.213,31.823,10
2009,12,29,22,43,31,3.2,-10.346,31.389,10
2010,1,2,3,13,16,3.8,-4.0869,34.8402,22
2010,1,5,7,10,20,3.5,-7.179,30.783,0
2010,1,11,3,39,39,4.3,-4.1109,34.874,22
2010,1,12,23,14,34,4.6,-13.7553,34.4926,37.75
2010,1,28,23,57,23,4.1,-0.5963,29.3178,16
2010,2,4,15,55,0,3.5,-0.9472,29.2193,0
2010,2,6,13,50,8,3.4,-21.454,32.789,5
2010,2,8,13,58,3,3.7,-7.8312,31.5465,10
2010,2,13,15,20,48,4.1,-10.1167,33.8339,10.25
2010,2,14,4,48,50,3.8,-7.2231,30.3678,18
2010,2,20,7,6,50,3.4,-3.5119,28.6194,0
2010,2,28,12,14,2,4.1,-22.031,33.386,5
2010,2,28,20,29,26,4.1,-10.0788,33.991,5
2010,3,1,8,40,27,4,-10.1846,33.7332,10
2010,3,2,6,36,48,3.8,-10.3826,33.9979,10
2010,3,2,21,59,57,3.6,-22.195,33.076,5
2010,3,3,13,38,8,3.8,-2.795,36.4348,0
2010,3,3,13,40,43,3.2,-24.5,28.186,5
2010,3,6,20,0,41,4,-8.9628,32.5021,24
2010,3,19,11,9,25,3.9,-11.0506,34.0459,10
2010,3,21,11,8,49,3.8,-9.8476,33.5536,12
2010,4,1,9,20,22,3.9,-2.8,36.0356,12
2010,4,8,23,57,42,5.1,-4.1678,35.2346,19.4
2010,4,25,5,50,0,3.9,-5.426,29.5798,20
2010,4,26,11,54,34,3.8,-5.406,35.8625,8.5
2010,5,4,21,34,12,3.9,-4.4837,35.9347,10
2010,5,5,0,3,13,4.5,-5.2992,35.8941,9
2010,5,15,23,48,42,3,-23.881,26.108,5
2010,6,4,16,11,7,3.6,-9.2074,31.0105,0
2010,6,10,3,41,16,3.5,-0.4874,29.1337,0
2010,6,16,21,51,7,4,-1.6128,34.6353,29.25
2010,6,19,2,59,27,3.1,-24.915,27.26,2
2010,6,25,13,17,33,3.7,-2.7851,28.907,10
2010,6,29,10,8,22,3.8,-7.2729,30.2782,10
2010,8,3,19,42,13,5.3,-9.5424,39.0406,33.25
2010,8,10,3,56,22,3.6,-3.813,35.0437,22
2010,8,16,21,59,26,3.4,-11.9389,33.9541,10
2010,8,22,3,37,50,4.2,-4.5302,35.8478,10
2010,8,31,6,19,45,3.7,-16.8006,28.974,14
2010,9,5,2,7,58,4.4,-10.0894,33.8956,10
2010,9,15,11,18,33,3.8,-7.8862,30.6641,10
2010,9,15,23,37,52,3.5,-21.657,26.539,5
2010,9,17,21,51,6,3.7,-9.8888,33.7468,10
2010,9,25,22,59,0,4,-4.4507,35.8447,10
2010,10,2,18,32,10,3.8,-18.054,26.603,0.1
2010,10,17,6,48,33,3.2,-24.965,27.212,2
2010,10,28,9,31,14,4,-14.7267,23.3367,10
2010,10,29,22,55,48,4,-9.5259,33.8464,19
2010,11,4,1,58,32,3.9,-5.1624,35.0664,10
2010,11,8,14,15,58,3.4,-23.877,24.661,10
2010,11,19,9,22,44,3.1,-24.463,26.954,10
2010,11,20,0,11,41,3.6,-12.4291,24.7526,10
2010,11,26,18,24,20,3.9,-17.7419,27.1021,10
2010,11,28,21,44,45,3.4,-10.2796,34.0197,10
2010,12,26,20,32,27,3.9,-9.7961,25.2025,50
2011,1,10,11,43,1,3.1,-23.676,33.141,5
2011,1,19,8,13,16,3.7,-5.4359,36.1501,0
2011,2,7,4,29,20,3.7,-9.981,33.2578,10
2011,2,21,23,59,18,4.3,-4.643,35.6517,10
2011,3,8,20,31,38,4,-11.3569,34.4959,10
2011,3,19,19,44,10,4,-7.7016,30.5262,37.25
2011,3,22,2,14,58,3.5,-9.0267,29.4413,10
2011,4,15,8,49,33,4,-4.2659,35.7142,10.25
2011,4,19,17,12,20,3.8,-5.4993,35.6662,10
2011,4,21,12,43,35,4.2,-21.5822,32.9815,15
2011,4,26,18,50,53,3.5,-11.0498,32.9104,10
2011,5,1,5,48,40,3.1,-21.486,33.119,10
2011,5,2,12,5,13,3.9,-21.3266,32.8609,14
2011,5,21,15,58,54,3.8,-10.2287,32.5651,10
2011,5,29,3,8,40,4,-2.406,39.5059,10
2011,6,10,8,28,14,4,-7.005,39.585,15
2011,6,24,15,54,31,3.6,-8.2602,32.3018,0
2011,7,1,21,13,49,4.1,-9.6087,29.0229,10
2011,7,6,10,37,45,4.6,-21.2826,33.0344,15
2011,7,12,22,18,44,3.1,-21.419,33.456,5
2011,7,21,13,55,53,5,-15.9642,25.9932,30.75
2011,7,21,17,43,18,4,-18.9064,36.0306,10
2011,7,27,21,12,0,4.4,-21.765,33.2507,10
2011,8,15,20,4,1,4,-5.5641,35.5494,10
2011,9,20,2,21,47,4,-4.285,34.3218,22.75
2011,9,25,5,11,44,3.8,-9.4787,33.9822,13.75
2011,9,25,5,50,9,3.8,-9.3827,33.8277,13
2011,10,13,2,10,24,3.8,-17.7657,27.1523,10
2011,10,15,21,59,54,4.2,-8.4589,26.4164,17.5
2011,10,30,1,12,31,4.2,-21.5564,33.3943,13
2011,11,5,15,28,18,3.7,-1.5968,29.129,0
2011,11,6,16,15,35,3.3,-18.559,27.331,5
2011,11,22,5,41,25,4.1,-21.5318,32.8746,13
2011,11,24,11,39,55,3.9,-21.566,34.265,5
2011,12,4,5,7,5,4.3,-8.6512,30.1604,50.75
2012,1,1,20,8,58,3.9,-2.7132,35.9359,10
2012,1,10,11,1,23,4,-21.4694,32.9928,9.75
2012,1,14,11,24,59,3.9,-8.5519,33.0425,15.25
2012,1,15,11,8,33,4.1,-7.4288,37.4282,5.25
2012,1,20,9,25,31,3.4,-9.7084,34.7369,10
2012,1,29,1,55,26,4.2,-7.2248,30.2737,17.75
2012,2,3,4,49,12,4.2,-17.1014,27.7897,9
2012,3,15,2,0,50,4.3,-19.6293,32.2807,10
2012,3,31,6,12,6,4.7,-8.4597,30.3384,10
2012,4,4,3,33,6,3.7,-22.066,33.424,5
2012,4,17,2,1,20,4.3,-2.0556,37.5447,28.5
2012,5,11,0,46,29,3,-23.0258,27.4168,10
2012,5,12,8,26,4,4.2,-4.3656,29.0042,10
2012,5,13,0,9,23,4.5,-15.993,36.021,14.5
2012,5,23,5,32,46,4.3,-6.9572,35.946,10
2012,5,25,17,23,1,3.1,-20.995,33.79,5
2012,6,6,15,38,28,4.8,-1.1529,27.2346,10
2012,6,14,2,46,56,4.1,-15.388,35.2798,5.75
2012,6,14,18,40,7,4.2,-9.3052,28.1765,10
2012,7,19,1,20,2,3,-15.608,28.315,10
2012,8,21,3,54,53,3.7,-1.4126,26.817,10
2012,8,31,14,21,19,3.7,-21.7019,32.9998,10
2012,9,19,7,52,10,3.4,-20.029,34.274,5
2012,9,21,7,8,4,4.1,-21.2346,32.2245,10
2012,9,21,17,36,27,4.1,-14.3989,29.5109,10
2012,9,26,13,14,21,4.4,-5.6839,35.7957,13.25
2012,9,26,13,18,58,4,-5.4628,35.7004,10
2012,10,2,9,32,48,3.9,-4.4324,35.7659,12.5
2012,10,14,16,25,53,4.4,-1.1417,26.8917,10
2012,10,14,19,11,3,4.1,-4.5945,35.8856,11.25
2012,10,16,14,15,27,3.4,-23.412,24.053,0
2012,10,25,17,20,5,4.4,-9.8229,35.2085,10
2012,10,31,11,40,6,3,-19.003,24.967,0
2012,10,31,15,15,6,4.5,-5.265,34.8226,10
2012,11,1,15,43,28,3.3,-23.609,23.239,0
2012,11,7,1,42,14,3.6,-5.4186,35.9809,10
2012,11,11,15,40,33,4,-0.3241,28.4424,10
2012,11,15,0,0,0,4,-1.3674,26.8882,10
2012,11,20,11,56,49,3.3,-21.6093,32.7409,10
2012,11,20,16,23,49,4,-0.4472,29.9425,20.7
2012,11,29,5,8,9,3.9,-4.6866,35.9365,10
2012,11,30,8,46,53,4,-4.5784,36.2937,10
2012,12,11,3,28,44,3.9,-3.6755,29.7999,10
2012,12,24,14,35,33,5,-4.0362,28.3926,13.25
2012,12,25,19,18,29,4.4,-6.1387,29.8135,10
2012,12,28,13,27,48,3.9,-4.6074,35.9085,10
2013,1,23,8,42,35,3.7,-8.5366,35.6118,10
2013,2,1,19,33,4,3.6,-11.3104,33.6107,10
2013,2,17,16,43,3,3.2,-24.8023,27.4315,4.3
2013,3,1,6,6,24,3.5,-21.6924,33.1731,10
2013,3,4,18,55,56,4,-5.6814,35.6174,11.5
2013,3,7,16,43,0,3.7,-21.4664,32.9966,15
2013,3,8,23,22,16,4,-10.5412,34.3815,10
2013,3,10,3,0,16,4.3,-4.5379,29.2872,10
2013,3,11,14,33,45,3.1,-24.044,23.813,10
2013,3,16,17,12,34,3.5,-3.032,28.8818,10
2013,3,18,15,59,24,3.9,-0.829,26.706,0
2013,3,21,0,46,13,3,-21.6092,33.2106,13
2013,3,21,1,25,46,3.3,-22.407,31.955,10
2013,4,12,16,43,3,3.9,-3.7862,35.7822,10
2013,4,26,11,58,42,4.2,-19.9301,33.4969,19.25
2013,4,28,13,14,14,3.6,-0.1678,29.7051,10
2013,5,16,14,4,43,3.5,-21.7747,30.7628,10
2013,5,18,5,0,26,3.9,-22.3798,29.1431,10
2013,5,22,15,2,0,3.8,-16.0555,27.2634,10
2013,5,23,15,52,39,3.6,-19.431,25.632,10
2013,5,30,10,11,34,3.2,-20.476,26.185,10
2013,6,1,7,19,2,3.7,-21.1348,32.8485,15
2013,6,3,3,24,43,4.3,-2.9522,36.1151,9.1
2013,6,3,9,53,10,4.4,-2.6907,35.9193,10
2013,6,8,3,18,28,4,-8.027,32.142,15
2013,6,22,5,8,7,4.2,-24.5647,27.4661,4.7
2013,6,30,14,8,57,3.5,-19.816,25.458,0
2013,7,1,11,42,17,3.2,-24.3073,28.2157,10
2013,7,5,13,42,20,4.2,-0.395,29.8701,10
2013,7,8,7,47,46,4.1,-21.0525,33.0301,15
2013,7,8,8,4,22,4,-21.3014,33.5591,10
2013,7,10,18,0,52,3,-21.607,28.3816,10
2013,7,11,14,39,3,3.2,-20.142,25.377,0
2013,7,12,11,39,43,3.3,-23.989,27.627,10
2013,7,16,3,58,1,3.9,-15.7127,27.0409,10
2013,7,20,4,25,49,4,-14.3262,24.3785,10
2013,7,20,16,1,15,3.3,-18.865,25.863,18.9
2013,7,22,6,50,45,4,-4.4925,35.8969,10
2013,7,23,17,9,16,4.1,-4.6164,35.8164,10
2013,7,27,5,21,22,4.3,-5.4427,35.6755,10
2013,8,7,11,44,33,3.3,-23.4439,27.3469,10
2013,8,12,11,39,46,3.3,-23.579,27.32,10
2013,8,13,0,58,31,3.2,-16.011,27.454,0
2013,8,20,19,16,13,3.8,-21.3521,32.9474,13.75
2013,8,21,8,30,24,4.2,-3.2937,36.3455,10
2013,8,22,17,13,43,4.3,-3.6758,35.7039,24
2013,8,24,13,17,31,3.7,-18.4943,26.4705,10
2013,8,24,19,18,22,4.7,-15.9509,29.5489,10
2013,8,27,10,16,55,3.6,-17.7625,27.1351,8
2013,8,27,17,55,34,3.1,-11.656,30.639,10
2013,9,5,14,12,16,3.6,-18.6399,26.083,10
2013,9,8,20,27,23,3.3,-13.709,28.226,10
2013,9,11,21,4,37,3.1,-16.0576,23.2186,10
2013,9,12,0,40,0,3.3,-11.887,29.896,10
2013,9,21,11,40,22,3.4,-13.843,28.652,10
2013,9,27,3,34,24,3.5,-3.4261,28.7188,10
2013,9,30,18,11,44,3.7,-19.028,26.2929,10
2013,10,1,11,20,19,4.2,-14.04,30.06,10
2013,10,2,14,23,22,4.3,-13.4786,31.732,32.5
2013,10,4,9,36,37,3.1,-16.872,27.343,10
2013,10,13,23,41,24,3,-9.8484,29.5464,10
2013,11,1,18,36,56,3.9,-8.817,31.232,10
2013,11,8,15,9,46,3.7,-21.633,25.944,0
2013,11,30,19,20,17,5.5,-0.996,26.938,13.9
2013,12,1,8,14,2,5,-1.0038,26.8447,9.75
2013,12,2,18,54,2,4.3,-1.2092,26.9144,10
2013,12,2,19,18,7,4.6,-24.964,28.566,15
2013,12,11,14,22,28,3.2,-24.496,22.827,10
2013,12,19,12,15,1,3.4,-23.7735,27.2998,10
2013,12,19,21,26,41,4,-1.25,32.3945,10
2013,12,30,17,39,45,3.4,-6.1319,35.1114,10
2014,1,18,9,52,59,3.4,-21.459,25.57,10
2014,1,20,20,10,2,3.5,-2.0897,27.6442,10
2014,1,22,8,31,10,3.2,-23.316,24.598,10
2014,1,28,8,7,59,4.2,-4.465,35.7221,10
2014,1,31,3,18,58,3.1,-16.813,27.264,10
2014,1,31,3,19,4,3.3,-16.852,20.771,10
2014,2,19,19,40,43,3.2,-4.2819,38.6236,10
2014,2,19,20,9,18,3.2,-5.0827,35.7682,10
2014,2,25,6,45,38,4,-11.0656,34.5841,0
2014,3,1,17,20,58,3.9,-23.7216,23.8265,10
2014,3,3,2,5,16,4.1,-15.1562,27.0816,8.7
2014,3,4,12,27,29,3.2,-23.557,27.364,16.2
2014,3,5,13,11,27,3.4,-23.806,28.605,0
2014,3,7,11,8,20,3.5,-21.5411,25.8209,10
2014,3,8,2,12,28,3.5,-17.9899,26.2455,13.8
2014,3,15,23,14,22,3.8,-18.03,26.87,10
2014,3,21,6,53,2,3.3,-24.195,25.576,10
2014,3,21,15,29,58,4,-21.1851,25.7934,10
2014,3,27,10,0,13,3.1,-24.295,26.909,10
2014,4,1,8,46,31,3.1,-24.719,27.879,2
2014,4,2,15,21,22,3.1,-23.725,23.397,10
2014,4,10,10,52,55,3.5,-24.8232,29.0495,10
2014,4,10,12,2,23,3.5,-24.176,28.5885,10
2014,4,10,13,46,31,3,-24.39,23.432,3
2014,5,9,4,0,16,3.9,-24.401,26.6179,25.3
2014,5,21,18,36,20,3.5,-15.5805,29.9862,10
2014,6,3,4,39,26,3.8,-16.5986,28.1578,7
2014,6,3,14,7,52,3.2,-24.347,23.948,0.1
2014,7,5,22,51,24,3.6,-12.7456,28.1627,10
2014,7,19,5,8,35,3.2,-9.494,33.694,10
2014,7,19,6,30,57,3.7,-14.942,26.219,0.1
2014,7,24,19,45,54,4.5,-14.1777,25.6984,13.5
2014,7,25,11,47,37,3.4,-23.432,26.31,10
2014,7,27,0,59,38,4.4,-14.5532,25.5247,10
2014,7,29,13,57,1,4.1,-5.5998,35.7248,10
2014,7,30,0,19,45,3.9,-7.2531,37.9306,15.5
2014,8,1,8,34,46,3.9,-23.507,24.195,15
2014,8,7,9,13,34,3.4,-24.396,26.944,10
2014,8,10,21,33,39,3,-8.752,33.148,10
2014,8,12,21,37,59,3,-12.445,32.512,10
2014,8,13,10,35,44,3.5,-7.7846,31.7798,10
2014,8,26,9,7,49,3.4,-11.513,34.478,10
2014,9,2,21,1,39,3.1,-10.525,34.256,10
2014,9,4,23,25,48,3.1,-9.805,33.992,10
2014,9,10,1,4,51,3.5,-7.9805,30.7133,10
2014,9,14,2,26,50,3,-7.59,29.473,10
2014,9,24,19,38,15,3.9,-8.8758,29.7218,10
2014,10,1,19,59,22,4.1,-22.929,24.142,0
2014,10,31,16,50,1,4.4,-5.4169,35.7806,7.4
2014,10,31,17,4,58,5.2,-5.3144,35.8625,4
2014,11,9,14,6,47,4,-22.884,28.279,10
2014,11,10,16,36,22,3.6,-24.764,22.514,10
2014,11,11,3,20,50,5,-4.835,29.367,15
2014,11,18,19,39,12,4.2,-7.1173,31.2235,10
2014,11,20,17,10,20,4.2,-5.546,29.6521,20
2014,11,20,23,56,1,4.2,-0.3857,29.6535,10
2014,11,21,9,57,56,4,-4.5156,35.9106,4.4
2014,12,7,11,16,59,4.5,-7.8523,30.078,10
2014,12,30,6,20,16,3.6,-24.1776,26.5898,6.6
2014,12,30,7,54,46,3.7,-24.086,26.576,5
2014,12,30,15,8,49,4,-23.121,24.117,0
2014,12,31,19,47,35,5.2,-9.9804,33.7494,11
2015,1,3,9,35,31,3.6,-2.2724,28.6024,22
2015,1,28,22,30,14,3.9,-5.7483,28.6586,28.5
2015,2,13,8,35,23,4.2,-0.2714,29.733,17.25
2015,3,11,0,11,1,3.9,-4.928,34.4386,10
2015,3,21,8,14,36,3.7,-3.163,28.8768,10
2015,4,9,1,10,40,3.5,-9.3854,34.4223,10
2015,4,26,22,32,5,3.8,-13.0577,31.7083,11.9
2015,4,27,14,1,10,3.4,-22.844,21.967,5
2015,5,10,13,16,39,3.3,-24.912,29.68,5
2015,5,21,13,19,9,4.1,-3.4134,29.819,10
2015,6,1,15,2,9,3.3,-23.52,23.836,10
2015,6,2,11,46,40,3.4,-24.219,24.644,10
2015,6,4,20,39,53,3.1,-18.1546,24.5841,10
2015,6,17,8,32,49,4.1,-17.0173,35.1424,12.25
2015,6,29,21,0,43,4.1,-2.8297,27.7903,26.1
2015,7,16,8,7,4,5.2,-9.025,29.551,10
2015,7,16,15,40,20,4.1,-21.655,25.718,32.1
2015,7,26,5,58,17,3,-19.641,23.621,5
2015,8,7,1,25,2,5.8,-2.1425,28.9329,12.6
2015,8,7,1,28,37,5.5,-2.1104,28.9339,3.1
2015,8,7,1,50,27,4.3,-2.1307,28.7634,19
2015,8,7,8,5,55,3.7,-2.2698,29.1143,10
2015,8,15,7,33,27,4.3,-13.585,34.4369,31.6
2015,8,25,17,40,34,4.3,-16.8857,35.2391,10
2015,10,14,9,10,40,4.6,-17.781,34.9592,14.25
2015,10,20,7,24,6,4.1,-15.635,26.846,0.5
2015,10,26,14,45,47,4.1,-24.759,28.84,10
2015,10,28,12,58,23,4.5,-21.903,29.722,0
2015,11,8,8,6,36,3.8,-1.0535,29.2061,10
2015,11,14,15,2,4,4.1,-19.663,25.421,10
2015,11,25,9,38,13,4.3,-0.1964,29.8475,24
2015,11,26,21,5,46,4,-22.598,32.206,10
2015,12,9,17,1,14,4,-20.369,29.562,10
2015,12,10,14,1,26,4.3,-22.041,25.333,10
2015,12,13,8,20,3,4.2,-22.578,29.517,11.5
2015,12,21,15,19,18,4.9,-24.756,23.808,0
2016,1,1,1,2,58,4.4,-21.676,33.209,10
2016,1,1,7,11,31,4.4,-23.3773,29.7251,10
2016,1,5,11,37,21,4,-21.491,32.512,10
2016,1,5,15,7,13,4.1,-24.479,24.953,10
2016,1,7,11,39,6,4.2,-23.399,27.145,10
2016,1,8,11,43,0,4.1,-23.276,26.774,0
2016,1,12,5,58,16,3.9,-17.5603,27.1763,10
2016,1,12,12,12,6,4.1,-23.777,27.724,0.1
2016,1,19,12,2,24,5,-23.626,27.47,0
2016,1,22,3,14,12,5.1,-21.845,32.805,0
2016,1,25,16,54,37,4.6,-21.384,33.014,8
2016,1,26,5,25,34,4.4,-22.404,29.775,7.3
2016,1,29,11,38,33,4.4,-23.434,27.71,3.1
2016,1,31,15,36,6,4.4,-21.387,25.58,0
2016,2,4,4,55,38,4,-17.811,28.059,19.2
2016,2,4,12,44,0,4.9,-1.5478,28.4584,14.25
2016,2,4,14,27,29,4.4,-1.8407,28.4161,10
2016,2,15,11,35,11,4.1,-23.8598,29.581,10
2016,2,23,14,17,10,4.2,-24.873,27.351,34.1
2016,2,23,14,44,50,4,-22.068,25.791,4.3
2016,3,20,6,11,17,3.3,-17.378,27.175,26.8
2016,3,28,20,10,5,3.7,-19.3778,23.8648,10
2016,5,8,4,27,48,3.7,-1.4926,28.2731,10
2016,5,19,5,2,15,3.8,-1.5509,28.3416,10
2016,6,11,1,5,16,3.9,-0.5749,29.4158,10
2016,6,12,3,39,3,4.1,-23.99,30.8118,28.8
2016,6,19,10,49,25,3.5,-21.5069,33.0738,10
2016,6,22,8,12,55,4.2,-13.2407,31.8186,27.5
2016,8,6,22,46,39,3.9,-12.9393,34.6311,10
2016,9,1,22,47,53,3.7,-1.8031,29.6121,10
2016,9,10,12,27,30,5.9,-1.0669,31.5514,21.8
2016,9,20,17,56,54,3.8,-21.497,33.1009,15
2016,10,8,14,7,21,4.1,-13.6255,34.6296,58
2016,10,8,17,58,39,3,-17.681,27.289,10
2016,10,18,16,45,50,3.2,-17.507,34.741,10
2016,11,8,13,49,16,3.2,-16.9766,28.3022,10
2017,1,8,23,3,36,3.1,-14.557,26.402,10
2017,1,17,21,43,7,4.1,-1.153,29.132,0
2017,1,26,2,2,33,4,-0.078,29.673,0
2017,2,7,22,45,27,4.1,-2.074,28.543,0
2017,2,10,16,43,37,4.4,-18.006,35.474,7.2
2017,2,28,12,23,45,4.1,-1.925,29.469,0
2017,4,3,17,40,17,6.5,-22.687,25.188,23.8
2017,4,3,17,50,16,4.9,-22.165,24.999,15
2017,4,3,17,57,52,3.8,-22.658,25.1386,10
2017,4,3,18,11,26,4.2,-22.5667,24.9786,19
2017,4,3,18,11,47,4.6,-22.5788,25.2514,10
2017,4,3,18,20,42,4.4,-22.9122,24.7721,10
2017,4,3,18,38,10,3.4,-22.7213,25.0538,10
2017,4,3,20,9,48,3.5,-22.7168,25.0641,8
2017,4,3,23,16,21,4,-22.6246,25.2533,10
2017,4,4,4,19,21,3.3,-22.6674,25.2388,22.1
2017,4,4,9,39,44,3.3,-22.661,25.001,10
2017,4,4,15,46,33,3.1,-22.986,25.126,10
2017,4,4,18,53,7,3.8,-22.6967,24.8752,10
2017,4,4,19,41,56,3.8,-22.6581,25.3166,10
2017,4,5,0,55,50,4,-22.541,25.099,15
2017,4,5,12,26,41,3.3,-22.339,24.757,10
2017,4,5,15,2,34,3.1,-22.656,24.852,10
2017,4,5,22,46,58,3.2,-22.713,24.9261,10
2017,4,6,2,30,20,4.1,-22.7732,25.0405,12.2
2017,4,6,5,25,56,3.1,-22.6853,25.0656,10
2017,4,6,7,33,57,3.9,-22.7556,24.923,10
2017,4,7,2,8,16,3.4,-22.7638,25.0176,10
2017,4,7,21,8,50,3.2,-22.66,25.322,0
2017,4,8,17,31,26,3.1,-22.747,24.468,10
2017,4,8,19,55,32,3.7,-22.56,25.062,14.3
2017,4,10,2,51,0,3.1,-22.6039,24.9511,10
2017,4,10,8,17,33,4.3,-0.1582,29.8514,17
2017,4,10,20,54,32,3,-22.558,25.106,10
2017,4,27,6,32,29,3.5,-18.5932,23.5931,10
2017,4,29,22,28,29,4,-1.271,31.6121,10
2017,5,3,20,14,6,4,-2.022,31.444,0.1
2017,5,6,18,0,4,3.2,-22.635,25.094,10
2017,5,18,23,20,49,3.9,-22.6386,25.0178,10
2017,6,5,17,31,0,4.1,-3.668,36.975,0
2017,6,9,12,51,12,4,-0.804,33.418,0
2017,6,12,12,42,3,4.2,-3.1514,35.9068,12
2017,6,21,7,10,29,4.2,-22.6532,25.1686,10
2017,6,24,10,32,15,3,-22.5203,25.0116,10
2017,7,2,10,43,31,4.2,-24.621,27.322,10
2017,7,2,11,59,44,4.1,-23.532,27.467,8.6
2017,7,3,6,38,17,4.6,-22.721,25.448,10
2017,7,4,11,37,5,3.9,-22.569,25.044,15
2017,7,14,19,52,43,3.3,-22.7512,25.2586,10
2017,7,18,11,49,29,4.1,-2.555,36.19,4.2
2017,7,27,6,50,19,3.4,-16.8819,35.126,10
2017,7,30,7,2,29,5.4,-0.2257,29.7594,16.4
2017,8,3,23,30,42,3.7,-22.5335,25.1341,10
2017,8,12,2,37,47,3.8,-23.593,25.657,19
2017,9,16,4,17,51,4,-21.3391,33.0416,15
2017,9,16,4,44,42,4,-2.4573,28.8517,12
2017,9,22,15,49,18,3.1,-22.6122,25.1441,10
2017,10,9,5,10,6,3,-24.718,32.526,5
2017,10,15,23,17,51,4.2,-24.5739,32.3872,14.9
2017,10,17,2,38,17,3.3,-15.812,34.168,10
2017,10,21,4,13,13,3.9,-15.7221,34.6146,10
2017,10,26,6,33,55,3,-22.5647,24.8668,10
2017,11,1,12,12,41,3.6,-22.649,25.099,15
2017,11,2,9,3,43,4,-15.3447,28.5408,10
2017,11,2,19,37,55,3.9,-22.6778,24.8844,10
2017,11,23,19,33,34,4,-22.3813,25.0646,10
2018,1,9,9,0,59,4.4,-1.6551,28.4483,14.75
2018,3,8,8,49,45,5.6,-16.76,35.4269,18
2018,4,7,8,55,7,4.2,-11.0726,32.7564,14
2018,8,4,15,40,32,3.1,-17.35,25.18,5
2018,8,5,10,58,28,3.8,-2.902,35.68,15
2018,8,8,2,33,10,3.4,-14.3358,27.9276,10
2018,8,8,21,7,21,4.1,-3.7778,35.6309,10
2018,8,22,5,30,35,3.6,-4.774,34.879,15
2018,8,24,23,32,45,3.8,-18.0663,35.5167,10
2018,9,2,4,2,30,3.1,-16.701,35.417,10
2018,9,2,5,52,22,3.8,-0.3926,29.5036,10
2018,9,2,23,55,51,3.9,-2.8649,29.3926,10
2018,10,1,5,58,3,4.3,-0.8129,29.3281,10
2018,10,21,10,39,14,3.19078971217665,-13.6678,34.8544,20.1
2018,10,22,2,31,45,3.42824252213717,-16.9883,35.4456,0
2018,10,23,2,19,54,3.9871921456965,-14.6183,34.9942,15.6
2018,10,26,23,50,15,3.65855866495993,-13.5089,34.6069,15
2018,10,29,7,26,41,3.03716883381189,-14.0906,33.91,3.9
2018,10,29,12,42,4,3.35924699069474,-14.2367,34.6747,14.7
2018,10,30,6,0,2,3.20539098314204,-14.8567,35.6192,0
2018,10,30,22,4,55,3.1,-20.6828,22.3017,10
2018,11,1,5,49,39,3.21765398952876,-14.9606,34.8839,23.2
2018,11,1,22,2,37,3.14128860249047,-13.9864,34.8322,28.8
2018,11,2,5,18,30,3.18609388975106,-15.0764,35.4169,5.8
2018,11,4,6,42,21,3.13819205314461,-13.3561,34.4442,15
2018,11,10,3,36,46,3.00210937427155,-14.7942,35.0539,18.3
2018,11,10,5,0,36,3.55640336914887,-13.5697,34.4142,19.8
2018,11,10,15,9,19,3.13933643870684,-14.7797,35.1575,2.7
2018,11,12,10,2,44,3.55540690435189,-14.7872,35.0442,12.1
2018,11,13,12,49,52,3.11825163849489,-14.0942,34.9128,23.7
2018,11,16,9,6,32,3.29514842575391,-14.8736,35.3072,8.1
2018,11,16,23,39,29,3.51147705620215,-13.7914,35.5733,23.5
2018,11,20,11,40,11,3.28578606620657,-14.0228,34.785,29.9
2018,11,23,10,13,2,3.01965762685969,-13.9475,34.4294,14.5
2018,11,24,11,23,22,3.55002735440051,-13.8792,34.8175,29
2018,11,28,8,32,28,3.00902458011366,-13.6586,34.8922,15.2
2018,11,28,14,43,23,3.44040311165651,-14.3378,35.6489,0
2018,12,1,18,36,48,4.2,-0.1497,29.5378,10
2018,12,2,7,23,56,3.24124569455358,-16.8939,35.6697,0
2018,12,3,21,54,20,3.42508763182978,-15.4094,33.6275,3.2
2018,12,8,12,51,26,3.84503628811958,-16.3411,33.8764,0
2018,12,11,3,52,40,3.06869779770678,-15.0953,35.2097,15.9
2018,12,13,2,5,52,3.18797710578856,-16.3672,35.0028,0
2018,12,14,4,58,29,3.03684956840998,-13.9925,34.8014,29.5
2018,12,15,9,55,7,3.23817412744014,-13.8383,34.8506,29
2018,12,15,21,22,37,3.00347038495478,-15.3653,35.0172,15
2019,1,16,22,31,24,3.9,-17.0817,35.0095,10
2019,2,7,8,52,38,3.7,-3.3005,37.3751,10
2019,2,12,17,38,47,3.9,-0.0206,29.7241,10
2019,2,16,21,45,32,3,-17.1381,28.4938,14
2019,3,24,16,21,15,4.6,-3.0611,38.1513,10
2019,4,7,3,17,3,4.2,-0.0735,28.2219,10
2019,4,14,15,34,44,3.1,-18.0922,24.9762,10
2019,4,19,8,56,49,4.2,-2.5806,29.0206,10
2019,6,20,9,50,55,4,-13.3833,34.612,10
2019,7,1,14,8,55,3.3,-23.8564,26.3381,10
2019,7,3,13,1,30,4,-16.189,29.425,13.6
2019,9,23,18,42,47,3,-17.6573,27.5629,10
2019,9,26,13,18,23,3.2,-22.7637,24.9946,12.8
2019,10,18,16,44,0,3.4,-24.6374,27.0917,10
2019,11,7,1,58,34,4.5,-16.9928,27.9628,5.1
2019,11,21,8,33,33,3.2,-19.056,23.52,24.4
2019,12,26,22,7,4,4.2,-16.9638,35.4394,10
2020,1,28,22,32,6,4.6,-0.2431,29.7646,10
2020,1,30,13,1,10,4.4,-0.042,30.1568,24.4
2020,2,10,10,49,44,3.6,-20.1437,23.2469,10
2020,3,19,22,35,49,4.3,-0.792,29.7626,10
2020,6,2,5,44,13,4.6,-4.632,35.8795,10
2020,6,2,5,48,59,4.5,-4.4214,35.6219,10
2020,6,21,13,56,49,4.2,-1.5756,28.549,10
2020,7,4,3,10,54,3.3,-18.983,23.426,14.7
2020,7,16,1,23,20,4.4,-2.6865,29.1019,10
2020,8,20,11,23,29,4.3,-0.3309,28.4062,0
2020,10,7,13,41,58,3.6,-18.493,24.395,23.9
2020,10,23,1,10,50,3,-23.473,23.981,10
2020,12,20,10,44,44,3.6,-24.7146,26.1042,5
2021,2,1,1,29,6,4.3,-11.7416,34.6238,10
2021,2,6,2,18,38,4.1,-21.32,25.636,38
2021,2,6,2,18,53,3.5,-20.15,22.896,5
2021,2,9,23,25,47,4.5,-1.1904,28.6712,10
2021,2,25,14,29,43,4,-1.9974,28.6793,0
2021,2,26,3,8,0,3.2,-0.4099,31.7932,10
2021,3,11,1,47,11,4.1,-1.7317,34.2734,0
2021,5,23,13,7,53,4,-1.8196,29.326,0
2021,5,24,8,37,24,4.1,-1.3463,29.0532,0
2021,5,25,8,19,53,4,-1.7806,29.4125,0
2021,5,25,9,3,0,4.3,-1.5601,29.2093,0
2021,5,25,10,40,43,4,-1.7792,29.326,0
2021,5,25,12,16,25,4,-1.8352,29.3218,0
2021,5,25,20,38,9,4.1,-1.643,29.2127,0
2021,5,26,3,46,30,4.2,-1.7399,29.2902,0
2021,5,26,7,1,18,4.2,-1.812,29.487,10
2021,5,26,8,51,57,4.1,-1.703,29.112,0
2021,5,26,17,32,53,4.1,-1.6672,29.1312,0
2021,5,26,23,19,31,4,-1.716,29.2239,0
2021,5,26,23,26,55,4.1,-1.8356,29.22,0
2021,5,27,3,23,50,4,-1.617,29.1204,0
2021,5,27,9,33,51,4,-1.7271,29.1788,0
2021,8,9,1,39,38,4,-17.6567,27.551,0
2021,9,7,1,48,19,4.1,-2.2112,28.7899,0
2021,10,16,0,23,25,4.1,-0.2733,29.686,0
2022,1,1,21,14,38,3.7,-4.6882,34.9136,0
2022,1,7,16,45,34,3.9,-13.9071,34.9167,0
2022,2,15,10,43,49,3.7,-5.2912,35.3297,0
2022,2,17,15,18,36,3.7,-4.5644,35.0578,0
2022,3,6,8,59,46,3.9,-0.67,29.5905,0
2022,3,19,7,18,6,3.9,-4.5612,35.1071,0
2022,4,2,20,2,9,3.7,-3.6676,37.8028,0
2022,5,24,9,15,0,4.8,-17.688,27.484,10
2022,6,3,12,3,1,3.5,-5.2782,35.8809,0
