DateTime,Magnitude,Latitude,Longitude,Depth
0006-08-18 14:24:35,0.7,-46.4,-76.13,72.68
0009-10-06 14:20:19,0.0,-62.66,-116.72,458.09
0014-02-12 18:07:02,0.29,88.23,-41.69,257.92
0016-10-18 00:03:19,0.29,-62.09,-124.53,488.06
0017-06-04 21:15:41,0.44,71.66,-92.94,475.01
0019-09-15 09:53:34,0.25,28.61,-139.59,402.22
0021-08-20 21:55:39,1.7,-57.59,173.17,81.92
0025-05-14 09:46:36,0.53,89.2,-111.33,339.94
0025-05-25 05:41:33,1.72,-88.86,-55.53,164.52
0028-01-13 10:09:48,0.12,60.74,108.02,580.72
0033-02-23 10:34:51,0.56,59.62,83.59,606.59
0043-09-04 07:50:38,0.13,3.06,116.41,440.44
0045-05-01 03:23:46,0.07,14.05,127.03,735.36
0046-07-12 21:58:28,0.18,-40.49,-48.54,76.81
0046-09-18 02:42:30,0.06,42.67,179.73,154.72
0047-02-27 06:50:28,0.06,3.8,116.34,308.8
0049-10-06 19:45:07,0.99,28.27,70.35,70.21
0050-02-22 09:24:43,0.07,67.54,-80.71,681.99
0053-11-19 08:53:16,0.5,-23.2,-179.68,15.34
0056-07-27 07:01:16,1.15,62.69,-77.97,466.49
0057-07-27 13:02:33,1.95,49.99,-151.51,508.88
0060-04-16 19:28:31,1.11,21.82,119.47,312.4
0061-10-05 07:52:36,0.13,72.86,-58.49,1.17
0061-10-23 18:40:51,0.39,60.23,-121.05,643.05
0062-11-24 02:12:50,0.14,26.76,57.97,505.4
0063-09-10 07:03:09,0.4,54.61,-61.31,144.96
0065-02-18 00:04:23,0.02,-60.09,-7.4,503.77
0065-12-21 10:07:16,0.19,8.55,-48.67,601.85
0067-04-10 02:04:16,0.24,14.91,-165.28,469.03
0067-04-19 22:48:11,0.69,-60.04,-5.28,468.63
0069-02-02 13:31:55,0.05,-71.6,-66.31,266.16
0074-02-20 09:24:26,0.18,56.58,-157.23,191.1
0078-08-26 13:52:07,1.64,-36.68,-95.06,108.62
0079-05-28 00:02:23,1.26,-36.7,143.19,400.28
0081-03-27 22:31:38,0.12,56.51,54.0,381.36
0081-11-26 16:20:02,0.4,22.12,-94.01,214.76
0082-11-08 22:18:32,0.36,-55.64,-153.44,361.77
0084-05-18 08:14:29,0.06,-87.1,92.54,380.85
0093-05-10 12:12:44,0.04,-57.68,-43.81,119.68
0096-11-02 12:15:52,0.03,-83.75,44.67,793.1
0097-06-19 08:03:26,0.24,-10.34,89.96,582.83
0101-06-18 17:17:14,0.11,44.72,65.1,417.29
0102-11-12 06:19:49,0.09,55.9,-71.37,340.52
0106-02-09 16:04:43,0.08,-47.03,-38.6,168.21
0108-01-25 09:24:18,0.85,53.14,-144.16,278.09
0118-09-22 04:46:56,0.6,-51.64,-94.62,761.23
0120-01-13 04:05:00,0.28,-3.85,-111.8,476.98
0121-02-25 18:09:27,0.11,31.51,-99.98,661.67
0124-06-21 03:18:23,0.4,52.16,163.22,699.83
0125-01-23 01:44:49,0.15,77.47,165.78,600.12
0127-12-20 21:44:25,0.59,-43.95,-152.21,611.62
0128-12-21 15:28:52,0.13,68.58,-3.5,719.53
0129-06-12 07:03:49,0.3,86.92,-40.76,367.15
0130-09-15 00:35:20,0.29,-68.83,-97.86,622.03
0131-06-06 11:11:37,0.2,-49.25,125.54,145.46
0131-08-16 17:29:40,0.48,-17.81,-1.12,490.0
0134-12-25 03:08:47,0.16,-85.07,120.65,143.33
0135-05-22 08:02:35,0.32,-80.9,-87.75,78.8
0139-08-24 13:50:56,0.26,77.65,43.86,654.68
0140-08-08 12:57:42,0.11,-6.21,92.03,363.27
0140-11-16 02:10:13,0.05,10.87,-6.52,440.03
0144-12-02 02:13:22,0.89,39.51,26.1,472.16
0153-05-21 01:43:04,0.92,-1.71,-51.39,505.1
0153-08-08 19:24:22,0.55,-64.1,137.32,374.8
0157-08-07 19:52:40,0.54,-32.16,146.36,280.63
0161-12-20 00:51:50,0.14,-13.43,76.0,324.01
0163-01-09 02:10:32,0.46,-77.13,136.82,297.32
0165-10-27 18:09:20,0.01,40.05,-13.09,1.69
0168-07-23 15:32:07,0.97,-43.27,-29.17,22.88
0179-05-08 14:41:11,0.15,-83.77,76.28,606.8
0181-11-17 11:36:02,0.08,-48.97,47.02,84.81
0182-01-26 22:35:44,0.24,-50.74,116.03,758.41
0182-03-15 01:09:26,0.3,67.94,-152.83,728.42
0186-10-06 03:23:51,0.68,7.24,158.65,236.25
0188-05-09 11:29:07,0.87,-53.29,10.78,401.52
0188-12-01 15:44:05,1.06,73.64,134.52,15.35
0189-05-15 20:28:14,0.32,58.64,59.03,341.34
0192-10-16 11:26:22,0.85,9.16,173.1,694.41
0196-08-04 12:15:37,0.36,-8.95,-131.12,393.85
0198-11-15 23:20:30,1.41,-27.37,-167.55,90.06
0199-03-13 03:02:59,0.25,-8.48,-134.03,450.09
0202-11-27 11:19:53,0.01,-73.09,11.45,297.34
0203-01-12 03:12:59,0.18,-74.6,-49.91,253.96
0203-05-13 04:28:42,0.17,1.86,-115.49,682.84
0204-04-27 08:13:55,0.22,37.69,-62.5,399.21
0207-07-22 17:44:31,0.17,-58.79,53.63,96.22
0209-02-24 18:40:31,0.29,89.59,-77.75,780.99
0209-07-06 15:42:00,0.2,82.25,23.64,553.72
0213-08-02 08:06:31,0.85,27.49,177.43,515.16
0217-04-07 08:35:06,1.69,60.55,-85.84,179.43
0220-02-01 08:48:56,0.22,9.81,54.62,155.81
0221-06-14 07:17:12,0.34,-45.82,-44.6,13.04
0222-06-21 13:04:25,0.5,4.98,71.59,526.82
0222-08-26 08:32:02,0.38,19.5,-86.11,656.82
0225-03-24 18:56:26,0.39,77.6,-67.17,666.01
0227-05-14 04:41:52,0.28,-22.49,-145.42,588.21
0230-11-14 04:34:20,0.62,-73.18,-67.8,664.85
0234-01-09 19:54:05,1.22,-48.32,-78.2,358.79
0235-06-08 05:39:10,0.22,-12.51,135.19,716.3
0243-05-15 11:21:28,0.22,-74.51,-77.98,161.5
0250-03-08 09:42:59,0.27,45.72,-132.56,205.57
0250-12-18 04:25:19,0.62,-60.86,107.63,702.46
0251-06-23 12:42:17,0.57,77.52,-52.58,111.36
0255-06-08 23:28:51,0.49,79.43,152.41,81.65
0257-03-11 08:15:10,0.0,-44.3,-88.51,754.34
0258-07-26 23:05:33,0.22,-24.62,125.68,413.92
0258-09-02 21:57:28,0.09,14.6,82.51,751.06
0268-02-01 08:47:29,0.63,-85.54,-88.16,232.93
0270-12-19 08:24:37,0.32,-72.48,169.24,248.09
0272-05-23 06:51:20,0.68,9.88,66.84,134.27
0272-12-23 13:15:16,0.37,56.89,-16.57,428.71
0273-11-26 00:45:49,0.24,17.51,101.64,232.61
0279-04-02 09:02:50,0.16,87.57,-167.37,760.71
0286-01-15 16:13:01,0.36,-47.12,139.84,565.56
0286-02-12 01:52:13,1.03,-75.62,-29.62,134.95
0286-04-10 21:18:09,0.04,9.23,-61.39,329.32
0289-07-09 04:24:54,0.92,-37.32,-150.08,721.31
0290-05-28 02:32:19,0.0,-30.2,112.8,226.35
0290-11-03 23:19:19,0.52,52.87,59.6,230.42
0291-10-03 09:25:12,0.62,68.67,143.91,497.76
0295-11-20 23:20:50,0.04,51.51,-36.35,183.32
0299-06-13 07:01:30,0.11,49.58,-23.3,495.95
0300-03-01 18:01:12,0.23,-84.22,-58.49,584.32
0304-11-25 01:41:30,0.01,-49.64,-31.63,504.13
0305-07-22 19:40:37,0.94,-2.12,-140.81,377.54
0306-08-13 04:23:48,0.24,-43.25,-168.38,631.9
0308-03-26 08:33:34,0.16,51.05,-83.79,760.3
0308-05-28 17:55:29,0.09,60.03,46.85,76.45
0308-08-11 23:10:18,0.95,40.96,144.76,184.04
0314-08-14 05:37:09,1.06,-18.64,-166.35,328.73
0314-10-10 22:00:27,1.06,48.13,-46.15,306.57
0323-01-24 23:08:45,0.01,-7.09,-102.67,154.49
0324-02-10 17:36:32,0.47,72.79,75.35,406.76
0325-08-28 10:30:51,0.08,18.38,-66.94,569.11
0329-05-20 18:13:49,0.22,33.83,-162.84,569.58
0331-07-01 10:24:16,0.57,-55.47,-92.22,143.49
0332-04-22 07:59:46,0.09,5.21,149.33,152.64
0333-10-25 06:06:10,0.04,-21.65,-12.64,665.75
0335-03-22 11:57:35,0.19,-33.68,106.87,230.3
0342-02-21 09:53:50,0.56,27.49,-32.82,193.44
0347-10-18 05:13:12,0.35,75.94,120.39,419.63
0350-12-08 15:17:33,0.47,-22.1,-83.93,239.45
0353-10-25 03:36:12,0.19,4.93,-174.63,711.64
0355-12-19 00:41:21,0.09,16.07,-167.38,39.86
0357-07-10 04:13:38,0.13,-29.2,-76.65,210.04
0358-07-23 07:59:12,0.08,-79.88,-151.56,270.76
0359-09-20 04:04:45,0.87,76.21,-156.96,97.67
0359-12-14 21:21:17,0.47,53.28,-36.49,489.95
0360-05-20 02:20:30,0.14,79.28,-120.63,568.72
0362-10-09 18:10:40,0.34,-5.84,-136.85,554.25
0363-01-27 17:36:56,0.97,71.01,-116.66,47.59
0365-09-13 08:00:53,0.98,-61.76,94.03,277.72
0368-03-28 14:46:57,0.08,20.03,163.23,360.53
0371-03-04 19:37:30,1.44,51.56,-139.82,691.77
0371-09-28 04:18:00,0.12,5.93,27.51,288.14
0372-07-25 10:32:53,0.18,17.59,-120.43,138.83
0374-05-12 21:15:58,0.79,-40.37,174.21,152.59
0374-08-24 09:29:08,0.07,38.36,109.25,609.95
0375-06-27 02:03:42,0.93,74.69,76.7,695.34
0376-08-11 07:08:28,1.13,-87.29,163.3,231.23
0379-10-27 20:03:27,0.88,71.89,71.7,470.79
0384-08-24 06:54:32,0.21,53.71,53.78,51.09
0386-05-11 23:37:23,0.18,-77.47,16.14,485.76
0388-09-23 15:41:23,0.07,4.8,132.7,535.01
0388-11-03 06:21:03,0.13,76.39,-168.24,662.37
0391-10-22 05:45:57,0.14,62.29,-20.28,436.57
0394-03-02 04:04:12,0.4,-80.61,-70.9,423.14
0394-06-06 11:06:58,0.22,24.42,138.4,89.17
0397-08-13 07:56:44,0.27,1.27,30.34,50.81
0398-02-14 00:56:28,0.86,23.47,-150.5,61.32
0398-10-21 17:39:23,1.55,21.85,72.54,349.33
0400-03-24 01:23:22,0.79,0.24,81.61,727.28
0400-07-24 21:38:10,0.79,-38.11,-78.07,537.18
0400-08-17 11:11:56,0.19,42.8,-121.97,144.52
0400-10-27 18:32:30,0.41,23.35,28.77,754.8
0404-04-04 15:27:46,0.24,35.05,137.84,448.97
0404-11-21 06:52:52,0.26,-76.98,-149.83,456.15
0408-07-04 08:42:59,0.25,-28.44,76.87,272.58
0409-01-14 03:28:27,0.18,8.71,-127.02,724.67
0409-02-13 01:38:43,0.98,-38.94,-146.84,206.14
0411-03-23 01:28:24,0.13,-21.46,84.11,745.83
0411-05-22 23:03:10,0.07,51.47,-103.8,609.87
0412-06-17 07:42:18,0.02,72.79,169.03,335.67
0412-09-26 09:45:27,0.01,-68.31,-1.17,176.07
0413-08-14 13:27:03,0.29,-85.69,-121.5,476.63
0414-12-14 05:43:43,0.27,10.63,9.74,602.09
0417-03-12 13:22:56,0.02,81.41,24.96,72.99
0418-09-04 00:45:24,0.0,-27.04,-39.97,357.46
0418-10-04 17:14:11,0.04,-0.29,-155.86,568.17
0418-10-16 01:01:22,0.1,-70.98,175.74,208.38
0420-05-02 01:49:10,0.07,30.85,-142.29,692.69
0423-08-15 10:40:55,0.3,-75.89,115.24,547.12
0424-01-22 05:35:04,1.18,-66.31,-80.51,743.09
0432-03-19 09:52:08,0.04,-72.95,54.8,226.52
0432-04-07 21:46:29,0.07,42.77,33.35,260.37
0434-08-12 14:14:19,0.23,-9.14,95.75,198.03
0435-02-16 10:56:36,0.6,-31.17,-90.73,259.65
0439-04-14 18:41:18,0.1,45.49,30.8,603.02
0440-01-15 08:58:37,0.63,4.11,-95.81,617.52
0440-12-13 07:58:25,0.1,89.26,135.45,509.46
0442-02-08 17:52:02,0.16,55.97,-3.85,249.76
0442-05-02 17:59:17,0.38,-38.02,139.47,656.55
0442-09-10 15:25:14,0.4,-83.1,-48.04,528.46
0443-12-21 00:25:57,1.04,4.75,-46.13,721.72
0445-02-17 13:32:02,0.38,15.4,-70.53,639.01
0447-11-02 14:58:03,0.89,-39.73,-4.17,571.69
0449-08-13 12:42:51,0.03,-48.8,-52.43,324.91
0450-03-23 03:36:00,0.01,-40.87,121.56,78.83
0451-09-05 16:57:44,0.84,74.07,124.5,509.67
0452-07-03 22:04:38,0.09,31.08,60.81,289.32
0455-10-06 20:18:26,0.19,-21.5,85.72,415.31
0460-08-15 15:55:37,0.2,74.95,63.43,485.1
0463-04-07 20:13:18,0.33,-25.92,-83.07,192.46
0468-05-03 22:14:12,0.28,-50.02,-40.97,772.99
0468-09-13 01:23:34,0.16,57.74,73.55,571.76
0470-03-15 03:10:52,0.34,86.0,66.54,463.74
0470-09-17 15:31:40,0.23,55.76,-73.74,588.24
0473-01-17 13:29:43,0.28,-24.27,64.86,441.23
0475-02-03 23:22:56,0.63,-47.09,-11.85,360.0
0479-03-04 11:18:45,1.65,-20.06,-68.19,60.19
0479-09-02 22:01:33,1.9,27.13,64.24,559.23
0480-09-11 20:14:42,0.65,18.68,-87.53,434.59
0483-09-18 05:18:42,0.06,-44.64,86.2,780.36
0485-04-20 09:53:19,0.7,2.49,-124.55,141.43
0485-05-24 23:56:55,0.04,-51.61,122.78,10.44
0487-02-26 02:59:42,0.64,88.95,30.46,453.46
0488-11-05 09:37:44,0.0,-31.78,-30.99,791.47
0489-02-04 13:24:12,0.92,-5.54,115.9,476.28
0489-09-22 22:57:13,0.42,-61.37,-136.8,799.04
0492-01-13 02:50:44,0.45,-85.92,22.76,192.29
0494-01-17 01:15:39,1.17,15.66,3.13,154.8
0494-04-14 15:03:35,0.35,51.28,-119.14,530.48
0494-12-22 12:43:14,0.05,35.78,160.21,361.37
0495-08-14 18:47:58,0.07,60.98,40.04,750.32
0498-04-08 06:40:48,1.2,-87.77,-133.74,630.26
0498-09-16 12:08:40,0.02,-87.54,125.09,432.37
0499-06-03 01:12:58,0.18,16.15,140.19,236.33
0500-10-17 16:00:02,1.45,-63.84,153.18,321.39
0505-12-04 03:00:43,0.38,-16.51,-148.33,269.33
0506-05-08 13:16:42,0.0,-27.06,-1.66,670.21
0511-01-16 10:29:33,0.0,-65.48,-128.04,177.75
0515-08-02 13:51:23,0.25,2.66,74.98,795.87
0515-09-17 09:38:20,0.12,-42.78,149.96,154.87
0517-10-11 15:32:50,0.11,-13.78,158.58,347.45
0517-11-14 09:06:38,0.18,-72.18,128.63,142.69
0519-09-23 12:43:31,0.15,52.66,121.53,466.13
0521-02-18 16:31:06,1.46,22.41,127.09,49.18
0522-01-22 00:44:01,0.03,-2.9,95.46,181.37
0523-07-12 05:21:33,0.07,-50.92,34.96,40.38
0523-08-04 01:13:48,1.07,-87.54,-151.35,257.27
0525-08-05 08:09:55,0.02,-14.49,-50.66,794.97
0528-05-25 18:54:56,0.26,-39.59,-153.42,83.23
0531-10-09 17:44:23,0.15,31.41,-106.99,751.21
0531-12-18 15:06:22,1.07,-29.93,-9.55,612.18
0533-10-07 02:35:26,0.73,-55.56,-22.94,388.53
0538-03-10 01:43:07,0.76,-76.7,-9.34,642.4
0539-08-21 20:13:46,0.76,-45.53,56.32,653.98
0541-05-23 09:21:30,0.41,-0.83,-81.02,723.63
0544-08-15 03:43:51,0.24,-89.7,-45.61,314.31
0551-01-18 14:36:00,0.06,76.07,-120.47,216.32
0552-02-15 07:26:54,0.19,83.47,-67.25,651.49
0556-10-21 17:46:10,0.26,50.21,-58.13,694.18
0561-11-26 14:44:55,0.58,-89.46,-84.78,576.78
0562-03-13 23:56:52,0.96,53.36,127.15,798.82
0563-06-06 08:53:45,0.25,38.44,-98.17,789.29
0564-02-17 17:27:01,0.79,15.2,15.2,190.31
0566-08-12 19:40:46,0.05,60.49,61.37,273.66
0569-05-01 18:19:49,0.3,49.97,-36.31,730.92
0571-05-12 03:35:58,0.76,64.84,105.68,427.41
0573-09-24 12:33:05,0.53,3.9,58.08,375.9
0575-06-27 03:38:49,0.51,-62.14,120.37,382.44
0575-09-25 12:15:10,0.45,-21.26,-110.32,216.35
0575-12-14 08:21:16,0.5,82.4,-147.91,608.09
0577-08-17 11:13:37,0.17,-12.69,-8.91,35.19
0578-10-25 05:25:36,1.02,-73.84,-142.52,640.08
0579-04-23 00:38:21,0.89,68.9,28.66,564.22
0579-06-17 23:22:34,0.12,-20.52,69.42,562.53
0580-11-16 17:15:15,0.0,-5.16,148.69,379.49
0581-04-06 00:36:59,0.76,62.11,-101.18,750.99
0584-07-25 13:13:10,0.38,26.32,54.58,383.48
0585-07-04 21:50:55,0.62,-67.3,-21.67,339.78
0594-10-26 02:16:51,0.07,36.45,-13.86,647.04
0595-11-10 04:43:48,0.36,84.83,156.61,672.73
0596-01-06 22:15:46,0.19,-19.43,-62.09,596.65
0596-10-28 01:17:21,0.13,-19.86,6.79,682.85
0596-11-25 20:16:12,0.05,13.99,60.83,670.81
0597-11-27 19:39:51,0.52,80.25,26.26,101.04
0598-08-25 05:59:20,0.1,61.47,42.78,619.63
0600-04-27 10:05:01,0.3,-63.07,-36.8,14.01
0603-03-22 08:07:01,0.13,79.14,-0.36,365.16
0603-05-13 14:30:15,0.1,86.18,-5.88,88.38
0603-11-26 01:04:40,0.73,73.93,40.74,12.6
0603-12-18 19:56:38,0.13,-25.13,-66.7,567.75
0607-06-11 21:41:25,0.05,17.67,172.18,96.56
0615-05-19 20:05:45,0.06,12.64,-174.22,600.16
0616-09-17 05:53:46,0.86,72.88,50.57,699.42
0617-09-27 00:54:50,0.31,-39.07,102.05,94.75
0618-06-12 16:47:15,0.01,73.4,-172.88,706.76
0618-09-23 18:05:49,0.38,-59.93,-32.32,378.84
0620-09-03 20:36:48,0.0,-54.32,-179.31,394.04
0620-12-01 10:08:02,0.47,51.08,-73.21,587.42
0621-08-17 12:55:37,0.15,12.19,-168.57,776.7
0627-07-12 11:50:18,0.24,6.08,79.3,632.28
0628-01-06 10:29:49,0.14,52.76,-174.05,407.82
0628-03-26 02:47:39,0.12,2.89,34.99,682.01
0628-07-25 18:08:14,0.22,-32.54,39.81,324.25
0629-04-28 20:05:42,0.37,17.1,125.93,247.12
0631-01-01 05:12:10,0.02,7.18,-55.45,241.25
0633-05-27 20:17:22,0.4,-80.17,105.99,796.18
0634-05-01 04:55:42,3.68,-33.4,21.44,564.02
0639-05-26 22:43:34,0.58,-20.56,170.12,785.12
0645-08-13 17:20:48,0.33,-47.1,-128.27,431.34
0647-12-14 12:33:50,0.12,-77.7,70.58,387.43
0648-06-02 20:56:20,0.02,-67.9,-118.44,627.95
0648-07-01 23:31:59,0.68,-25.77,-129.63,387.69
0649-03-22 17:35:13,0.58,-46.47,22.23,9.45
0655-04-04 05:13:46,0.43,-37.89,-105.14,708.65
0657-03-05 08:41:02,0.11,45.14,97.76,344.97
0659-08-12 20:19:10,0.31,-16.06,176.71,176.28
0661-09-17 09:09:29,0.87,70.76,91.75,734.63
0662-08-22 20:09:52,0.91,37.19,110.95,535.05
0668-04-11 00:15:27,0.19,-88.48,18.17,306.39
0669-06-20 20:15:21,0.22,-54.16,94.8,614.19
0671-04-24 14:27:10,0.19,-53.02,-126.77,75.97
0673-12-20 21:24:01,0.24,-35.56,-89.43,450.14
0674-03-16 03:29:08,0.01,10.52,148.82,792.97
0674-12-06 08:16:33,0.98,4.18,128.18,586.48
0675-02-09 12:41:21,0.52,11.09,135.07,108.38
0675-07-06 07:46:45,0.24,-81.49,59.3,557.37
0676-02-06 12:52:17,0.23,74.42,-64.1,71.36
0676-08-21 08:23:04,1.16,-23.16,156.85,346.72
0679-09-26 10:07:45,0.37,-0.06,8.4,319.89
0680-03-27 12:17:10,0.14,-35.41,-137.44,168.15
0680-11-20 09:01:04,0.71,-53.09,178.53,443.57
0682-05-26 05:50:15,0.36,31.18,-82.11,61.1
0682-11-18 07:50:10,0.72,-14.55,172.26,313.86
0686-02-17 21:39:17,0.06,-17.96,16.34,533.95
0686-06-01 16:06:13,0.62,13.59,10.3,724.63
0688-01-09 22:26:47,0.01,57.48,142.63,261.97
0690-07-04 05:47:09,0.25,-52.84,-139.37,36.98
0693-10-21 16:37:08,0.36,-19.29,-141.75,342.03
0695-05-15 15:44:54,0.68,-35.1,124.56,719.39
0695-07-25 12:31:24,0.07,-30.14,-68.71,268.81
0696-09-12 08:43:52,0.07,-40.99,37.65,168.57
0698-02-01 16:01:23,0.07,27.26,-132.99,530.5
0698-07-01 12:08:37,0.58,72.72,58.59,264.2
0700-03-14 22:29:56,0.34,-17.08,161.55,625.65
0701-08-26 17:35:32,0.05,-38.32,-1.11,493.45
0703-10-06 21:50:02,0.45,-53.18,176.2,618.0
0709-02-21 03:52:02,0.45,-69.02,-81.49,175.77
0709-12-09 13:14:54,0.52,43.56,158.05,596.11
0710-05-20 16:45:19,1.15,0.07,-51.13,232.35
0710-05-24 01:03:48,0.1,-53.75,33.95,363.88
0710-10-05 10:56:48,0.35,-53.42,-116.51,497.11
0710-11-01 21:42:57,0.01,-75.08,57.44,375.89
0715-11-11 03:39:26,0.35,-87.18,-60.68,3.97
0718-08-08 20:11:50,0.19,-21.89,92.37,503.64
0720-05-02 02:17:20,0.39,21.47,-110.34,323.28
0722-06-19 22:40:22,0.18,11.63,-76.01,685.14
0724-07-23 02:53:53,0.03,79.72,40.53,299.47
0727-11-13 23:29:52,0.22,64.89,-75.09,516.25
0733-08-17 22:54:42,0.44,-54.16,54.18,31.16
0734-02-26 06:40:36,0.33,-66.4,122.23,525.01
0736-03-27 12:48:20,0.42,-8.92,51.53,194.38
0737-07-02 21:04:30,0.12,-67.12,139.02,44.75
0740-10-10 13:00:17,0.51,79.21,33.78,778.26
0743-11-23 22:44:06,0.04,-37.33,-124.98,559.02
0745-03-07 23:14:58,0.58,-2.1,43.99,235.32
0748-05-11 08:23:12,0.05,58.94,-3.83,456.36
0748-08-21 08:03:34,0.12,-63.9,-128.01,392.57
0749-01-25 15:31:00,0.38,-42.64,-59.17,23.53
0751-01-07 08:50:18,1.0,48.83,-144.43,344.53
0751-11-12 22:50:17,0.07,5.33,71.82,761.31
0752-03-11 06:03:36,0.45,-65.56,156.54,441.71
0753-04-06 13:39:07,0.68,-45.1,-63.23,651.78
0753-11-08 21:17:02,0.12,53.17,120.94,263.39
0755-01-03 00:23:09,0.81,33.06,140.32,333.87
0760-04-06 22:32:09,0.12,-25.59,-64.43,654.74
0767-02-27 04:22:03,1.0,48.62,-124.79,73.96
0767-11-22 07:19:32,1.3,-41.51,99.96,567.06
0768-11-19 22:14:47,0.15,-10.57,140.8,371.73
0771-06-05 21:14:02,0.93,-85.6,-52.83,511.24
0773-07-11 22:51:39,0.04,-0.28,-130.76,751.16
0775-09-02 18:33:54,0.73,25.87,-17.57,526.98
0780-01-11 14:17:22,0.33,20.79,45.23,27.05
0785-10-27 17:31:39,0.14,-71.48,-34.84,189.64
0788-05-24 19:46:28,0.01,33.66,-44.42,270.76
0789-02-08 03:18:49,0.06,60.96,-97.31,642.12
0791-07-15 19:38:08,0.06,-67.55,119.12,737.68
0793-12-12 10:28:10,0.68,43.53,-176.5,440.5
0795-03-07 16:26:23,0.07,-58.89,-157.41,351.67
0796-06-09 22:57:48,1.07,82.36,137.81,657.4
0796-08-13 04:30:09,0.36,-80.45,179.85,179.67
0796-09-11 20:52:37,0.43,-5.62,84.93,780.04
0797-02-10 06:27:42,0.25,-12.16,64.28,688.29
0797-02-22 00:11:39,0.93,17.27,106.92,423.14
0800-11-07 01:16:03,0.33,-64.64,159.08,584.13
0804-01-23 21:28:04,0.01,-85.77,17.57,213.13
0804-03-18 08:58:34,0.54,49.75,-152.85,590.64
0804-07-03 18:42:18,0.2,-73.09,146.54,419.86
0805-09-21 05:38:48,1.32,56.24,-35.67,420.85
0812-10-20 18:47:48,0.44,-28.69,64.0,735.54
0814-04-16 13:47:18,0.13,-12.52,87.63,404.07
0818-07-23 17:23:42,1.17,-26.51,15.05,353.34
0820-11-27 02:32:17,0.02,-9.98,-0.11,113.54
0821-06-05 09:55:49,0.86,-2.56,-96.14,378.12
0825-07-06 12:19:37,0.48,84.68,-138.01,797.11
0827-01-06 09:06:45,0.37,-6.63,157.34,409.29
0827-02-03 14:35:32,0.96,68.32,-173.59,251.96
0827-06-06 16:10:18,0.45,-19.98,-51.94,208.05
0828-06-22 21:13:44,0.0,-1.69,-138.68,772.29
0836-05-03 04:11:22,0.35,-32.68,-47.28,213.56
0838-04-24 11:37:48,0.24,-42.26,-58.35,621.37
0838-12-11 06:32:31,0.16,81.79,163.06,67.17
0842-12-15 00:21:19,0.04,-31.41,134.8,764.81
0845-02-26 16:06:20,0.15,-62.9,65.84,238.98
0849-01-27 00:31:51,0.32,89.77,-33.09,760.28
0853-12-17 03:02:42,1.3,72.53,156.86,625.94
0858-01-18 22:14:50,0.12,-88.7,159.25,47.32
0861-10-11 05:16:27,1.65,-73.48,116.89,153.17
0863-02-13 16:17:15,0.54,-5.34,-176.38,320.18
0863-06-19 13:16:33,0.62,49.61,-36.42,497.54
0866-03-11 13:39:47,0.85,22.49,39.96,540.11
0867-01-07 15:10:01,0.22,-12.73,22.59,795.82
0874-12-23 12:26:31,0.16,16.38,60.38,605.31
0879-12-15 05:39:04,0.27,-74.47,-78.23,209.43
0881-06-18 12:37:50,1.18,-83.72,-1.11,745.27
0882-01-19 01:09:36,0.61,59.56,-106.34,587.01
0885-07-15 19:01:39,0.78,-32.38,49.13,78.15
0886-09-19 13:34:55,0.2,-79.11,4.59,770.06
0887-02-13 04:01:06,0.47,-5.99,56.71,214.66
0891-04-17 10:25:45,0.26,-51.01,-28.6,332.41
0894-11-05 12:58:24,0.05,-85.82,-1.87,456.75
0894-12-27 14:31:22,0.36,45.38,104.32,99.56
0897-03-17 16:06:28,0.42,72.32,40.37,551.23
0899-09-21 11:52:55,0.08,-47.2,58.79,717.6
0900-03-22 05:36:19,0.36,23.23,176.39,745.72
0902-08-22 01:43:59,0.46,-29.43,-53.35,223.11
0903-07-05 21:11:34,0.73,-42.57,-39.23,179.43
0905-03-15 15:02:27,1.12,-1.93,-85.75,670.07
0907-03-21 08:05:22,0.56,88.68,158.44,724.61
0911-06-19 11:43:23,0.04,-4.71,7.85,326.91
0912-05-27 12:08:08,0.17,60.88,-59.15,765.13
0913-02-14 15:34:02,0.31,72.52,97.71,747.96
0913-04-18 22:19:24,0.4,5.98,10.22,156.7
0915-01-15 11:45:45,0.03,80.77,-135.46,257.61
0916-12-25 17:54:24,0.31,-16.78,-80.89,248.86
0917-12-02 04:55:13,0.08,24.42,39.39,159.77
0918-02-17 00:41:08,0.11,75.57,138.74,384.58
0922-05-05 06:07:51,1.19,24.45,165.64,181.22
0929-09-15 23:55:36,0.68,36.49,9.29,763.01
0930-08-13 22:06:46,0.88,-29.78,27.09,322.09
0935-08-01 19:29:59,0.26,-40.42,-159.85,688.42
0941-02-06 19:25:56,0.0,30.3,49.3,185.92
0943-04-13 05:42:19,0.66,-75.42,34.03,375.98
0943-06-14 20:34:53,0.27,-61.44,41.07,76.97
0945-07-06 01:38:53,0.02,-19.18,-8.62,530.61
0949-04-14 10:39:58,1.0,22.15,-141.69,767.13
0950-10-13 17:59:58,0.1,41.58,-59.39,386.47
0953-07-21 20:13:59,0.6,4.08,-156.61,303.72
0957-06-21 12:54:26,0.05,1.26,-166.55,203.23
0958-05-03 12:51:56,0.8,5.25,-39.49,649.15
0958-12-12 20:27:37,0.92,-61.71,151.65,695.12
0960-07-12 07:27:07,0.62,-57.87,-176.61,278.61
0962-08-06 10:09:18,0.23,-28.04,12.58,19.43
0966-11-14 18:19:41,0.18,73.16,100.37,758.06
0967-03-27 12:52:19,0.37,-68.74,-30.26,87.3
0968-04-05 12:05:23,0.71,-47.59,80.47,133.18
0968-04-06 17:33:39,0.68,-39.97,158.54,394.63
0969-01-02 16:46:15,0.11,-85.77,23.98,217.2
0969-12-20 19:41:51,0.31,87.88,-89.43,661.37
0971-05-22 16:42:22,0.3,-86.45,65.59,632.47
0973-04-27 07:08:47,1.23,-20.62,-62.24,275.2
0973-10-10 00:53:23,0.3,-39.55,-152.7,773.64
0974-05-22 03:40:30,0.54,-44.64,-42.79,625.16
0975-07-18 00:05:03,0.53,-60.78,-129.39,458.85
0975-12-05 21:50:16,1.18,-24.83,-17.8,267.04
0976-06-01 03:05:25,2.5,-15.11,107.16,653.89
0977-03-13 01:11:04,0.58,-66.76,162.23,12.08
0977-12-13 19:57:46,0.03,47.55,42.16,362.68
0980-10-22 11:52:59,0.36,-36.74,158.55,631.15
0985-03-22 17:26:37,0.45,-8.84,-99.38,131.47
0985-12-28 02:55:47,0.43,-48.02,133.74,410.84
0986-08-09 18:08:52,0.15,-72.61,-42.48,395.68
0987-08-24 23:23:52,0.09,68.98,-102.58,108.82
0988-08-02 10:10:26,0.54,4.39,-62.91,543.18
0991-02-19 10:20:36,0.17,53.22,172.66,572.1
0991-03-02 09:35:33,0.42,6.19,169.05,729.39
0991-06-07 20:59:31,0.34,75.03,-26.73,149.33
0993-05-20 01:24:21,0.25,-8.9,-41.6,392.79
0996-05-16 20:03:03,0.46,88.28,-23.74,152.34
0996-06-19 22:18:38,1.19,-12.25,-49.94,710.45
0996-12-02 07:25:29,0.09,44.35,165.15,463.88
0998-03-17 00:12:33,0.14,88.98,127.55,190.96
0999-04-13 21:19:24,1.08,-34.15,153.7,74.1
1000-01-27 19:12:48,2.02,-59.75,68.06,238.51
1001-02-06 12:31:17,0.45,35.22,138.27,267.16
1002-07-11 16:48:14,0.6,19.66,-113.03,439.07
1006-06-23 03:53:43,0.11,89.82,85.98,796.49
1007-02-07 11:37:14,0.52,-41.77,154.97,284.65
1009-10-26 02:15:55,1.57,24.73,20.0,274.97
1010-03-17 06:43:57,0.11,20.16,-54.8,176.65
1011-10-07 11:47:54,0.34,-88.55,-44.7,743.94
1012-05-01 02:47:54,0.45,-65.49,12.25,704.35
1015-08-14 02:28:49,0.16,-86.12,163.3,555.14
1015-10-13 10:07:43,0.66,52.39,32.01,147.18
1028-03-19 16:07:03,0.0,21.05,130.73,546.36
1028-06-23 22:53:30,0.03,35.78,40.12,413.61
1031-07-27 11:32:29,0.44,-36.92,-140.34,131.88
1031-09-27 07:35:05,0.11,2.13,-90.46,217.85
1034-01-21 08:21:22,0.33,-71.15,-106.51,480.19
1036-01-07 13:24:25,0.08,35.04,19.96,261.93
1036-12-01 02:33:26,0.92,-81.41,145.05,509.32
1039-09-26 17:27:59,0.26,-87.8,-11.12,4.86
1041-03-15 00:03:01,0.33,10.02,-71.81,249.38
1045-07-11 08:14:52,0.46,76.18,120.95,224.11
1045-08-19 13:58:39,0.23,79.07,151.5,19.62
1045-12-17 19:06:21,0.24,-35.38,-27.6,35.08
1049-09-23 17:10:32,0.14,26.95,134.93,640.95
1051-02-13 06:13:07,0.13,7.49,57.45,63.34
1053-11-09 09:14:09,1.72,56.21,132.39,56.98
1056-07-24 16:44:37,0.24,46.66,23.79,84.76
1058-10-22 04:55:16,0.41,-28.21,-3.83,780.37
1060-08-23 12:38:14,1.57,-6.43,-101.97,103.21
1066-08-24 10:59:55,0.34,-67.13,61.57,508.9
1067-04-23 07:01:34,0.05,11.45,-59.1,607.19
1067-10-03 14:42:09,0.17,-47.37,102.39,627.21
1069-02-16 13:56:19,0.66,0.67,-16.12,621.3
1073-12-04 10:48:49,0.32,54.49,-58.55,427.1
1073-12-21 17:23:47,0.07,-39.85,-129.51,775.93
1075-08-28 05:39:45,0.3,-67.36,-81.95,483.17
1076-08-10 10:07:20,0.35,-67.37,102.18,380.8
1077-05-12 07:00:04,0.17,-82.61,17.7,313.98
1078-05-08 03:38:17,1.16,17.31,-147.22,689.07
1078-06-18 18:59:05,0.6,-68.24,-28.77,655.75
1078-09-12 16:15:28,1.03,-9.27,-124.88,332.43
1082-09-21 06:19:57,0.45,-36.33,-125.66,390.43
1083-02-23 05:03:59,0.0,25.91,36.94,368.24
1084-04-10 14:37:15,0.09,66.41,-147.76,105.82
1084-05-21 15:37:47,0.28,73.63,63.89,263.18
1086-02-16 14:54:40,0.9,-33.0,96.79,688.01
1087-01-14 07:52:57,0.73,11.71,-73.4,16.17
1087-05-08 05:13:07,0.17,77.82,141.3,403.0
1087-11-21 00:59:19,0.72,26.16,120.97,797.42
1088-06-19 23:13:07,0.04,-29.21,105.46,674.38
1088-10-19 16:21:01,0.03,30.38,162.53,668.48
1088-11-14 17:49:18,0.57,-86.59,53.84,738.0
1097-09-18 01:09:48,0.02,-69.62,-162.67,162.01
1101-06-20 19:16:47,0.36,-28.81,26.51,775.71
1102-03-08 08:07:14,0.94,32.2,10.06,743.03
1104-01-11 13:39:23,0.77,36.88,27.21,18.52
1107-06-10 13:19:42,0.18,88.45,119.43,287.5
1108-12-23 07:52:20,0.56,48.25,-0.68,363.41
1110-02-05 02:55:18,0.82,35.94,-0.02,399.19
1110-09-04 06:22:50,0.81,5.42,-101.18,760.54
1113-03-23 13:07:16,0.33,51.86,118.15,72.66
1114-07-27 19:59:54,0.53,-40.11,-6.63,84.9
1116-04-25 05:23:18,0.45,79.65,-106.09,447.65
1118-07-21 13:55:04,1.27,69.43,-114.44,78.7
1121-03-19 17:59:42,0.82,-41.59,-32.98,563.23
1121-09-24 10:11:25,0.29,-35.89,165.76,126.63
1122-11-07 10:57:58,0.05,-11.68,15.78,102.83
1123-08-14 03:13:25,1.35,-9.66,-115.47,106.45
1127-12-22 12:03:23,2.21,-47.54,-77.04,706.1
1130-06-12 22:28:10,0.03,-50.53,-110.81,88.6
1130-07-06 04:31:49,0.08,81.83,7.9,307.95
1138-05-06 15:06:08,0.3,39.34,48.85,642.56
1139-04-18 19:16:06,0.64,-83.0,-109.89,123.41
1139-06-24 03:13:50,0.59,26.37,99.19,313.79
1140-04-27 11:28:22,0.23,-67.85,179.84,385.17
1141-09-05 22:47:11,0.72,-18.32,-105.9,640.92
1143-11-23 02:00:13,0.46,69.43,-115.43,423.31
1144-08-16 10:22:03,0.34,-53.51,172.08,60.24
1145-04-23 15:19:10,0.53,-16.23,80.57,553.94
1146-03-20 20:14:25,0.49,-46.76,-67.25,641.85
1148-01-27 12:21:08,0.57,-25.33,-160.8,202.09
1149-12-11 17:19:26,0.33,0.38,47.05,132.17
1151-04-13 08:41:07,0.08,-1.25,105.14,543.18
1151-12-06 04:40:17,0.07,-61.27,167.46,37.52
1153-01-06 20:29:12,0.72,14.23,-87.7,536.86
1156-03-06 09:16:22,0.19,-75.79,152.2,265.0
1156-03-16 06:30:25,0.47,18.73,-0.1,250.46
1158-12-09 02:23:30,0.0,85.62,-7.37,187.59
1159-07-13 10:25:51,0.3,-15.31,12.02,786.59
1166-04-17 00:21:44,0.86,-80.15,45.91,545.18
1168-07-19 12:35:30,0.25,-56.11,-68.78,178.08
1170-07-23 01:27:47,0.13,-8.55,118.62,693.52
1177-08-18 02:24:14,0.36,-28.05,81.53,28.16
1179-02-06 20:04:38,0.29,-12.59,84.23,230.92
1185-06-17 05:16:33,1.21,-25.94,27.12,731.47
1186-02-05 08:24:01,0.33,29.91,-15.93,125.82
1186-03-03 01:13:05,0.06,-6.17,23.85,738.03
1188-06-24 16:20:45,0.62,-46.85,118.58,121.1
1189-06-28 18:31:04,1.4,-51.04,-101.15,121.31
1190-07-12 00:36:45,0.06,-84.42,-94.47,48.48
1191-01-18 09:41:59,0.09,-62.45,-83.43,730.67
1191-05-10 09:23:07,0.15,60.58,-138.27,370.58
1192-06-03 18:06:15,0.0,-11.08,173.64,93.41
1193-02-11 08:30:49,0.59,-8.97,134.39,717.71
1194-03-11 08:54:21,1.12,-35.39,-23.56,15.55
1199-12-18 03:58:00,0.32,13.33,23.88,327.53
1201-07-11 05:23:05,0.46,26.59,24.73,663.52
1202-09-10 13:42:28,0.16,-9.91,55.89,10.71
1204-06-06 13:01:54,0.42,-40.77,-48.05,722.49
1206-02-21 01:54:19,0.1,-75.43,49.84,193.46
1209-05-06 17:35:24,0.02,-40.21,-9.53,92.98
1209-11-06 16:30:45,1.17,-23.92,89.56,279.6
1214-03-14 00:11:09,0.14,52.04,101.46,641.81
1215-01-26 21:57:34,0.92,-65.4,31.35,385.56
1218-01-20 14:01:06,0.75,-7.21,-24.26,519.12
1225-07-25 17:35:09,0.03,1.64,-90.05,720.23
1226-07-18 11:18:35,0.4,-34.8,-38.35,786.88
1228-04-26 21:45:24,0.67,-71.87,-28.65,105.12
1228-06-01 08:12:49,0.02,-58.55,-111.88,128.96
1228-11-15 03:58:38,0.87,-86.13,38.87,628.07
1231-02-07 04:53:14,0.1,-28.19,-97.53,271.8
1232-06-25 14:11:03,0.12,33.52,-64.41,758.86
1234-11-03 06:08:29,0.34,79.42,-94.79,533.7
1238-02-21 08:05:04,0.15,-55.53,-161.06,437.82
1238-09-01 23:12:25,0.65,79.98,131.06,167.55
1242-04-12 10:39:13,0.36,18.3,77.58,596.74
1242-09-27 22:15:29,0.43,-15.46,87.08,705.15
1243-08-19 12:08:58,0.36,74.81,153.06,592.18
1244-02-03 16:15:55,0.61,-70.65,166.64,664.32
1246-05-28 00:47:17,0.18,-2.26,-126.78,166.15
1251-11-25 09:57:44,0.17,-86.53,-48.53,30.22
1254-08-21 21:54:32,0.12,6.06,142.95,263.99
1254-09-25 09:00:21,0.04,64.55,-100.95,560.45
1254-09-28 13:13:56,0.31,41.53,-37.44,614.16
1254-10-05 17:42:28,0.12,-7.39,45.05,548.5
1257-08-21 06:22:01,0.9,-78.42,154.1,697.21
1260-06-05 12:04:09,0.31,-61.16,-100.97,302.17
1261-07-02 23:55:45,1.14,47.95,-142.92,302.66
1262-08-02 17:56:47,0.11,-2.28,161.42,314.56
1266-07-12 17:36:10,0.24,-73.17,146.85,49.36
1268-10-20 04:43:57,0.56,-0.09,-56.53,607.9
1269-04-22 00:34:32,0.41,41.74,-159.42,118.88
1269-10-01 03:49:39,0.51,-82.96,-155.65,271.3
1271-10-09 12:21:19,0.22,18.25,149.29,784.19
1272-06-01 00:36:55,0.31,59.99,-65.87,489.08
1273-09-01 09:39:55,0.17,-44.35,-142.26,416.85
1273-09-02 08:30:13,0.02,47.98,94.84,33.15
1274-02-18 06:28:09,0.96,-19.05,-177.85,314.48
1278-08-18 03:22:43,0.44,78.76,-168.59,245.59
1279-11-16 13:37:34,0.08,-5.65,108.97,596.67
1280-01-15 09:27:04,0.36,29.02,-74.68,687.51
1281-04-27 22:31:42,0.07,23.32,167.47,420.1
1282-07-14 19:04:27,0.69,-4.2,22.94,1.6
1283-08-14 21:04:44,0.57,-50.03,162.7,154.36
1286-01-04 12:49:20,0.4,-82.99,30.18,39.68
1288-01-25 01:25:57,0.48,71.48,-21.74,268.51
1293-09-27 18:07:10,0.06,-65.66,17.52,6.1
1294-10-04 00:41:39,0.3,17.4,102.67,90.8
1295-04-28 10:04:54,0.25,49.98,-131.98,791.77
1295-08-11 14:01:02,0.53,-4.13,126.77,382.47
1296-07-08 18:00:36,1.0,-41.57,-40.26,95.34
1297-10-13 00:10:47,0.49,-40.04,102.44,278.8
1304-10-25 12:43:59,0.54,72.68,124.55,522.58
1305-10-04 22:42:33,0.11,82.46,-74.96,310.93
1305-10-07 00:33:19,0.09,51.88,-65.37,284.53
1307-07-08 07:59:14,0.2,43.23,-6.74,752.37
1308-06-27 20:10:13,0.07,-83.38,-34.69,692.2
1311-04-20 04:19:52,1.72,-47.42,134.5,724.63
1312-06-23 17:22:47,0.42,45.43,126.96,647.4
1313-03-18 18:41:15,0.14,31.22,-117.73,312.55
1316-09-24 16:13:06,0.32,73.55,-45.93,747.04
1324-05-15 00:22:34,0.31,87.78,60.17,211.62
1324-09-11 15:02:34,0.01,48.01,-109.19,668.73
1325-02-21 21:33:04,0.4,-0.08,-172.88,90.08
1329-11-20 23:14:06,0.35,-64.47,-5.86,446.6
1330-02-10 07:25:00,0.1,66.04,-101.95,153.25
1331-05-28 12:05:07,0.05,23.07,-23.72,636.75
1331-10-27 17:25:00,0.56,70.23,-148.31,464.56
1331-12-11 14:56:52,0.99,71.0,155.92,219.35
1333-05-13 03:58:00,0.53,57.9,-117.39,462.58
1339-01-23 21:46:07,0.79,16.15,31.5,415.87
1340-06-22 20:17:25,0.26,13.67,-136.89,64.55
1341-07-07 05:54:58,0.02,-42.79,-124.86,709.75
1342-04-25 12:34:24,0.01,30.76,-80.9,353.32
1342-08-19 10:00:51,0.01,-8.5,-150.91,361.95
1344-03-26 23:34:14,0.1,2.3,-109.0,608.13
1344-06-15 12:24:45,0.09,-60.04,9.2,1.4
1348-12-06 16:14:27,1.15,40.17,14.29,611.34
1350-11-23 19:54:45,0.24,40.74,20.91,179.17
1353-03-10 14:36:29,0.13,-35.02,-15.05,13.54
1353-04-04 00:13:18,0.7,1.38,-48.08,510.2
1353-06-18 03:38:59,0.55,-12.52,161.56,48.48
1354-02-17 14:48:06,1.0,20.21,42.04,105.69
1355-11-17 17:11:58,0.0,89.12,-169.19,99.12
1356-01-25 19:51:00,0.07,25.57,-135.38,460.15
1357-10-24 11:18:31,0.73,-60.81,-130.58,764.86
1357-10-26 04:34:12,0.0,-35.32,-173.48,564.15
1359-09-10 08:20:02,1.94,37.83,148.54,403.24
1359-10-06 18:56:20,0.54,-30.27,-62.72,468.81
1361-06-09 06:07:59,0.65,-18.07,-129.89,385.85
1366-02-14 10:56:47,0.44,-69.74,50.22,767.69
1368-05-08 04:41:21,0.9,6.9,-14.12,674.62
1369-02-01 16:20:46,0.11,-79.7,39.54,335.0
1369-06-24 23:22:40,0.35,1.92,42.28,167.49
1370-03-08 23:25:34,1.97,25.83,-49.46,532.93
1370-06-27 05:10:01,0.14,21.76,-28.34,74.27
1372-08-27 22:37:00,0.23,80.78,170.86,293.6
1378-11-19 16:58:17,0.07,-58.89,138.33,404.75
1379-05-04 08:15:21,0.23,77.55,147.68,235.15
1380-10-17 03:48:48,0.21,21.98,-159.33,271.07
1383-08-22 23:13:51,0.81,62.67,-148.79,555.92
1384-10-06 22:56:11,0.14,-17.97,178.38,493.21
1390-10-14 18:52:14,0.23,-87.95,144.85,605.0
1391-09-28 12:56:44,1.53,-38.56,111.88,220.37
1392-05-17 12:55:56,0.07,-74.6,-64.68,29.83
1395-07-26 02:01:58,0.66,-60.19,97.74,581.62
1400-01-03 14:12:29,0.63,34.17,-106.7,243.28
1400-10-14 03:02:07,0.39,14.45,102.31,736.65
1402-09-27 14:01:19,0.52,67.49,129.67,520.47
1406-03-12 10:13:01,0.55,85.26,-64.95,464.57
1406-03-20 06:42:58,0.82,-10.37,56.36,68.02
1408-12-28 14:19:35,0.5,-74.59,-178.44,256.97
1410-06-04 20:48:00,0.29,70.64,-63.17,176.55
1410-08-19 18:38:39,0.13,-70.22,-53.61,504.6
1411-09-14 19:39:52,1.26,-77.79,85.73,36.03
1414-02-20 02:00:47,0.52,-1.61,-73.72,778.57
1417-10-14 07:51:27,0.31,-1.37,51.9,648.42
1418-11-04 17:09:58,0.03,82.66,108.41,678.4
1422-02-07 15:49:37,0.02,10.77,-100.13,794.49
1422-03-23 10:19:41,1.33,-54.26,177.44,385.19
1423-09-08 20:49:55,0.03,48.72,101.12,109.38
1423-10-27 03:17:27,0.53,-9.57,32.05,545.73
1423-12-16 03:58:46,0.01,1.07,-12.13,654.32
1429-02-09 15:09:57,0.34,-36.32,123.47,691.65
1431-02-23 10:17:03,0.09,27.0,176.15,119.08
1431-07-17 21:28:42,0.04,12.25,49.52,22.29
1431-08-18 03:54:35,0.15,-61.57,152.27,764.58
1433-06-28 19:48:17,1.17,-44.44,13.83,336.3
1434-11-13 18:15:04,0.21,16.03,-126.03,435.77
1436-03-24 10:40:37,0.54,-75.81,-27.21,618.46
1439-01-03 03:14:05,0.51,-27.59,-35.26,220.63
1439-02-27 18:52:27,0.61,-40.23,-123.62,444.96
1440-09-10 16:34:55,0.21,-69.09,38.06,521.71
1449-02-26 16:52:28,0.25,-48.8,56.34,98.31
1452-05-04 17:50:50,0.17,-6.93,114.29,76.69
1452-05-21 23:39:22,0.64,62.14,-65.73,753.62
1452-06-28 00:47:25,0.33,76.11,-36.24,419.13
1453-05-24 12:33:37,0.25,-83.06,96.39,305.48
1454-07-16 20:33:55,0.72,-1.48,95.94,14.94
1456-01-16 05:19:08,0.53,-50.49,-159.4,40.8
1456-03-20 13:46:08,0.29,33.46,-119.44,714.53
1456-11-08 23:34:07,0.49,70.82,-12.2,615.46
1459-02-25 12:11:37,0.89,36.92,7.27,1.05
1459-08-22 15:58:31,0.47,46.42,-55.87,540.42
1461-05-28 06:56:09,0.02,67.95,73.33,402.39
1462-07-03 20:17:35,0.24,81.59,-106.56,743.55
1465-01-24 03:44:39,0.28,57.98,174.85,492.78
1466-03-01 10:10:53,0.3,-50.72,66.54,725.77
1471-07-02 00:52:17,1.04,30.22,-34.08,105.82
1472-12-01 02:33:35,0.4,-23.03,96.55,249.77
1473-08-16 19:48:01,0.97,90.0,-133.36,539.98
1478-12-08 08:51:45,0.11,52.26,139.91,321.11
1488-09-02 11:08:57,0.3,34.36,147.72,678.63
1495-08-24 04:10:58,0.07,-14.78,-82.6,649.46
1497-03-16 20:22:48,0.39,14.6,121.81,739.02
1499-05-27 13:33:55,1.29,-68.53,-68.68,257.79
1499-06-21 03:06:58,0.12,-34.01,100.87,245.98
1501-02-13 21:45:17,0.65,-78.68,2.5,220.34
1504-06-23 11:18:39,1.05,-37.26,105.36,403.42
1504-11-08 20:07:12,0.15,-58.07,-59.0,698.57
1505-07-22 01:47:31,0.26,-85.94,-174.86,227.58
1512-04-10 03:03:50,1.21,30.91,170.85,115.2
1512-05-23 11:34:56,0.25,-40.06,120.66,233.78
1513-01-05 23:44:37,0.19,-54.19,99.15,434.77
1515-01-11 22:33:53,0.98,79.79,-61.58,48.72
1515-01-23 02:48:59,0.28,14.48,-153.7,589.49
1515-08-09 03:14:48,0.57,-8.58,-54.44,113.82
1519-03-10 21:53:06,0.36,70.86,77.35,36.24
1519-06-06 06:48:43,1.51,-79.15,111.55,305.19
1520-01-11 18:24:06,0.52,54.13,-43.36,41.58
1525-07-02 12:30:51,0.76,77.45,157.73,368.27
1525-10-10 10:32:17,0.44,-29.71,-98.92,121.98
1529-03-06 13:24:34,0.23,83.55,-81.03,637.25
1530-08-05 00:17:06,0.44,81.89,-136.24,561.44
1534-10-05 18:06:32,0.91,-6.04,-34.91,556.41
1541-03-24 22:40:39,0.5,-0.85,-100.79,331.12
1542-07-13 15:24:52,0.24,63.69,-23.12,603.83
1542-08-06 05:11:41,0.06,78.54,-58.11,43.26
1544-06-22 20:11:08,0.83,-20.6,-94.28,392.53
1546-10-09 15:43:16,0.53,-89.36,121.16,647.8
1549-02-08 08:34:41,0.52,-1.57,120.71,39.9
1549-03-27 00:34:53,1.04,-28.76,48.65,407.0
1549-10-07 14:50:36,0.11,-69.86,-84.63,213.16
1550-07-06 13:00:29,0.2,37.81,176.68,202.35
1550-09-26 19:51:34,0.64,-88.14,-11.97,69.76
1551-05-09 10:02:34,0.14,-4.65,-163.8,117.28
1554-05-10 07:12:58,0.57,-31.93,178.16,134.92
1554-05-26 21:19:08,0.29,-69.6,1.67,415.52
1558-06-23 05:19:26,0.16,-21.89,-40.89,187.58
1563-03-14 03:57:47,0.12,-87.42,-9.91,755.21
1563-09-04 15:39:26,0.19,13.01,32.18,539.66
1564-04-09 01:59:17,0.51,55.53,104.34,750.01
1567-09-03 23:21:48,0.3,42.55,145.01,89.96
1567-09-04 07:16:02,0.08,-54.42,140.79,681.29
1568-03-16 12:24:40,0.56,-52.0,-179.78,295.96
1573-06-25 06:46:59,0.26,-23.65,-15.17,65.83
1573-07-08 18:26:55,0.14,-51.62,-34.8,389.01
1574-05-26 20:31:15,1.88,27.88,-61.37,738.57
1574-07-14 10:56:27,0.06,27.73,-152.32,711.22
1576-01-10 17:47:26,0.12,45.47,-104.49,540.86
1576-03-26 03:03:34,0.46,-10.4,146.91,166.07
1576-08-03 09:37:23,0.33,13.68,28.9,538.72
1576-09-27 23:32:22,0.22,39.7,67.14,669.13
1581-04-02 03:51:26,0.11,-47.49,137.77,514.65
1582-03-20 08:59:06,1.55,-71.13,18.3,152.43
1583-02-23 07:37:28,0.18,-48.02,27.07,207.49
1584-05-18 00:38:58,0.32,73.26,171.43,262.47
1584-09-02 21:42:07,0.47,-84.99,171.26,218.5
1585-02-23 22:15:58,0.35,-42.34,173.02,198.14
1586-11-25 15:14:58,0.07,51.0,-125.57,130.13
1590-04-21 03:02:28,1.38,-31.56,33.18,766.04
1595-02-14 13:10:56,0.12,50.09,-69.47,171.41
1596-01-10 20:44:10,0.29,-8.38,130.04,224.36
1597-03-08 06:36:10,0.23,-11.97,154.33,749.19
1599-09-20 18:10:17,0.26,-6.9,102.25,577.46
1603-06-19 13:38:25,0.55,-1.97,101.42,799.47
1603-10-24 20:52:10,0.07,51.06,-69.45,466.35
1604-10-07 00:02:30,0.36,-6.69,-144.87,135.74
1605-12-12 10:20:01,0.3,59.91,-1.1,684.5
1607-05-15 14:28:40,0.05,27.38,71.95,120.81
1607-11-16 23:59:59,0.97,19.88,46.34,594.27
1607-12-15 14:19:15,0.54,44.22,-178.7,29.37
1609-06-16 22:16:35,0.15,-86.03,-169.17,75.83
1610-09-18 05:11:35,0.09,-16.81,83.81,25.56
1612-10-15 13:28:13,0.07,10.6,-31.6,674.34
1615-06-11 01:19:21,0.87,-23.86,-82.91,313.86
1616-04-19 17:22:23,1.16,-39.08,-159.76,49.71
1618-03-10 23:16:34,0.36,-71.1,109.29,435.34
1620-04-24 04:49:55,0.16,-49.81,24.38,144.95
1621-05-26 12:56:29,0.13,-73.52,-113.7,242.46
1621-09-06 03:16:14,0.61,34.21,-76.45,255.4
1624-03-09 16:35:38,0.01,-4.57,-16.07,103.62
1625-07-17 16:52:04,0.64,-73.95,149.68,790.87
1629-10-09 12:19:37,0.19,-40.95,51.38,367.15
1646-10-26 01:51:22,0.56,-46.06,165.15,521.2
1649-12-04 00:48:46,0.13,0.94,-163.6,158.58
1653-04-27 00:16:24,0.28,53.96,41.65,769.06
1658-03-06 17:34:38,0.25,-26.34,-95.39,690.2
1658-06-22 15:36:21,1.48,-71.82,-100.77,415.81
1661-05-27 15:18:44,0.7,-23.46,163.02,467.65
1664-09-02 10:54:50,0.46,-30.4,-33.47,261.27
1669-04-19 19:11:23,0.07,-13.15,-25.98,588.76
1669-08-12 18:38:51,0.39,59.0,57.33,412.04
1670-02-13 19:26:42,0.16,66.22,72.03,709.29
1670-02-17 05:50:18,0.76,19.53,-173.01,197.83
1671-12-02 04:56:42,0.78,88.47,-116.07,172.91
1673-03-05 21:38:06,1.27,29.82,103.49,571.62
1676-02-27 19:49:19,0.06,-75.98,144.4,537.75
1677-05-26 07:58:38,0.47,31.5,124.85,542.19
1680-08-04 08:17:12,0.04,-80.85,-41.59,430.87
1686-03-09 22:07:58,0.08,7.94,-56.73,130.45
1686-03-26 08:20:18,0.45,-80.94,25.74,657.11
1687-08-20 14:29:36,0.24,32.39,-119.19,697.65
1689-03-25 22:36:25,0.47,0.29,-72.61,110.26
1689-11-13 08:00:31,0.63,-29.38,-22.5,782.13
1691-12-03 05:57:38,0.09,7.86,-127.67,89.73
1693-08-12 18:59:44,0.58,-34.67,-165.27,46.88
1694-05-25 15:06:04,0.99,8.69,-137.3,627.56
1695-05-10 00:37:24,0.24,-3.62,42.11,744.77
1696-10-01 05:31:35,0.15,-16.76,89.59,572.59
1697-11-02 01:42:05,0.14,76.38,-71.3,793.01
1699-09-08 08:46:38,0.18,78.73,-132.05,657.65
1699-12-01 11:53:03,0.26,11.78,-107.1,456.85
1702-04-18 13:29:49,0.37,42.47,-176.67,309.05
1702-09-05 06:40:27,0.62,-69.54,-167.85,10.88
1705-03-21 21:40:32,0.32,-42.05,66.76,677.61
1705-11-10 23:42:43,0.05,18.14,152.39,601.99
1708-03-01 21:06:57,0.26,35.55,-81.89,330.02
1709-08-03 13:21:54,0.2,-88.91,41.95,346.91
1709-11-17 03:55:16,0.04,11.85,-67.55,574.43
1711-05-04 08:33:56,0.09,-20.8,-163.89,728.24
1711-11-11 18:24:24,0.05,77.92,-43.36,337.6
1712-04-15 19:17:53,0.12,-33.09,63.89,291.19
1713-01-08 00:07:43,0.05,-15.31,131.59,270.78
1713-02-23 01:18:15,0.1,-78.61,-108.44,129.42
1714-10-06 23:47:08,0.23,-18.1,76.13,267.9
1722-02-21 14:02:45,0.0,35.89,165.86,508.51
1722-05-09 06:41:47,1.13,86.45,28.65,584.64
1723-07-03 02:34:58,0.18,45.98,-87.39,31.91
1731-01-16 20:31:16,0.06,40.1,79.8,232.09
1733-10-06 12:26:06,0.26,4.71,132.16,632.59
1733-10-24 16:05:59,0.09,-62.71,138.44,199.23
1734-07-20 10:40:16,0.21,13.12,154.66,365.71
1737-12-08 20:33:15,0.25,10.38,84.27,495.55
1741-06-26 17:29:17,0.01,23.0,-63.95,751.48
1742-06-02 03:16:01,0.65,-54.82,-34.85,377.04
1743-08-09 08:47:50,0.88,-15.55,110.64,438.77
1744-03-28 00:33:38,1.74,0.98,-125.3,296.45
1744-04-22 08:42:20,0.45,76.43,-174.7,260.2
1745-08-20 08:01:58,0.42,86.06,-176.83,346.21
1746-08-18 21:14:54,0.4,-61.28,-17.7,613.21
1747-06-26 04:47:21,0.52,-83.22,151.05,302.2
1749-02-21 17:03:02,0.04,37.54,-68.05,702.63
1751-04-18 07:48:48,0.13,-81.5,107.34,463.48
1753-01-20 21:35:10,0.1,-54.28,56.16,456.51
1753-05-18 16:23:23,0.22,-14.66,138.43,648.11
1753-09-17 20:23:23,0.17,-68.79,-32.77,210.85
1754-09-25 00:02:41,0.1,43.39,-158.48,24.89
1755-01-05 16:04:19,0.21,22.13,-150.3,62.11
1758-01-22 20:44:29,0.07,82.62,118.62,347.56
1759-02-16 11:54:24,1.83,74.37,-52.34,172.2
1772-07-22 15:16:47,1.35,33.73,133.67,367.31
1779-02-25 10:38:05,0.61,43.83,-148.22,624.64
1785-01-06 15:27:37,0.0,75.36,-22.17,139.4
1789-03-05 17:58:10,0.2,70.64,-147.29,58.13
1791-07-11 00:49:32,0.21,-16.32,-176.39,599.36
1794-11-25 19:48:32,0.45,-48.78,78.34,579.99
1796-07-27 08:41:29,0.38,-25.37,-2.25,780.22
1798-05-22 05:53:34,0.17,-49.82,100.17,754.15
1798-06-07 12:24:00,0.04,45.3,-136.85,255.88
1802-03-15 18:48:20,0.11,-54.37,89.69,376.28
1802-12-18 05:46:45,0.12,-62.23,-176.75,399.82
1807-09-19 17:46:50,0.25,-83.29,32.37,612.94
1811-06-04 07:00:23,0.23,-24.03,103.41,388.04
1816-03-24 08:30:31,0.24,69.34,54.18,305.93
1816-03-26 20:29:47,0.0,-42.97,-45.44,320.44
1818-02-04 10:31:37,1.1,4.35,-108.17,390.71
1824-11-04 02:53:08,0.13,-36.0,-85.23,133.06
1826-03-22 10:14:41,1.7,15.87,-139.8,609.63
1830-08-16 21:05:20,0.48,70.37,13.73,282.88
1831-06-10 05:40:19,0.86,-35.34,75.95,362.65
1837-03-25 02:32:21,0.23,18.74,2.47,514.27
1838-02-14 17:12:50,0.08,-57.8,51.45,247.64
1838-06-25 07:41:13,0.5,49.28,150.57,387.88
1840-05-23 18:17:32,0.75,-61.59,-32.87,731.75
1842-04-08 08:56:21,0.38,35.97,-103.13,444.86
1843-09-27 08:43:41,0.35,-88.57,98.85,472.96
1844-05-04 14:54:27,0.37,12.97,37.99,788.78
1844-11-25 10:46:43,0.66,-14.85,36.26,107.51
1845-08-12 19:44:14,0.65,16.22,-124.16,209.5
1846-08-03 19:43:05,0.73,84.95,-105.21,518.91
1849-10-08 21:13:38,0.1,31.62,169.96,52.45
1853-08-01 03:59:45,0.65,-47.69,81.74,741.35
1859-09-02 09:13:55,1.29,-57.09,62.52,158.15
1861-03-06 05:41:31,0.24,-4.94,165.68,676.79
1862-06-27 20:35:57,0.15,-33.54,-117.29,129.42
1863-05-22 19:38:56,0.67,-34.6,83.19,296.37
1864-08-17 16:17:36,0.58,29.78,33.56,108.09
1865-09-13 02:52:52,1.11,9.67,102.6,589.4
1866-06-26 13:35:36,0.3,69.1,-19.68,465.17
1867-02-28 15:08:17,0.03,9.11,-108.84,479.91
1868-08-04 13:38:56,0.42,8.36,-45.32,415.5
1869-06-14 12:33:55,2.36,23.58,64.97,462.02
1871-06-04 03:20:17,0.01,16.75,-11.74,627.87
1876-01-09 07:43:53,0.17,-30.83,-76.83,718.17
1876-04-08 09:57:37,0.24,71.02,171.66,40.97
1876-12-25 03:36:52,0.68,-17.06,105.3,672.52
1877-11-19 05:28:38,0.13,43.13,63.56,367.09
1881-01-04 00:06:53,0.31,61.26,150.79,442.24
1884-10-17 18:05:26,0.14,-36.74,138.89,442.33
1887-02-22 10:58:15,0.08,38.81,-77.28,636.02
1888-01-11 23:32:47,0.67,85.79,66.13,169.97
1891-07-05 12:40:03,0.04,75.69,-102.28,665.42
1892-05-08 00:09:18,0.13,75.0,178.15,121.5
1894-02-07 22:47:07,0.94,48.55,13.78,214.65
1895-01-06 02:38:37,0.4,81.57,-177.14,597.91
1895-12-18 09:32:07,0.14,-13.83,52.02,710.94
1901-12-19 21:45:39,0.67,-55.21,56.83,32.8
1911-07-20 11:21:36,2.24,-67.22,-100.0,596.73
1913-04-25 08:48:53,0.34,-27.5,38.16,690.23
1914-03-08 01:35:17,0.34,75.45,56.15,710.87
1916-08-05 11:06:47,1.34,-62.7,135.32,47.89
1916-12-09 15:39:30,0.11,19.39,-44.81,454.08
1918-02-23 20:00:31,0.38,-34.66,-51.02,210.01
1923-09-25 20:11:17,0.52,15.92,-155.66,516.78
1931-04-03 02:18:06,0.22,-0.82,26.39,207.8
1933-02-22 10:31:22,0.56,89.57,80.66,293.78
1935-08-17 07:21:56,0.24,80.11,-35.37,358.72
1941-01-16 21:18:48,0.49,32.35,-159.25,76.24
1949-04-12 23:24:57,0.57,-75.27,70.42,260.71
1949-08-01 04:08:13,0.03,-28.56,144.67,779.37
1950-06-12 03:34:41,0.74,-13.2,167.68,105.48
1951-03-27 01:53:59,1.08,49.37,81.82,435.78
1954-01-20 12:20:25,0.84,-67.6,-22.8,793.9
1959-01-07 00:10:59,0.19,-17.75,19.43,406.2
1961-10-10 11:27:46,0.28,24.77,-106.52,650.05
1961-12-04 12:12:34,0.28,-24.67,-143.62,744.34
1968-04-01 06:50:26,0.15,62.02,-71.14,521.84
1968-06-14 08:10:49,0.37,-79.92,-35.14,299.27
1975-01-08 04:59:25,0.17,-62.77,-8.78,248.79
1976-11-23 03:38:56,0.48,13.97,-165.37,464.47
1980-02-06 16:10:00,0.55,-73.75,-165.63,59.17
1991-05-12 22:50:03,0.51,-53.04,146.89,125.45
1995-04-08 00:07:28,0.14,17.9,167.43,730.5
1997-08-01 03:03:43,0.01,72.97,-94.28,681.62
2002-05-21 21:21:38,0.02,73.96,-154.75,641.42
2004-07-02 01:21:40,0.44,49.44,-79.09,339.61
2005-05-22 10:18:58,0.26,74.84,175.02,122.48
2008-11-15 17:39:05,0.12,-75.98,-97.26,223.04
2009-07-04 18:48:15,0.13,-42.06,125.18,314.03
2011-12-23 22:51:25,1.19,25.01,-57.59,447.97
2013-06-24 20:51:34,0.16,-11.27,-125.61,243.97
2014-03-20 14:49:45,0.17,-44.69,173.07,456.39
2015-05-04 20:38:35,1.33,69.45,28.29,234.3
2020-11-12 04:19:07,0.08,-45.21,2.07,16.43
