Year,Month,Day,Hour,Minute,Second,Magnitude,Longitude,Latitude,Depth
1008,4.0,27.0,18.0,,,7.0,47.4,34.6,
1033,12.0,5.0,,,,7.4,35.5,32.5,
1038,1.0,15.0,,,,7.25,112.9,38.4,
1045,4.0,5.0,,,,7.4,38.0,40.0,
1050,8.0,5.0,,,,7.4,33.5,41.0,
1052,,,,,,6.8,50.0,31.5,
1052,6.0,2.0,,,,7.0,57.7,36.2,
1058,11.0,,,,,7.2,43.6,35.8,25.0
1063,7.0,30.0,,,,6.9,36.2,34.4,32.0
1063,9.0,23.0,,,,7.14,27.411,40.867,
1068,3.0,18.0,8.0,30.0,,7.0,36.7,28.5,
1096,12.0,11.0,8.0,,,8.3,137.5,34.0,
1099,2.0,16.0,6.0,,,8.2,135.5,33.0,
1107,2.0,12.0,3.0,,,7.1,26.6,45.7,150.0
1114,11.0,,,,,7.4,38.5,37.3,40.0
1114,11.0,29.0,,,,6.9,37.2,37.5,
1117,7.0,,,,,7.0,106.0,36.0,
1125,9.0,6.0,,,,7.0,103.7,36.1,
1126,8.0,8.0,,,,7.1,26.6,45.7,150.0
1139,9.0,30.0,,,,7.7,46.2,40.3,23.0
1157,8.0,12.0,,,,7.4,36.6,35.4,15.0
1170,6.0,29.0,,,,7.7,36.4,34.8,35.0
1177,5.0,,,,,7.2,50.7,35.7,
1185,8.0,6.0,12.0,,,7.4,135.9,35.0,
1196,2.0,13.0,7.0,,,7.5,26.6,45.7,150.0
1202,5.0,20.0,,,,7.6,36.1,34.1,30.0
1209,,,12.0,,,7.5,58.7,36.4,
1212,5.0,1.0,,,,7.0,35.0,30.0,
1216,3.0,24.0,,,,7.0,103.8,28.4,
1230,5.0,10.0,7.0,,,7.3,26.6,45.7,150.0
1246,,,,,,7.0,23.3,35.4,
1254,10.0,11.0,,,,7.4,39.0,40.0,
1257,10.0,2.0,20.0,,,7.3,139.6,35.3,
1260,,,,,,7.2,51.6,43.2,20.0
1268,,,,,,7.2,40.0,39.8,25.0
1270,10.0,7.0,12.0,,,7.0,58.8,36.2,
1275,10.0,3.0,,,,6.8,42.916,38.883,
1290,10.0,4.0,,,,6.75,119.3,41.6,
1293,5.0,20.0,6.0,,,7.5,139.5,35.2,
1303,8.0,8.0,3.0,30.0,,8.26,25.797,35.717,
1303,9.0,25.0,,,,8.0,111.7,36.3,
1309,2.0,22.0,5.0,30.0,,7.0,-11.0,36.0,
1327,,,,,,7.3,26.6,45.7,150.0
1331,8.0,7.0,,,,7.0,135.2,33.7,
1336,10.0,21.0,6.0,,,7.5,59.7,34.7,
1344,1.0,2.0,,,,6.8,37.4,36.7,30.0
1352,4.0,26.0,,,,7.0,105.3,35.6,
1354,3.0,1.0,17.0,,,7.06,26.846,40.525,
1356,8.0,24.0,,,,7.5,-10.7,36.0,
1360,11.0,14.0,,,,7.8,136.2,33.4,
1361,7.0,26.0,4.0,,,8.4,135.0,33.0,
1363,,,,,,6.9,41.6,38.7,15.0
1365,1.0,3.0,18.0,,,7.0,3.05,36.77,
1389,2.0,,,,,7.5,58.8,36.2,
1403,,,,,,7.0,136.5,33.7,
1404,2.0,20.0,,,,7.4,36.2,35.7,30.0
1405,11.0,23.0,,,,7.5,58.8,36.2,
1408,1.0,12.0,,,,7.5,136.0,33.0,
1408,12.0,29.0,,,,7.4,36.1,35.8,25.0
1411,10.0,8.0,,,,8.0,90.5,30.1,
1433,10.0,29.0,,,,7.0,139.5,34.9,
1440,,,,,,7.1,53.1,28.4,
1446,10.0,10.0,4.0,,,7.5,26.6,45.7,150.0
1456,12.0,5.0,,,,7.17,14.711,41.302,
1457,4.0,,,,,7.6,40.4,39.9,25.0
1458,11.0,16.0,,,,7.1,35.3,31.0,
1460,,,,,,8.0,174.8,-41.2,
1471,,,,,,8.0,-71.0,-16.3,25.0
1471,8.0,29.0,8.0,,,7.5,26.6,45.7,110.0
1485,8.0,15.0,,,,7.2,50.5,36.7,
1493,1.0,10.0,6.0,,,6.9,59.8,33.0,
1494,7.0,1.0,10.0,10.0,,7.5,23.3,35.5,
1498,9.0,11.0,8.0,,,8.3,138.0,34.0,
1500,1.0,4.0,,,,7.0,103.1,24.9,
1501,1.0,29.0,,,,7.0,110.1,34.8,
1505,6.0,6.0,5.0,,,8.1,83.0,29.5,
1505,7.0,6.0,,,,7.2,69.1,34.5,
1508,5.0,29.0,,,,7.12,25.72,35.02,
1509,9.0,10.0,,,,7.14,28.786,41.022,
1513,,,,,,8.7,-72.3,-17.21,30.0
1513,,,,,,7.4,36.5,37.5,
1515,6.0,27.0,,,,7.75,100.7,26.7,
1516,11.0,24.0,12.0,,,7.5,26.6,45.7,150.0
1520,3.0,25.0,17.0,,,7.4,136.0,33.0,
1526,,,,,,7.1,-90.24,13.6,
1530,9.0,1.0,14.0,,,7.3,-64.1,10.7,
1533,1.0,,,,,6.5,-77.8,-12.2,30.0
1536,3.0,19.0,,,,7.5,102.2,28.1,
1539,11.0,24.0,,,,7.2,-86.0,16.5,
1548,9.0,22.0,,,,6.4,121.0,38.0,
1550,,,,,,7.1,46.2,38.2,22.0
1552,7.0,2.0,10.0,30.0,,7.6,-71.3,-16.6,30.0
1555,9.0,0.0,22.0,,,7.5,75.5,33.5,
1555,11.0,15.0,,,,8.4,-77.6,-11.9,30.0
1556,2.0,2.0,,,,8.25,109.7,34.5,
1561,8.0,4.0,,,,7.25,106.2,37.5,
1562,12.0,2.0,,,,7.7,-70.68,19.37,
1563,5.0,28.0,,,,7.0,126.1,38.8,
1564,4.0,20.0,,,,7.0,-70.517,19.217,
1568,12.0,27.0,,,,7.1,-103.5,20.2,
1570,2.0,8.0,5.0,,,8.0,-73.0,-36.75,
1575,3.0,17.0,6.0,,,7.25,-70.6,-33.4,
1575,12.0,16.0,18.0,30.0,,8.25,-73.2,-39.8,
1577,11.0,29.0,,,,7.2,-92.5,14.0,
1578,8.0,,,,,6.7,-76.0,19.9,30.0
1581,,,,,,7.6,-77.7,-12.4,30.0
1582,1.0,22.0,16.0,30.0,,7.5,-71.6,-16.6,30.0
1582,8.0,15.0,,,,7.8,-77.6,-12.2,30.0
1584,3.0,17.0,,,,8.4,-77.8,-11.8,30.0
1585,6.0,28.0,2.0,,,7.06,24.372,39.786,
1586,1.0,16.0,,,,7.0,136.9,36.6,
1586,1.0,18.0,1.0,,,7.8,136.9,36.0,
1586,7.0,10.0,0.0,30.0,,8.6,-77.028,-12.109,40.0
1588,1.0,4.0,,,,7.2,36.0,29.0,
1588,8.0,9.0,,,,7.0,102.8,24.0,
1590,,,,,,7.7,-72.9,-17.2,40.0
1591,3.0,14.0,,,,7.0,-92.5,16.0,0.0
1595,4.0,21.0,10.0,,,7.1,26.6,45.7,150.0
1596,9.0,4.0,19.0,,,7.0,131.6,33.3,
1596,9.0,5.0,1.0,,,7.5,135.6,34.65,
1597,10.0,6.0,,,,7.0,120.0,38.5,
1600,2.0,19.0,10.0,,,7.9,-70.9,-16.77,20.0
1600,2.0,28.0,20.0,,,8.1,-70.8,-16.6,20.0
1600,9.0,29.0,,,,7.0,117.2,23.5,
1604,11.0,24.0,18.0,30.0,,8.25,-70.94,-17.88,80.0
1604,12.0,29.0,,,,7.5,119.0,24.7,
1605,2.0,3.0,20.0,,,7.9,138.5,33.5,
1605,7.0,13.0,,,,7.5,110.5,20.0,
1606,3.0,23.0,20.0,,,6.5,-80.3,-7.0,40.0
1606,10.0,25.0,13.0,,,6.8,-77.8,-11.8,60.0
1608,4.0,20.0,,,,7.6,50.5,36.4,
1609,,,,,,7.2,-86.55,12.42,
1609,4.0,,,,,7.2,29.0,36.2,
1609,7.0,11.0,,,,7.25,99.0,39.2,
1609,10.0,20.0,1.0,,,7.4,-77.4,-11.9,55.0
1610,2.0,3.0,,,,7.6,-71.65,8.45,
1611,8.0,31.0,,,,7.4,-97.64,17.825,
1611,12.0,2.0,14.0,,,8.1,144.0,39.0,
1612,11.0,8.0,,,,7.2,23.8,35.0,
1614,11.0,26.0,,,,7.7,138.0,37.5,
1615,9.0,8.0,,,,7.5,-69.9,18.4,30.0
1615,9.0,16.0,,,,7.5,-70.35,-18.5,
1616,2.0,,,,,7.0,-74.0,5.0,
1616,9.0,9.0,15.0,,,7.0,142.0,38.1,
1619,2.0,14.0,16.0,30.0,,7.85,-79.3,-8.9,50.0
1619,11.0,30.0,16.0,,,8.0,121.6,18.5,
1621,5.0,2.0,,,,6.9,-79.55,8.97,
1621,12.0,,,,,7.2,122.1,11.7,
1622,10.0,25.0,,,,7.0,106.3,36.5,
1624,5.0,11.0,,,,6.7,-4.57,34.26,
1626,1.0,21.0,,,,7.3,37.1,36.5,20.0
1626,6.0,28.0,,,,7.0,114.2,39.4,
1627,9.0,,,,,7.5,121.8,18.7,
1629,8.0,1.0,1.0,30.0,,8.8,129.6,-4.3,
1630,3.0,9.0,9.0,,,7.3,23.7,35.0,
1630,11.0,27.0,15.0,30.0,,7.5,-77.5,-12.2,30.0
1633,3.0,1.0,5.0,,,7.0,139.2,35.2,
1637,2.0,1.0,1.0,,,7.1,26.6,45.7,130.0
1638,3.0,27.0,15.0,5.0,,7.02,16.289,39.048,
1644,1.0,16.0,11.0,,,7.0,-72.7,7.4,
1644,5.0,12.0,12.0,,,7.0,128.4,-3.85,
1645,3.0,15.0,,,,7.0,-78.8,-1.73,
1645,11.0,30.0,12.0,30.0,,7.9,121.2,15.6,
1647,5.0,14.0,2.0,30.0,,8.0,-72.0,-33.0,
1648,,,,,,7.2,-86.8,12.5,
1648,2.0,2.0,,,,7.0,122.95,-8.4,
1648,6.0,13.0,12.0,,,7.0,139.2,35.2,
1649,3.0,17.0,12.0,,,7.0,132.5,33.7,
1649,7.0,30.0,1.0,,,7.0,139.5,35.8,
1650,3.0,31.0,16.0,10.0,,7.4,-72.2,-13.6,70.0
1650,3.0,31.0,19.0,,,7.2,-71.7,-13.5,30.0
1651,,,,,,7.3,-85.2,11.2,
1652,7.0,13.0,,,,7.0,100.6,25.2,
1654,,,,,,7.0,95.6,30.8,
1654,7.0,21.0,,,,8.0,105.5,34.3,
1655,11.0,13.0,19.0,45.0,,7.7,-77.6,-12.3,30.0
1657,3.0,15.0,23.0,30.0,,8.0,-73.03,-36.83,
1658,2.0,14.0,,,,7.7,-80.1,-8.2,40.0
1659,2.0,17.0,,,,7.1,27.256,40.713,
1659,12.0,,,,,7.5,127.0,-4.2,
1662,6.0,16.0,12.0,,,7.4,135.95,35.2,
1662,10.0,31.0,,,,7.6,132.0,31.7,
1663,,,,,,7.3,-86.55,12.42,
1663,2.0,5.0,22.0,30.0,,6.7,-70.1,47.6,
1664,,,,,,7.7,90.0,25.0,
1664,5.0,12.0,9.0,15.0,,7.3,-75.85,-14.1,15.0
1666,9.0,22.0,,,,6.9,43.0,37.0,35.0
1666,11.0,13.0,9.0,,,7.5,39.5,39.7,10.0
1667,,,,,,6.7,-77.0,17.8,30.0
1668,1.0,14.0,,,,7.8,48.0,41.0,40.0
1668,7.0,25.0,,,,8.5,118.5,34.8,
1668,7.0,29.0,,,,7.1,48.0,41.0,30.0
1668,8.0,17.0,,,,7.9,36.0,40.5,
1671,10.0,17.0,,,,7.5,128.7,-3.8,
1672,2.0,14.0,,,,7.05,25.717,39.818,
1673,5.0,9.0,11.0,30.0,,7.3,-70.3,18.4,30.0
1673,8.0,12.0,14.0,15.0,,7.0,127.3,0.8,
1674,3.0,16.0,,,,7.4,-70.8,8.95,
1675,2.0,16.0,23.0,30.0,,7.9,127.75,-4.0,
1677,4.0,13.0,2.0,,,7.9,143.0,41.0,
1677,11.0,4.0,20.0,,,8.0,141.5,35.0,
1677,12.0,7.0,11.0,30.0,,7.3,119.5,14.5,
1678,2.0,11.0,14.0,59.0,,6.7,-76.0,19.9,30.0
1678,6.0,16.0,1.0,45.0,,7.7,-77.8,-12.3,40.0
1678,10.0,2.0,20.0,,,7.5,142.0,39.0,
1679,9.0,2.0,,,,8.0,117.0,40.0,
1681,1.0,10.0,,,,7.0,23.5,35.4,
1681,3.0,10.0,,,,7.25,-70.35,-18.5,
1681,8.0,18.0,,,,7.1,26.6,45.7,150.0
1681,12.0,11.0,,,,7.0,99.0,-2.2,
1681,12.0,27.0,4.0,30.0,,7.1,26.6,45.7,150.0
1683,10.0,16.0,,,,7.0,130.3,-4.5,
1683,10.0,20.0,5.0,,,7.0,139.9,36.9,
1683,11.0,22.0,,,,7.0,112.7,38.7,
1684,,,,,,7.0,-70.3,18.4,30.0
1686,1.0,4.0,11.0,,,7.2,132.6,34.0,
1686,10.0,3.0,7.0,,,7.0,137.4,34.45,
1687,7.0,12.0,7.0,,,7.25,-70.73,-32.75,
1687,10.0,20.0,10.0,30.0,,8.6,-76.507,-13.231,30.0
1688,10.0,19.0,,,,7.5,122.2,16.95,
1690,4.0,5.0,,,,7.5,-62.51,17.08,
1690,11.0,20.0,19.0,30.0,,7.2,-77.0,-12.55,40.0
1691,,,,,,7.5,-70.3,18.4,30.0
1692,6.0,17.0,16.0,40.0,,7.5,-76.783,17.966,
1692,9.0,13.0,11.0,,,7.0,-64.8,-25.4,30.0
1693,1.0,11.0,13.0,30.0,,7.42,15.013,37.14,
1694,6.0,19.0,7.0,,,7.0,140.1,40.2,
1695,5.0,12.0,,,,7.0,57.0,36.8,
1695,5.0,18.0,,,,7.75,111.5,36.0,
1696,4.0,14.0,,,,7.0,43.9,39.1,
1696,7.0,14.0,9.0,,,6.7,-77.7,-12.8,20.0
1697,2.0,7.0,,,,7.5,-99.0,16.5,
1697,9.0,29.0,13.0,30.0,,7.3,-77.4,-12.3,30.0
1698,6.0,20.0,,,,7.3,-78.8,-1.4,
1698,10.0,2.0,8.0,30.0,,6.0,30.0,32.0,
1699,1.0,4.0,18.0,30.0,,7.5,105.5,-7.0,
1699,7.0,14.0,9.0,,,7.8,-77.5,-11.8,40.0
1700,1.0,27.0,5.0,,,9.0,-125.0,48.5,
1700,4.0,15.0,,,,7.0,129.6,33.9,
1701,6.0,12.0,,,,7.1,26.6,45.7,150.0
1701,11.0,9.0,,,,6.6,-72.65,18.42,
1703,12.0,31.0,,,,8.2,139.66,35.03,
1704,5.0,27.0,13.0,,,7.0,140.0,40.4,
1705,10.0,,,,,7.0,127.9,-4.0,
1705,11.0,24.0,,,,6.9,36.6,33.7,35.0
1707,10.0,28.0,14.0,,,8.6,136.0,33.0,
1707,10.0,29.0,6.0,,,7.0,138.6,35.1,
1709,10.0,14.0,,,,7.5,105.3,37.4,
1710,3.0,6.0,,,,7.0,129.9,-4.53,
1711,,,,,,7.0,-89.417,13.667,
1712,12.0,14.0,,,,7.1,-88.833,13.583,
1713,9.0,4.0,,,,7.0,103.7,32.0,
1715,8.0,23.0,,,,8.0,-70.8,-17.3,80.0
1716,,,,,,7.5,80.3,41.2,30.0
1716,2.0,3.0,2.0,,,7.0,3.1,36.7,
1717,,,,,,7.0,22.9,35.9,
1717,5.0,13.0,14.0,,,7.5,142.5,38.5,
1717,9.0,29.0,,,,7.4,-90.75,14.5,
1717,10.0,3.0,,,,7.0,-90.5,14.333,
1718,6.0,19.0,,,,7.5,105.2,35.0,
1718,8.0,22.0,14.0,,,7.0,137.9,35.3,
1719,3.0,5.0,,,,7.6,-89.0,13.667,
1719,5.0,25.0,,,,6.75,29.777,40.733,
1720,,,,,,7.0,-91.0,14.667,
1720,7.0,25.0,12.0,30.0,,7.4,80.0,30.0,
1721,4.0,26.0,7.0,,,7.7,46.7,37.9,
1724,10.0,12.0,2.0,45.0,,7.0,-12.5,39.0,
1724,11.0,,,,,6.75,-72.48,6.2,
1725,1.0,7.0,4.0,15.0,,7.5,-79.3,-9.2,60.0
1725,2.0,1.0,,,,6.8,114.2,52.36,
1725,8.0,1.0,,,,7.0,101.9,30.0,
1727,11.0,9.0,18.0,30.0,,6.57,-60.75,14.983,
1730,7.0,8.0,10.0,,,8.75,-71.63,-33.05,
1730,11.0,11.0,3.0,,,7.3,142.0,36.0,
1732,12.0,2.0,6.0,,,6.9,-77.6,-11.8,50.0
1733,5.0,,,,,7.0,-91.083,14.667,
1733,8.0,2.0,,,,7.75,103.1,26.2,
1733,11.0,30.0,,,,6.0,39.0,15.7,
1736,5.0,6.0,,,,7.2,-88.917,13.583,
1737,3.0,6.0,17.0,30.0,,7.36,26.966,40.224,
1737,10.0,17.0,15.0,30.0,,8.3,158.0,51.1,40.0
1737,11.0,4.0,8.0,,,7.8,163.0,55.5,20.0
1737,12.0,24.0,,,,7.5,-73.2,-39.8,
1738,6.0,11.0,10.0,,,7.7,26.6,45.7,130.0
1738,12.0,23.0,,,,6.5,96.6,33.3,
1738,12.0,26.0,1.0,,,7.1,157.5,55.0,350.0
1739,1.0,3.0,,,,8.0,106.5,38.8,
1740,4.0,5.0,,,,7.3,26.6,45.7,150.0
1741,1.0,31.0,1.0,15.0,,7.54,28.5,36.16,
1741,2.0,15.0,,,,7.0,-90.42,15.75,10.0
1741,8.0,25.0,,,,6.8,-78.1,-3.1,
1742,,,,,,7.2,-90.083,14.0,
1742,,,,,,7.1,-89.083,13.583,
1742,6.0,27.0,,,,7.7,109.5,53.5,
1742,8.0,10.0,,,,7.1,-91.5,14.5,
1743,2.0,20.0,16.0,30.0,,7.1,18.772,39.846,
1743,5.0,30.0,,,,7.8,-92.75,16.75,
1746,10.0,29.0,3.0,30.0,,8.8,-77.198,-11.996,30.0
1747,10.0,13.0,,,,7.1,-91.5,14.667,
1748,3.0,13.0,,,,7.1,-89.083,13.667,
1749,1.0,20.0,,,,7.4,-79.3,-4.0,
1750,,,,,,7.2,-86.0,10.9,45.0
1751,,,,,,7.0,80.0,31.3,
1751,3.0,4.0,,,,7.3,-90.833,14.667,
1751,5.0,21.0,2.0,,,7.2,138.2,37.1,
1751,5.0,25.0,5.0,30.0,,8.5,-73.03,-36.83,
1751,9.0,16.0,3.0,29.0,,6.8,-72.3,18.6,30.0
1751,10.0,18.0,,,,7.45,-70.84,18.36,
1751,11.0,21.0,,,,6.6,-72.32,18.54,
1754,6.0,15.0,,,,7.0,22.8,37.8,
1754,8.0,18.0,7.0,35.0,,7.0,128.5,-3.5,
1754,9.0,1.0,,,,7.8,-100.0,16.8,
1754,10.0,,,,,6.6,32.2,29.6,
1755,11.0,1.0,9.0,30.0,,8.5,-10.0,36.5,
1756,2.0,13.0,,,,7.5,27.5,36.3,
1756,11.0,3.0,,,,7.9,101.4,-4.5,
1757,10.0,4.0,,,,6.8,-90.75,14.5,
1759,11.0,25.0,,,,7.4,35.9,33.7,30.0
1760,7.0,11.0,,,,6.7,-76.0,19.9,30.0
1761,3.0,31.0,12.0,15.0,,7.5,-10.5,36.0,
1762,4.0,2.0,,,,8.8,93.5,20.0,
1762,10.0,31.0,14.0,,,7.0,138.7,38.1,
1763,1.0,29.0,18.0,,,7.7,142.5,41.0,
1763,3.0,11.0,12.0,,,7.3,142.0,41.0,
1763,3.0,15.0,14.0,,,7.0,142.0,41.0,
1763,9.0,12.0,9.0,,,7.0,130.0,-6.7,
1764,,,,,,6.8,-91.833,14.833,
1765,6.0,2.0,,,,6.9,-89.5,14.83,
1765,10.0,24.0,,,,7.9,-91.917,15.0,
1766,3.0,8.0,18.0,,,7.3,140.59,40.73,10.0
1766,5.0,22.0,,,,6.76,29.463,40.837,
1766,6.0,11.0,23.0,57.0,,7.5,-76.8,20.533,
1766,8.0,5.0,,,,7.08,27.108,40.665,
1766,10.0,21.0,4.0,30.0,,7.0,-62.5,11.0,85.0
1767,10.0,22.0,,,,7.0,139.05,35.13,
1769,8.0,29.0,15.0,,,7.8,132.1,33.0,
1770,,,,,,7.0,102.0,-5.3,
1770,6.0,3.0,,,,7.5,-72.86,18.5,
1771,4.0,24.0,8.0,,,7.4,124.3,24.0,
1772,6.0,3.0,,,,7.5,143.5,39.5,
1772,6.0,15.0,,,,7.0,-91.5,14.583,
1773,7.0,29.0,,,,7.5,-91.167,14.667,
1773,9.0,7.0,,,,6.8,-90.75,14.5,
1773,12.0,13.0,,,,7.1,-91.5,14.583,
1776,3.0,30.0,,,,7.2,-90.25,14.25,
1776,4.0,21.0,,,,7.7,-100.0,16.8,
1776,5.0,30.0,,,,7.9,-89.833,13.833,
1776,7.0,6.0,,,,6.8,-89.0,13.583,
1776,11.0,15.0,,,,7.0,-89.0,13.583,
1777,3.0,30.0,1.0,,,7.0,128.0,-4.0,
1780,1.0,8.0,24.0,,,7.7,46.0,38.2,
1780,1.0,19.0,,,,7.0,152.0,45.8,40.0
1780,1.0,22.0,7.0,39.0,,8.5,105.5,-8.6,
1780,5.0,31.0,,,,7.0,151.2,45.3,
1780,6.0,29.0,,,,7.5,151.0,46.0,40.0
1782,5.0,22.0,16.0,,,7.0,-69.2,-33.0,30.0
1782,8.0,23.0,,,,7.2,139.1,35.4,
1783,2.0,5.0,12.0,,,7.0,15.97,38.297,
1783,11.0,29.0,,,,6.6,-88.78,13.63,5.0
1784,5.0,13.0,12.0,36.0,,8.4,-72.0,-16.5,27.0
1784,7.0,18.0,,,,7.6,40.2,39.5,
1784,7.0,29.0,21.0,10.0,,6.75,-72.667,18.8,
1784,8.0,14.0,16.0,35.0,,7.1,-20.5,64.0,10.0
1785,1.0,6.0,,,,7.4,-89.7,15.5,5.0
1785,7.0,11.0,,,,6.9,-64.6,19.21,
1785,7.0,12.0,12.0,45.0,,7.0,-73.71,5.0,
1786,6.0,1.0,,,,7.75,102.0,29.9,
1786,6.0,10.0,,,,7.0,102.2,29.4,
1787,3.0,28.0,,,,8.6,-97.0,16.0,
1787,5.0,2.0,,,,6.9,-67.54,17.33,
1787,7.0,12.0,22.0,45.0,,7.4,122.25,11.05,
1789,5.0,11.0,1.0,,,7.0,134.3,33.7,
1789,5.0,28.0,,,,7.0,39.5,38.8,
1789,6.0,7.0,,,,7.0,102.9,31.0,
1790,4.0,6.0,19.0,29.0,,7.1,26.6,45.7,150.0
1790,10.0,9.0,1.0,15.0,,7.0,-0.6,35.7,
1790,12.0,2.0,1.0,,,7.5,162.0,54.0,20.0
1792,6.0,13.0,16.0,,,7.1,140.0,43.8,
1792,8.0,9.0,,,,7.0,120.6,23.6,
1792,8.0,22.0,18.0,,,8.4,162.0,54.0,40.0
1793,2.0,8.0,14.0,,,7.0,139.95,40.85,
1793,2.0,17.0,14.0,,,8.2,144.5,38.5,
1796,3.0,30.0,10.0,45.0,,7.5,-70.35,-27.35,
1796,4.0,26.0,,,,6.8,36.2,35.3,20.0
1797,2.0,4.0,12.0,45.0,,7.6,-78.6,-1.5,
1797,2.0,10.0,15.0,,,8.0,99.0,-2.0,
1799,8.0,27.0,,,,7.0,102.4,23.8,
1802,10.0,25.0,,,,6.7,-80.4,7.5,10.0
1802,10.0,26.0,10.0,55.0,,7.9,26.6,45.7,150.0
1803,9.0,1.0,1.0,30.0,,7.4,79.0,31.5,
1803,12.0,7.0,,,,7.1,-83.0,8.5,30.0
1804,,,,,,6.8,-92.667,16.5,
1804,7.0,10.0,22.0,,,7.0,139.95,39.05,
1805,6.0,16.0,,,,6.75,-74.75,5.22,
1806,3.0,25.0,,,,7.6,-103.41,20.215,
1806,6.0,11.0,,,,7.5,91.8,28.2,
1810,2.0,16.0,22.0,15.0,,7.5,25.6,35.5,90.0
1811,3.0,18.0,,,,6.75,120.8,24.8,
1811,12.0,16.0,8.0,15.0,,7.6,-89.96,36.0,
1811,12.0,16.0,14.0,15.0,,7.17,-90.0,36.0,
1812,1.0,23.0,15.0,,,7.5,-89.5,36.8,
1812,2.0,7.0,9.0,45.0,,7.8,-89.4,36.3,
1812,3.0,8.0,,,,8.0,83.5,43.7,
1812,3.0,26.0,20.0,7.0,,7.4,-68.95,10.2,
1812,3.0,26.0,20.0,7.0,,7.1,-67.1,10.6,
1812,4.0,21.0,,,,7.1,139.62,35.39,
1812,12.0,8.0,15.0,,,7.5,-117.65,34.37,
1812,12.0,21.0,19.0,,,7.1,-119.8,34.2,
1815,8.0,20.0,,,,7.2,-89.0,12.75,
1815,10.0,23.0,,,,6.75,111.2,34.8,
1815,11.0,22.0,15.0,,,7.0,115.0,-8.0,
1816,2.0,2.0,0.0,40.0,,7.0,-15.0,37.0,
1816,7.0,23.0,0.0,30.0,,7.7,-91.25,15.35,10.0
1816,10.0,14.0,,,,7.0,130.4,-4.6,
1816,12.0,8.0,,,,7.5,100.7,31.4,
1817,7.0,4.0,17.0,30.0,,7.0,-64.5,-28.0,30.0
1818,3.0,18.0,,,,7.5,101.6,-4.9,
1818,5.0,31.0,,,,8.2,-105.0,19.0,
1818,11.0,8.0,15.0,15.0,,8.5,117.0,-7.0,
1819,4.0,11.0,15.0,,,8.5,-70.35,-27.35,
1819,6.0,16.0,19.0,,,8.1,69.0,23.0,
1819,8.0,2.0,14.0,,,7.3,136.3,35.2,
1820,,,,,,6.2,11.6,-4.5,
1820,5.0,4.0,,,,7.8,-99.0,16.5,
1820,10.0,19.0,,,,6.5,-88.0,14.98,
1820,12.0,29.0,1.0,,,7.5,119.0,-7.0,
1822,4.0,3.0,,,,7.1,90.72,24.32,15.0
1822,5.0,7.0,,,,7.6,-83.15,9.63,20.0
1822,8.0,13.0,20.0,40.0,,7.4,36.9,36.7,
1822,11.0,20.0,2.0,30.0,,8.25,-71.63,-33.05,
1823,2.0,9.0,,,,7.9,84.69,7.62,15.0
1823,6.0,,8.0,0.0,,7.2,-155.0,19.25,
1824,10.0,26.0,,,,7.4,121.9,14.2,
1825,3.0,2.0,7.0,,,7.0,2.9,36.5,
1826,,,,,,8.0,167.4,-44.7,
1826,4.0,3.0,,,,7.1,-85.5,10.0,45.0
1827,9.0,1.0,,,,7.0,-91.46,13.75,
1827,11.0,16.0,23.0,,,7.75,-75.9,1.9,
1828,6.0,7.0,6.0,,,7.4,77.0,35.0,
1829,3.0,8.0,,,,6.9,101.0,51.7,
1829,9.0,26.0,14.0,30.0,,7.0,-71.63,-33.05,
1829,11.0,26.0,1.0,40.0,,7.3,26.6,45.8,150.0
1829,12.0,17.0,,,,7.1,-90.25,14.167,
1830,3.0,27.0,12.0,,,7.1,52.5,35.7,
1830,3.0,28.0,1.0,,,7.0,128.0,-4.05,
1830,6.0,12.0,,,,7.5,114.3,36.4,
1831,2.0,7.0,,,,7.1,-89.583,13.833,
1832,1.0,22.0,,,,7.3,71.0,36.5,
1833,8.0,26.0,,,,8.0,85.5,28.3,
1833,9.0,6.0,,,,8.0,103.0,25.0,
1833,9.0,18.0,10.0,45.0,,7.2,-71.01,-18.251,60.0
1833,10.0,2.0,,,,7.0,-85.5,10.0,45.0
1833,11.0,24.0,13.0,30.0,,9.0,100.0,-3.5,
1833,12.0,7.0,15.0,,,7.7,139.25,38.9,
1834,1.0,20.0,,,,7.4,-77.0,1.12,
1834,10.0,9.0,22.0,30.0,,7.0,107.0,-6.9,
1835,2.0,20.0,15.0,30.0,,8.25,-73.03,-36.83,
1835,7.0,20.0,14.0,,,7.0,142.5,38.5,
1835,10.0,31.0,19.0,,,7.0,128.1,-3.4,
1836,11.0,28.0,2.0,30.0,,7.5,118.7,-8.3,
1837,1.0,1.0,,,,7.0,35.5,33.3,
1837,9.0,29.0,7.0,15.0,,7.3,94.5,5.0,
1837,11.0,7.0,11.0,30.0,,8.0,-73.2,-39.8,
1837,11.0,23.0,,,,7.7,-98.0,16.0,
1838,,,,,,6.9,59.9,29.6,
1838,,,,,,7.0,175.0,-39.4,
1838,1.0,23.0,18.0,36.0,,7.5,26.6,45.7,150.0
1838,6.0,,,,,6.8,-122.23,37.27,
1839,1.0,11.0,5.0,55.0,,7.8,-60.5,14.5,
1839,3.0,23.0,,,,8.0,96.0,21.9,
1839,5.0,1.0,14.0,,,7.3,145.0,42.5,
1840,1.0,4.0,6.0,15.0,,7.0,110.5,-8.0,
1840,2.0,13.0,16.0,30.0,,7.0,127.33,0.8,
1840,2.0,18.0,,,,7.1,-86.0,10.5,35.0
1840,7.0,2.0,16.0,,,7.4,44.1,39.6,24.0
1841,5.0,17.0,21.0,,,8.4,159.5,52.5,30.0
1842,2.0,19.0,11.0,20.0,,7.6,71.0,34.7,
1842,5.0,7.0,17.0,14.0,,7.6,-72.817,20.1,
1842,6.0,11.0,,,,7.0,93.1,43.5,
1842,9.0,16.0,4.0,30.0,,7.3,98.6,32.1,
1842,11.0,11.0,21.0,38.0,,6.7,90.0,24.0,
1843,1.0,5.0,21.0,30.0,,7.5,97.8,1.2,
1843,2.0,8.0,,,,7.8,-61.49,16.34,
1843,4.0,25.0,,,,8.2,149.7,44.7,40.0
1843,7.0,8.0,4.0,45.0,,7.6,176.2,-39.6,
1844,5.0,,,,,7.1,-84.8,11.2,130.0
1844,4.0,16.0,9.0,20.0,,6.57,-66.6,18.8,
1844,8.0,30.0,3.0,10.0,,7.0,-60.717,12.083,
1844,9.0,18.0,23.0,,,6.5,-64.7,-24.8,30.0
1845,2.0,7.0,19.0,30.0,,7.0,122.6,2.6,
1845,2.0,12.0,,,,6.5,39.0,12.5,
1845,4.0,7.0,,,,8.3,-100.0,16.8,
1845,8.0,6.0,,,,7.1,90.89,26.09,15.0
1846,1.0,25.0,1.0,,,7.2,127.2,1.4,
1846,3.0,28.0,17.0,,,7.2,25.0,35.8,90.0
1846,8.0,4.0,,,,7.0,122.0,33.5,
1847,5.0,8.0,21.0,,,7.4,138.2,36.7,
1847,6.0,21.0,,,,7.5,152.0,46.0,40.0
1847,10.0,8.0,15.0,30.0,,7.0,-71.18,-31.61,
1847,10.0,31.0,8.0,30.0,,7.5,93.0,6.9,
1847,11.0,16.0,3.0,18.0,,7.0,108.3,-6.9,
1848,10.0,15.0,14.0,10.0,,7.5,173.7,-41.8,
1848,12.0,3.0,,,,6.75,120.5,24.1,
1849,1.0,25.0,5.0,10.0,,7.5,143.0,14.0,
1849,10.0,27.0,,,,7.4,-86.8,13.0,60.0
1849,10.0,28.0,9.0,,,7.5,166.0,55.0,20.0
1849,12.0,17.0,10.0,,,7.5,-71.37,-29.95,
1850,1.0,,,,,6.0,31.6,4.2,
1850,9.0,12.0,,,,7.5,102.4,27.7,
1850,12.0,6.0,10.0,52.0,,7.25,-70.22,-33.81,
1851,4.0,2.0,10.0,48.0,,7.5,-71.42,-33.32,
1851,5.0,26.0,17.0,10.0,,7.5,-70.35,-27.35,
1852,1.0,1.0,,,,7.3,-119.5,39.5,0.0
1852,1.0,9.0,11.0,9.0,,7.0,105.5,-6.5,
1852,7.0,7.0,6.0,30.0,,7.5,-78.517,19.383,
1852,8.0,20.0,8.0,36.0,,7.3,-76.15,19.65,
1852,9.0,16.0,10.0,30.0,,7.6,120.05,14.3,
1852,11.0,11.0,,,,7.3,97.7,1.1,
1852,11.0,25.0,23.0,50.0,,8.3,129.5,-4.3,
1852,11.0,26.0,15.0,15.0,,6.5,-75.833,19.833,
1852,12.0,16.0,,,,6.5,121.5,34.5,
1852,12.0,24.0,6.0,15.0,,7.0,130.5,-5.0,
1853,2.0,9.0,,,,6.8,-91.5,14.833,
1853,3.0,11.0,,,,7.0,139.15,35.31,
1853,4.0,14.0,,,,6.5,121.5,33.5,
1853,7.0,15.0,,,,6.7,-63.6,12.1,14.0
1853,9.0,8.0,,,,7.1,-85.5,10.0,40.0
1853,11.0,,,,,7.0,154.0,47.0,40.0
1854,2.0,15.0,3.0,,,6.3,39.0,12.8,
1854,4.0,16.0,,,,6.6,-89.14,13.68,5.0
1854,6.0,27.0,,,,7.0,158.0,50.5,40.0
1854,7.0,9.0,2.0,,,7.3,136.0,34.75,
1854,8.0,5.0,,,,7.0,-83.0,8.5,33.0
1854,12.0,23.0,9.0,,,8.4,137.8,34.0,
1854,12.0,24.0,16.0,,,8.4,135.0,33.0,
1854,12.0,26.0,10.0,,,7.4,132.0,33.3,
1855,1.0,23.0,9.0,32.0,,8.2,175.2,-41.2,33.0
1855,2.0,28.0,1.0,30.0,,7.02,29.067,40.183,
1855,3.0,11.0,18.0,55.0,,6.5,-17.5,2.0,
1855,4.0,25.0,,,,7.0,127.8,0.8,
1855,7.0,14.0,8.0,,,7.0,127.7,0.7,
1855,9.0,13.0,,,,7.3,142.0,38.1,
1855,9.0,25.0,,,,6.5,-86.0,16.02,
1855,11.0,7.0,18.0,,,7.3,137.75,34.5,
1855,11.0,11.0,,,,7.4,139.8,35.5,
1856,8.0,4.0,,,,7.0,-86.75,16.75,5.0
1856,8.0,23.0,12.0,,,7.7,142.3,41.0,
1856,10.0,12.0,2.0,45.0,,7.7,25.8,35.6,
1857,1.0,9.0,16.0,24.0,,7.9,-120.8,36.2,0.0
1857,5.0,13.0,2.0,30.0,,7.0,115.5,-8.0,
1857,10.0,12.0,8.0,,,7.3,132.5,34.0,
1857,12.0,16.0,21.0,15.0,,7.02,15.842,40.352,
1858,4.0,9.0,2.0,,,7.1,137.2,36.4,
1858,6.0,19.0,,,,7.5,-103.0,19.0,
1858,7.0,8.0,20.0,,,7.3,142.0,40.7,
1858,8.0,24.0,15.0,30.0,,7.6,95.1,19.1,
1858,11.0,13.0,8.0,,,7.4,126.0,1.0,
1859,3.0,22.0,,,,7.2,-78.75,0.02,
1859,6.0,28.0,12.0,30.0,,7.0,126.5,1.0,
1859,7.0,29.0,5.0,30.0,,7.2,125.5,0.0,
1859,8.0,25.0,,,,7.1,-87.75,13.25,
1859,10.0,5.0,12.0,,,7.5,-70.35,-27.35,
1859,12.0,8.0,,,,7.3,-89.0,13.833,
1860,1.0,19.0,,,,7.1,-90.75,14.667,
1860,10.0,23.0,,,,6.57,-67.15,18.217,
1860,12.0,3.0,,,,7.1,-89.25,13.75,
1861,2.0,16.0,12.0,10.0,,8.5,97.4,0.9,
1861,3.0,9.0,13.0,,,7.0,98.3,-1.2,
1861,3.0,20.0,23.0,,,7.0,-68.9,-32.9,30.0
1861,4.0,7.0,9.0,20.0,,7.0,98.3,-1.3,
1861,4.0,25.0,23.0,,,7.5,97.5,0.0,
1861,8.0,23.0,,,,6.7,-90.0,14.083,
1861,9.0,25.0,6.0,30.0,,7.0,98.0,-0.9,
1861,10.0,21.0,4.0,,,7.3,142.0,38.5,
1862,1.0,12.0,7.0,19.0,,7.5,106.7,52.3,40.0
1862,6.0,21.0,5.0,30.0,,7.0,24.4,36.9,150.0
1862,7.0,10.0,8.0,15.0,,6.8,-0.25,5.5,
1862,12.0,19.0,,,,8.1,-89.583,13.833,
1863,2.0,22.0,13.0,5.0,,7.5,176.5,-40.0,
1863,4.0,22.0,21.0,30.0,,7.5,27.6,36.4,90.0
1863,8.0,17.0,,,,7.5,168.5,-19.0,
1863,12.0,9.0,,,,7.3,-85.5,10.0,40.0
1864,5.0,22.0,16.0,30.0,,7.8,135.0,-3.0,
1864,6.0,14.0,,,,7.11,25.401,40.58,
1864,10.0,3.0,,,,7.4,-97.0,19.0,
1865,12.0,,,,,7.3,-86.0,12.0,10.0
1865,7.0,16.0,19.0,27.0,,7.0,110.3,-7.0,
1865,11.0,18.0,,,,8.0,-173.5,-19.5,
1865,12.0,15.0,,,,6.8,91.05,22.3,15.0
1866,5.0,12.0,18.0,,,7.2,41.0,39.2,
1866,5.0,23.0,,,,7.4,85.26,27.12,15.0
1866,9.0,6.0,,,,7.0,159.5,52.5,30.0
1867,1.0,2.0,7.0,13.0,56.0,7.3,2.833,36.466,
1867,2.0,4.0,4.0,19.0,,7.15,20.424,38.233,
1867,6.0,9.0,21.0,15.0,,8.0,111.6,-8.7,
1867,6.0,30.0,,,,7.1,-89.083,13.667,
1867,11.0,14.0,,,,7.3,-86.68,12.48,3.0
1867,11.0,18.0,14.0,45.0,,7.5,-65.133,18.1,
1867,12.0,18.0,,,,7.0,121.8,25.3,
1868,3.0,29.0,0.0,15.0,,7.0,-155.5,19.0,
1868,4.0,3.0,,,,7.5,-155.5,19.0,
1868,8.0,13.0,20.0,45.0,,8.5,-70.35,-18.5,
1868,8.0,15.0,,,,6.6,-77.92,0.7,
1868,8.0,16.0,,,,7.27,-78.43,0.38,
1868,10.0,18.0,12.0,35.0,,7.2,173.0,-40.2,
1868,10.0,21.0,15.0,53.0,,6.8,-122.1,37.7,
1869,1.0,10.0,17.0,,,7.3,93.0,25.5,
1869,8.0,24.0,16.0,30.0,,7.5,-70.23,-19.6,
1870,4.0,11.0,,,,7.25,99.1,30.0,
1870,6.0,12.0,,,,7.2,-90.167,14.167,
1870,10.0,20.0,16.0,30.0,,6.55,-70.5,47.4,
1871,2.0,20.0,8.0,42.0,,6.75,-157.0,20.8,15.0
1871,3.0,2.0,12.0,,,7.0,128.0,0.0,
1871,6.0,,,,,7.5,91.5,28.0,
1871,6.0,27.0,,,,7.0,-82.3,7.8,30.0
1871,8.0,18.0,13.0,16.0,,7.6,102.4,-5.3,
1871,10.0,5.0,9.0,,,7.0,-70.17,-20.2,
1871,11.0,5.0,0.0,45.0,,7.3,126.9,8.9,
1871,12.0,8.0,9.0,30.0,,7.0,123.75,7.3,
1871,12.0,19.0,11.0,,,7.2,126.9,8.5,
1871,12.0,23.0,18.0,,,7.1,58.4,37.4,
1872,3.0,14.0,17.0,,,7.1,132.1,35.15,
1872,3.0,26.0,,,,7.45,-118.1,36.65,
1872,3.0,26.0,14.0,6.0,,6.8,-118.2,36.9,0.0
1872,4.0,3.0,7.0,40.0,,7.2,36.5,36.4,
1872,4.0,11.0,19.0,,,6.8,-118.5,37.5,0.0
1872,12.0,15.0,5.0,37.0,,6.8,-119.9,47.76,
1873,,,,,,8.0,146.0,-5.5,
1873,2.0,22.0,,,,7.0,-89.0,13.6,100.0
1873,3.0,4.0,22.0,30.0,,7.3,-88.7,13.7,100.0
1873,3.0,19.0,,,,7.1,-89.167,13.667,
1873,11.0,23.0,5.0,,,7.3,-124.2,42.2,
1873,12.0,15.0,,,,6.0,127.5,-26.25,
1874,5.0,3.0,7.0,,,7.1,39.5,38.5,
1874,9.0,3.0,,,,7.1,-90.833,14.667,
1874,11.0,16.0,,,,7.0,27.9,36.5,
1875,,,,,,7.0,147.0,-6.0,
1875,2.0,11.0,,,,7.1,-104.0,21.0,
1875,3.0,27.0,22.0,30.0,,7.8,111.5,-9.8,
1875,3.0,28.0,12.0,,,8.0,168.5,-20.0,
1875,5.0,10.0,,,,7.0,168.0,-18.5,
1875,5.0,18.0,,,,7.41,-72.6,7.95,
1875,10.0,24.0,22.0,50.0,,7.0,108.3,-6.9,
1875,11.0,2.0,,,,6.0,38.5,16.0,
1876,7.0,25.0,20.0,,,7.2,126.4,10.1,
1877,5.0,10.0,2.0,16.0,,8.0,-70.23,-19.6,
1878,1.0,10.0,,,,7.5,168.5,-19.0,
1878,1.0,23.0,,,,7.9,-77.0,-20.05,40.0
1878,2.0,11.0,,,,8.0,168.5,-19.0,
1878,3.0,2.0,12.0,30.0,,6.7,73.2,34.0,
1878,5.0,9.0,4.0,25.0,,7.0,-125.2,40.4,
1878,10.0,11.0,5.0,50.0,,6.3,-15.0,2.5,
1879,2.0,2.0,10.0,30.0,,7.0,-70.67,-53.0,
1879,5.0,29.0,,,,7.0,-82.9,8.0,10.0
1879,7.0,1.0,,,,8.0,104.7,33.2,
1880,7.0,18.0,4.0,40.0,,7.6,121.55,14.9,
1880,8.0,15.0,12.0,48.0,,7.5,-71.18,-31.62,
1881,4.0,29.0,,,,7.3,-86.3,11.5,130.0
1881,10.0,25.0,21.0,22.0,,7.0,147.3,43.3,
1881,12.0,31.0,1.0,49.0,,7.9,92.43,8.52,15.0
1881,12.0,31.0,,,,7.0,92.55,10.8,
1882,3.0,3.0,,,,7.0,-84.25,8.72,20.0
1882,7.0,19.0,,,,6.7,-98.0,18.0,
1882,9.0,7.0,,,,7.9,-79.0,10.0,20.0
1882,10.0,10.0,,,,7.5,129.9,-4.5,
1883,8.0,,,,,6.0,9.5,30.2,
1883,10.0,,,,,7.0,81.2,30.2,
1884,2.0,10.0,5.0,,,6.9,42.5,37.5,
1884,7.0,20.0,9.0,30.0,,6.2,39.6,15.7,
1885,2.0,22.0,7.0,30.0,,7.2,127.1,7.9,
1885,4.0,29.0,21.0,53.0,,7.2,127.5,-2.5,
1885,5.0,29.0,2.0,45.0,,6.3,74.6,34.1,
1885,7.0,23.0,2.0,45.0,,7.0,123.1,8.85,
1885,10.0,10.0,,,,7.0,-86.75,12.25,60.0
1886,8.0,27.0,,,,7.16,21.467,36.988,
1886,9.0,1.0,2.0,51.0,,6.9,-80.2,33.0,
1887,2.0,2.0,15.0,,,7.3,122.05,11.45,
1887,5.0,3.0,9.0,,,7.5,-109.25,30.8,
1887,5.0,14.0,7.0,30.0,,7.0,24.617,40.209,
1887,6.0,8.0,23.0,35.0,,7.3,76.8,43.1,20.0
1887,7.0,17.0,7.0,45.0,,7.2,25.8,35.7,100.0
1887,9.0,23.0,6.0,55.0,,6.7,-73.733,19.95,
1887,11.0,29.0,13.0,30.0,,6.7,0.0,35.583,
1887,12.0,16.0,,,,7.0,102.5,23.7,
1888,1.0,10.0,13.0,,,6.5,-62.2,11.3,0.0
1888,6.0,13.0,,,,7.5,119.0,38.5,
1888,8.0,31.0,16.0,45.0,,7.0,172.55,-42.6,
1889,1.0,17.0,,,,7.0,-85.8,10.25,30.0
1889,7.0,11.0,22.0,14.0,,8.3,78.7,43.2,40.0
1889,9.0,6.0,,,,8.0,125.6,3.1,
1889,10.0,6.0,3.0,15.0,,7.3,127.0,5.9,
1890,2.0,9.0,,,,7.2,-116.5,34.7,
1890,12.0,12.0,0.0,50.0,,7.0,111.0,-6.4,
1891,1.0,15.0,4.0,,,7.0,1.8,36.5,
1891,6.0,24.0,19.0,42.0,,7.2,126.0,7.6,
1891,9.0,9.0,,,,7.1,-89.167,13.617,
1891,10.0,5.0,,,,7.0,124.0,-9.0,
1891,10.0,28.0,6.0,38.0,,8.0,136.6,35.6,
1892,1.0,26.0,16.0,48.0,,6.1,149.5,-40.3,
1892,2.0,24.0,7.0,20.0,,7.3,-115.65,32.55,0.0
1892,5.0,16.0,11.0,10.0,,7.5,143.0,14.0,
1892,5.0,17.0,13.0,,,7.5,98.0,0.8,
1892,11.0,18.0,,,,7.0,127.75,-3.0,
1893,3.0,2.0,22.0,51.0,,7.1,38.3,38.0,
1893,6.0,4.0,2.0,27.0,,7.7,148.0,43.5,
1893,6.0,21.0,7.0,30.0,,7.3,126.1,7.65,
1893,8.0,17.0,14.0,45.0,,7.1,26.6,45.7,100.0
1893,8.0,29.0,,,,7.0,101.5,30.6,
1893,11.0,17.0,15.0,,,7.0,58.4,37.0,
1894,3.0,22.0,19.0,23.0,,7.9,146.0,42.5,
1894,4.0,28.0,,,,7.56,-71.7,8.7,
1894,6.0,20.0,14.0,4.0,,7.0,139.8,35.7,
1894,8.0,31.0,12.0,20.0,,7.1,26.6,45.7,130.0
1894,10.0,22.0,17.0,35.0,,7.0,139.9,38.9,
1894,10.0,27.0,19.0,30.0,,7.5,-68.4,-30.5,30.0
1895,1.0,18.0,22.0,48.0,,7.2,140.4,36.1,
1895,3.0,6.0,8.0,35.0,,7.5,150.0,-8.5,
1895,7.0,5.0,,,,7.0,75.1,37.7,
1895,7.0,8.0,,,,7.5,54.6,39.5,
1896,1.0,9.0,22.0,17.0,,7.3,141.0,36.5,
1896,3.0,,,,,7.0,98.0,32.5,
1896,3.0,4.0,5.0,5.0,,7.1,76.0,37.0,40.0
1896,4.0,18.0,,,,7.0,126.0,-8.3,
1896,5.0,3.0,13.0,45.0,,7.0,-80.45,-0.51,
1896,6.0,15.0,19.0,32.0,,8.2,144.0,39.5,
1896,8.0,31.0,17.0,6.0,,7.2,140.7,39.5,
1896,9.0,23.0,23.0,20.0,,7.5,71.0,37.0,160.0
1896,11.0,18.0,2.0,6.0,,7.6,146.0,43.5,40.0
1897,2.0,20.0,5.0,50.0,,7.4,141.9,38.1,
1897,5.0,10.0,5.0,26.0,,6.1,139.75,-37.33,
1897,6.0,12.0,11.0,6.0,,8.0,91.0,25.5,
1897,8.0,5.0,9.0,10.0,,7.7,143.3,38.3,
1897,9.0,20.0,16.0,25.0,,7.7,-76.791,-11.913,70.0
1897,9.0,21.0,5.0,12.0,,8.7,122.0,6.0,
1897,10.0,19.0,7.0,52.0,,8.1,125.0,12.4,
1898,4.0,23.0,8.0,37.0,,7.2,142.0,38.6,
1898,4.0,29.0,,,,7.4,-86.0,12.0,100.0
1898,6.0,2.0,21.0,40.0,,7.0,22.6,37.6,90.0
1898,9.0,1.0,18.0,,,7.0,124.7,24.5,
1898,11.0,17.0,12.0,48.0,,7.2,168.5,-16.5,
1899,1.0,14.0,2.0,36.0,,7.0,-110.0,20.0,0.0
1899,1.0,24.0,23.0,43.0,,7.9,-100.5,17.1,0.0
1899,3.0,7.0,9.0,55.0,,7.0,136.1,34.1,
1899,4.0,16.0,,,,7.1,-126.0,41.0,
1899,4.0,17.0,1.0,36.0,,7.1,-167.0,-27.0,
1899,5.0,8.0,3.0,39.0,,7.2,146.0,43.0,40.0
1899,6.0,3.0,4.0,30.0,,7.2,-85.0,0.0,
1899,6.0,14.0,11.0,9.0,,7.3,-77.0,18.0,
1899,7.0,14.0,13.0,32.0,,7.2,-151.71,58.65,
1899,8.0,24.0,15.0,9.0,,7.2,165.0,-27.0,
1899,9.0,4.0,0.0,22.0,,7.9,-143.05,59.43,
1899,9.0,4.0,4.0,40.0,,6.9,-142.0,60.0,
1899,9.0,10.0,17.0,4.0,,7.4,-139.07,58.62,
1899,9.0,10.0,21.0,41.0,,8.0,-139.5,59.39,
1899,9.0,23.0,11.0,4.0,,6.9,-143.0,60.0,
1899,9.0,23.0,12.0,50.0,,7.0,-143.0,59.0,
1899,9.0,29.0,17.0,3.0,,7.4,128.5,-3.0,
1899,10.0,19.0,9.0,16.0,,7.1,148.0,-5.0,
1899,11.0,24.0,9.0,56.0,,7.2,128.0,0.0,
1899,11.0,25.0,3.0,43.0,,7.1,132.0,31.9,
1900,1.0,5.0,19.0,,,7.0,102.0,-3.0,
1900,1.0,11.0,9.0,7.0,,7.0,148.0,-5.0,
1900,1.0,14.0,,,,7.0,106.8,-6.9,
1900,1.0,20.0,6.0,33.0,,7.3,-105.0,20.0,0.0
1900,1.0,31.0,19.0,22.0,,7.5,146.0,48.0,450.0
1900,5.0,12.0,2.0,23.0,,7.0,141.1,38.7,
1900,5.0,16.0,20.0,12.0,,6.9,-105.0,20.0,0.0
1900,6.0,21.0,,,,7.2,-85.5,10.0,50.0
1900,7.0,29.0,6.0,59.0,,7.6,165.0,-10.0,
1900,9.0,17.0,21.0,45.0,,7.1,148.0,-5.0,
1900,10.0,7.0,21.0,4.0,,7.0,135.5,-2.2,
1900,10.0,9.0,12.0,24.0,,7.69,-152.42,58.39,
1900,10.0,29.0,9.0,11.0,,7.7,-66.2,10.52,
1900,11.0,9.0,16.0,10.0,,7.0,-90.0,13.0,0.0
1900,11.0,24.0,7.0,57.0,,7.0,148.0,43.5,35.0
1900,12.0,25.0,14.0,9.0,,7.1,146.0,43.0,
1901,1.0,7.0,0.0,29.0,,7.2,-82.0,-2.0,0.0
1901,1.0,18.0,4.0,39.0,,7.1,-135.0,60.0,0.0
1901,3.0,5.0,10.0,45.0,,6.9,-110.0,25.0,0.0
1901,3.0,16.0,11.0,54.0,,6.9,35.0,-7.0,
1901,3.0,31.0,7.0,10.0,24.0,7.2,28.7,43.4,14.0
1901,4.0,5.0,22.0,30.0,,7.5,148.0,45.0,30.0
1901,5.0,25.0,0.0,32.0,,7.2,160.0,-10.0,
1901,6.0,15.0,18.0,34.0,,7.0,143.0,39.0,
1901,6.0,24.0,16.0,2.0,,7.5,130.0,28.0,
1901,8.0,9.0,18.0,23.0,,7.2,142.5,40.5,
1901,8.0,9.0,13.0,1.0,,7.9,170.0,-22.0,
1901,8.0,10.0,3.0,33.0,,7.4,142.3,40.6,
1901,10.0,8.0,,,,7.0,-87.5,11.0,20.0
1901,11.0,21.0,19.0,19.0,,6.7,-76.32,-14.177,80.0
1901,11.0,25.0,1.0,51.0,,7.0,127.0,3.0,
1901,12.0,9.0,2.0,17.0,,7.1,-110.0,26.0,0.0
1901,12.0,14.0,22.0,57.0,,7.0,122.0,14.0,
1901,12.0,31.0,9.0,2.0,,7.1,-177.0,52.0,0.0
1902,1.0,1.0,5.0,20.0,,7.0,-165.0,55.0,0.0
1902,1.0,2.0,14.0,8.0,,6.8,-78.4,-9.0,80.0
1902,1.0,12.0,22.0,18.0,,7.0,122.0,3.0,
1902,1.0,16.0,,,,7.0,-99.72,17.62,0.0
1902,1.0,18.0,,,,6.7,-91.667,14.667,
1902,1.0,24.0,23.0,27.0,,7.2,150.0,-8.0,
1902,1.0,30.0,23.0,1.0,,7.0,141.3,40.5,
1902,2.0,17.0,0.0,31.0,,6.9,-70.0,20.0,0.0
1902,2.0,26.0,,,,8.0,-89.833,13.59,
1902,3.0,5.0,19.0,3.0,,6.8,-70.0,-20.0,0.0
1902,4.0,19.0,2.0,23.0,,7.47,-91.0,14.0,0.0
1902,5.0,2.0,11.0,31.0,,7.0,144.0,39.0,35.0
1902,6.0,11.0,5.0,,,8.0,148.0,50.0,600.0
1902,8.0,22.0,11.0,,,8.25,76.2,39.9,
1902,9.0,22.0,1.0,46.0,,7.5,146.0,18.0,
1902,9.0,23.0,20.0,18.0,,7.81,-93.0,16.0,0.0
1902,10.0,6.0,9.0,15.0,,7.2,70.5,36.5,200.0
1902,12.0,12.0,23.0,10.0,,7.1,-114.0,29.0,0.0
1903,1.0,4.0,5.0,7.0,,7.8,-175.0,-20.0,
1903,1.0,14.0,,,,7.69,-93.0,15.0,
1903,1.0,17.0,16.0,5.0,,7.0,-170.0,50.0,0.0
1903,2.0,1.0,9.0,,,7.5,104.4,43.4,30.0
1903,2.0,6.0,7.0,,,7.0,104.4,43.4,33.0
1903,2.0,27.0,0.0,43.0,,7.3,106.0,-6.0,
1903,4.0,28.0,23.0,39.0,,7.02,42.6,39.1,
1903,5.0,13.0,6.0,34.0,,7.0,168.0,-17.0,
1903,6.0,2.0,13.0,17.0,,6.9,-157.72,61.78,
1903,6.0,4.0,14.0,56.0,,6.4,31.0,2.0,
1903,8.0,11.0,4.0,32.0,54.0,7.6,23.0,36.3,120.0
1903,12.0,7.0,14.0,44.0,,6.8,-70.0,-27.0,0.0
1903,12.0,28.0,2.0,56.0,,7.1,127.0,7.0,
