Year,Month,Day,Hour,Minute,Second,Magnitude,Latitude,Longitude,Depth
2020,12,23,14,58,24,4.5,38.39228,21.99747,8.345
2020,12,23,15,02,13,2.5,38.38724,22.01582,7.165
2020,12,23,15,02,50,3.6,38.38477,21.99151,5.953
2020,12,23,15,11,36,1.4,38.38005,22.01193,6.853
2020,12,23,15,17,10,3.0,38.38095,22.01553,6.830
2020,12,23,15,29,58,2.0,38.37665,21.99723,7.056
2020,12,23,15,40,29,2.2,38.38751,22.01369,7.192
2020,12,23,15,43,10,3.1,38.37873,22.00728,6.878
2020,12,23,15,55,21,2.3,38.38162,22.02028,7.130
2020,12,23,16,13,55,0.8,38.37971,22.01238,6.904
2020,12,23,16,21,22,1.7,38.38175,22.01290,6.722
2020,12,23,16,35,02,1.2,38.38175,22.01345,6.871
2020,12,23,16,36,54,2.0,38.38341,22.01341,6.878
2020,12,23,16,40,24,1.9,38.39104,22.00652,7.399
2020,12,23,17,41,50,1.8,38.38634,22.01182,7.235
2020,12,23,17,43,42,2.2,38.37927,22.01536,6.915
2020,12,23,18,22,13,1.6,38.38762,22.01301,7.302
2020,12,23,18,23,46,3.1,38.38407,22.02074,7.518
2020,12,23,18,40,55,1.6,38.38183,22.01427,6.915
2020,12,23,18,49,32,2.5,38.38495,22.02123,7.164
2020,12,23,18,50,13,2.4,38.38438,22.01811,7.188
2020,12,23,19,21,47,1.9,38.38781,22.01630,7.183
2020,12,23,19,27,43,3.0,38.37798,22.00626,6.861
2020,12,23,19,36,14,2.1,38.38219,22.02281,7.364
2020,12,23,19,50,15,1.5,38.38527,22.02220,7.166
2020,12,23,19,54,07,1.5,38.38399,22.02339,7.233
2020,12,23,19,58,06,1.8,38.38026,21.99647,7.053
2020,12,23,19,58,55,0.8,38.37957,22.02404,7.155
2020,12,23,20,00,09,1.0,38.38188,22.02406,7.372
2020,12,23,20,02,24,3.7,38.38925,22.02611,7.390
2020,12,23,20,08,07,1.3,38.38131,22.02289,7.195
2020,12,23,20,08,41,1.7,38.38308,22.02396,6.674
2020,12,23,20,10,06,0.8,38.38444,22.02422,7.268
2020,12,23,20,11,43,1.2,38.38759,22.01223,7.430
2020,12,23,20,15,48,1.5,38.38175,22.01963,7.137
2020,12,23,20,16,32,1.9,38.38311,22.01937,7.487
2020,12,23,20,17,38,2.7,38.38149,22.01757,6.907
2020,12,23,20,22,25,1.8,38.38199,22.02237,7.143
2020,12,23,20,24,12,0.9,38.38165,22.00908,6.919
2020,12,23,20,46,32,1.9,38.38471,22.02405,7.216
2020,12,23,20,47,39,1.1,38.37622,22.03236,10.143
2020,12,23,20,48,57,1.5,38.37680,22.03037,10.062
2020,12,23,20,49,06,1.7,38.36082,21.99888,5.965
2020,12,23,20,51,11,2.0,38.38712,22.01128,7.491
2020,12,23,20,52,22,0.9,38.38155,22.00852,6.904
2020,12,23,20,52,50,1.3,38.38015,22.01259,6.711
2020,12,23,20,55,56,1.7,38.37678,22.01655,6.696
2020,12,23,21,24,25,1.8,38.38306,22.01762,7.336
2020,12,23,21,26,04,0.9,38.38088,22.00596,7.050
2020,12,23,21,36,41,1.7,38.38313,22.01998,7.200
2020,12,23,21,36,57,1.9,38.37951,22.01542,6.879
2020,12,23,22,14,59,1.5,38.37614,21.99994,6.891
2020,12,23,22,20,29,2.7,38.38027,22.00295,6.850
2020,12,23,22,36,15,1.8,38.38047,22.00269,6.841
2020,12,23,22,37,38,1.8,38.37775,22.00048,6.755
2020,12,23,23,18,38,1.4,38.37737,22.02179,6.524
2020,12,23,23,34,38,1.5,38.38014,21.99680,7.062
2020,12,23,23,47,57,1.7,38.37699,21.99786,6.969
2020,12,23,23,58,02,1.6,38.38069,22.01650,6.757
2020,12,24,00,03,11,1.6,38.37778,21.99723,7.010
2020,12,24,00,03,42,2.0,38.37709,21.99776,6.972
2020,12,24,00,19,49,1.0,38.41744,22.02134,9.907
2020,12,24,00,42,22,0.6,38.37675,22.02521,6.828
2020,12,24,00,53,01,1.5,38.37999,22.01797,6.750
2020,12,24,01,15,05,1.9,38.37964,22.01603,6.740
2020,12,24,01,21,19,1.6,38.38088,22.02130,7.435
2020,12,24,01,38,45,1.3,38.37778,22.01494,6.759
2020,12,24,01,45,13,3.4,38.38319,22.02307,6.675
2020,12,24,01,52,50,2.5,38.37961,22.01362,6.878
2020,12,24,01,54,51,1.2,38.37801,22.01366,6.779
2020,12,24,01,56,22,1.1,38.37938,22.01606,6.865
2020,12,24,02,40,19,1.0,38.37853,22.02426,6.881
2020,12,24,03,02,53,2.1,38.37879,22.00934,6.440
2020,12,24,03,18,21,1.9,38.38171,22.02429,7.523
2020,12,24,04,57,23,1.5,38.38169,22.02469,7.529
2020,12,24,05,25,06,1.8,38.38338,21.99780,7.300
2020,12,24,05,32,52,2.0,38.38443,22.02284,7.251
2020,12,24,05,39,25,1.4,38.37765,22.02839,6.998
2020,12,24,05,48,28,1.4,38.38202,22.02370,7.379
2020,12,24,05,49,39,0.9,38.38190,22.00813,7.019
2020,12,24,05,51,52,1.4,38.37564,22.02517,6.590
2020,12,24,06,36,21,2.2,38.37909,22.02539,6.962
2020,12,24,07,48,17,1.3,38.38230,22.02228,7.404
2020,12,24,07,49,19,1.2,38.38158,22.02236,7.461
2020,12,24,07,50,53,1.0,38.38331,22.02210,7.321
2020,12,24,07,57,08,1.5,38.38011,22.01029,6.734
2020,12,24,08,24,19,1.6,38.37731,22.02512,6.541
2020,12,24,09,32,53,1.7,38.37550,21.99877,6.867
2020,12,24,10,27,07,2.1,38.37895,22.02694,7.005
2020,12,24,11,23,46,1.1,38.38179,22.02291,7.141
2020,12,24,11,26,04,1.5,38.38194,22.02240,7.145
2020,12,24,13,05,59,1.4,38.37708,22.02554,6.518
2020,12,24,13,11,04,2.3,38.37810,22.01288,6.787
2020,12,24,13,15,05,1.3,38.37735,22.01603,6.668
2020,12,24,13,16,17,2.2,38.37920,22.01202,6.825
2020,12,24,13,19,30,1.1,38.38260,22.02099,7.365
2020,12,24,13,29,29,2.5,38.37747,22.01255,6.675
2020,12,24,13,42,45,2.0,38.38037,22.00894,6.786
2020,12,24,13,44,47,1.7,38.37733,22.01550,6.667
2020,12,24,13,44,58,1.6,38.37719,22.01628,6.678
2020,12,24,13,45,48,2.0,38.37931,22.01544,6.650
2020,12,24,14,18,29,1.7,38.37964,22.01121,6.749
2020,12,24,14,36,09,2.0,38.37594,22.00066,6.784
2020,12,24,14,55,27,2.2,38.37917,22.01500,6.858
2020,12,24,15,26,44,2.3,38.37919,22.01216,6.719
2020,12,24,15,30,07,2.1,38.37862,22.01105,6.746
2020,12,24,15,43,00,2.0,38.38238,22.02248,7.378
2020,12,24,17,43,08,1.0,38.38200,21.99726,6.927
2020,12,24,17,49,58,1.0,38.38221,21.99643,6.926
2020,12,24,17,52,48,1.8,38.38311,21.99871,6.789
2020,12,24,17,54,09,1.4,38.38334,22.01879,7.362
2020,12,24,18,36,00,1.5,38.38173,22.03547,7.234
2020,12,24,18,48,21,1.8,38.37756,22.02976,7.009
2020,12,24,19,56,33,1.5,38.38037,22.01326,6.764
2020,12,24,20,22,05,1.3,38.38112,22.01525,7.471
2020,12,24,20,31,08,1.1,38.37932,22.01251,6.759
2020,12,24,20,43,27,1.1,38.37690,22.02893,6.717
2020,12,24,21,28,11,1.8,38.38399,22.02714,7.171
2020,12,24,21,51,20,1.4,38.38488,22.02561,7.319
2020,12,24,22,01,02,0.4,38.38420,22.02735,7.207
2020,12,24,22,46,02,2.6,38.38199,22.02571,7.523
2020,12,24,22,49,42,0.9,38.38367,22.01340,6.701
2020,12,25,00,32,09,1.5,38.37631,21.99779,6.869
2020,12,25,01,27,33,0.4,38.37409,22.02653,6.064
2020,12,25,01,27,59,1.0,38.37519,22.02483,6.498
2020,12,25,03,25,11,1.4,38.37838,22.02074,7.112
2020,12,25,03,43,29,1.2,38.37518,22.02271,6.503
2020,12,25,04,04,29,1.4,38.38428,22.01907,6.577
2020,12,25,04,49,53,1.8,38.37847,22.02846,7.047
2020,12,25,07,15,06,1.9,38.37518,22.02498,6.501
2020,12,25,07,23,31,0.5,38.39914,21.91451,7.510
2020,12,25,08,33,04,1.9,38.37651,22.02441,6.429
2020,12,25,08,36,25,1.4,38.37370,22.01524,6.626
2020,12,25,08,40,06,2.1,38.37432,22.01472,6.651
2020,12,25,09,55,07,1.8,38.37922,22.00450,6.723
2020,12,25,10,53,41,1.7,38.38074,22.02132,7.431
2020,12,25,11,25,14,1.3,38.37914,22.02356,6.631
2020,12,25,11,29,32,2.2,38.38372,22.01535,7.145
2020,12,25,11,40,43,1.4,38.37828,22.02462,6.638
2020,12,25,12,04,12,1.3,38.42460,22.00851,10.738
2020,12,25,12,12,50,1.3,38.38391,22.01193,7.049
2020,12,25,12,19,18,2.5,38.37579,21.99593,6.733
2020,12,25,12,49,37,1.3,38.38383,22.01168,7.050
2020,12,25,13,01,47,1.4,38.37608,21.99434,6.809
2020,12,25,14,06,48,1.2,38.37822,22.02557,6.625
2020,12,25,14,07,41,1.5,38.37682,22.01925,6.710
2020,12,25,14,16,39,1.3,38.38406,21.99687,6.798
2020,12,25,14,26,55,1.7,38.37489,22.02042,6.522
2020,12,25,14,37,05,1.1,38.37981,22.02508,6.940
2020,12,25,15,12,13,1.6,38.37908,22.02338,6.636
2020,12,25,15,28,50,1.2,38.37591,21.99503,6.785
2020,12,25,16,31,14,1.3,38.37383,22.01239,6.113
2020,12,25,16,44,58,1.3,38.37567,22.02049,6.470
2020,12,25,16,48,05,1.2,38.37541,22.02033,6.465
2020,12,25,16,49,10,1.5,38.38312,21.99511,7.207
2020,12,25,18,01,40,0.9,38.37930,22.00934,6.464
2020,12,25,18,33,42,1.1,38.37594,21.99627,6.790
2020,12,25,18,52,51,2.3,38.37405,22.02216,6.568
2020,12,25,19,05,13,1.2,38.38797,21.99046,6.793
2020,12,25,20,07,27,2.0,38.37635,22.02251,6.415
2020,12,25,20,41,48,1.6,38.37519,22.02256,6.502
2020,12,25,21,00,15,1.4,38.37534,22.02108,6.482
2020,12,25,21,33,33,1.4,38.37551,22.01949,6.541
2020,12,25,21,38,36,1.4,38.38187,22.02526,7.537
2020,12,25,23,01,16,1.1,38.37362,22.01713,6.607
2020,12,25,23,03,21,1.2,38.37911,22.02300,6.635
2020,12,25,23,36,44,1.9,38.38179,22.02459,7.526
2020,12,26,00,15,54,1.6,38.38219,22.02676,7.467
2020,12,26,00,17,44,1.7,38.39158,21.99846,8.364
2020,12,26,00,35,55,1.3,38.37829,22.02465,6.642
2020,12,26,01,16,06,1.2,38.38161,22.01269,7.531
2020,12,26,02,15,48,1.3,38.38275,22.01272,7.420
2020,12,26,03,27,22,1.0,38.38577,22.00229,6.630
2020,12,26,03,28,36,1.5,38.38258,22.01566,7.313
2020,12,26,03,38,23,1.4,38.37674,22.02329,6.665
2020,12,26,04,50,09,1.6,38.37436,21.99807,6.745
2020,12,26,06,34,04,1.8,38.37725,22.02440,6.403
2020,12,26,06,55,25,1.5,38.37611,22.02433,6.448
2020,12,26,07,25,04,1.5,38.37709,22.02569,6.421
2020,12,26,07,54,26,2.3,38.37864,22.02298,6.791
2020,12,26,08,17,52,2.3,38.37572,22.01917,6.486
2020,12,26,08,22,51,2.5,38.37637,21.99543,6.925
2020,12,26,10,19,40,0.7,38.37628,22.02038,6.440
2020,12,26,10,55,22,1.2,38.37501,22.01788,6.562
2020,12,26,11,54,17,1.5,38.38343,22.02151,7.333
2020,12,26,12,50,02,1.5,38.37975,22.02514,6.934
2020,12,26,12,54,28,1.8,38.37273,22.01774,6.563
2020,12,26,14,26,23,1.4,38.37413,22.01621,6.633
2020,12,26,14,34,48,1.1,38.38167,22.01302,7.498
2020,12,26,14,51,32,1.6,38.37810,22.02515,6.490
2020,12,26,15,16,50,1.9,38.37308,22.01517,6.613
2020,12,26,15,46,05,2.8,38.37637,22.01529,6.542
2020,12,26,15,56,13,1.4,38.37681,22.01737,6.537
2020,12,26,16,04,22,1.7,38.37533,22.02460,6.486
2020,12,26,16,06,22,1.4,38.37409,22.02497,6.550
2020,12,26,16,18,11,1.7,38.37806,22.01556,6.800
2020,12,26,16,38,49,2.1,38.37682,22.02884,6.787
2020,12,26,16,51,53,1.5,38.38787,22.01577,7.488
2020,12,26,17,37,04,1.9,38.37450,22.01881,6.428
2020,12,26,17,48,14,1.2,38.37475,22.01902,6.437
2020,12,26,18,04,06,1.4,38.37846,22.02166,6.562
2020,12,26,18,46,43,1.7,38.37713,22.01728,6.561
2020,12,26,19,12,45,1.3,38.37489,22.01969,6.442
2020,12,26,20,23,04,1.4,38.37884,22.02712,6.788
2020,12,26,20,46,58,1.9,38.37301,22.01755,6.605
2020,12,26,21,09,27,1.4,38.38201,22.01792,7.424
2020,12,26,21,14,49,1.5,38.37489,22.02119,6.388
2020,12,26,21,22,17,1.3,38.38185,22.02302,7.387
2020,12,26,23,39,18,0.7,38.38431,22.01343,7.392
2020,12,27,00,27,51,1.6,38.39772,22.00306,8.101
2020,12,27,01,05,59,1.1,38.37305,22.02083,6.611
2020,12,27,01,10,03,1.1,38.39764,22.00264,8.096
2020,12,27,02,14,57,1.0,38.37892,22.01338,6.695
2020,12,27,02,17,37,1.1,38.37308,22.02502,6.584
2020,12,27,02,32,46,1.4,38.37422,22.02128,6.398
2020,12,27,03,05,15,1.4,38.38143,22.01826,7.479
2020,12,27,03,34,05,0.9,38.38149,22.01846,7.487
2020,12,27,05,28,49,1.5,38.38235,22.01719,7.390
2020,12,27,05,47,33,1.5,38.38080,22.03118,7.092
2020,12,27,06,54,46,0.9,38.37561,22.01163,6.693
2020,12,27,09,21,08,1.7,38.37532,22.02560,6.482
2020,12,27,11,24,09,1.8,38.37629,22.02258,6.439
2020,12,27,12,40,07,1.7,38.37526,22.01073,6.685
2020,12,27,14,25,11,1.2,38.38332,22.02237,7.312
2020,12,27,15,15,53,1.1,38.38247,22.02106,7.388
2020,12,27,15,57,47,1.3,38.38134,22.02663,7.615
2020,12,27,16,14,07,1.2,38.37701,22.01565,6.570
2020,12,27,18,59,22,0.7,38.37637,21.99719,6.848
2020,12,27,19,49,23,2.8,38.37832,21.99391,6.813
2020,12,27,19,51,22,1.7,38.37742,21.99520,6.829
2020,12,27,21,04,15,0.6,38.37892,21.99501,6.694
2020,12,27,21,37,30,1.0,38.37633,21.99662,6.852
2020,12,27,21,42,58,1.9,38.37443,21.99800,6.745
2020,12,28,00,16,12,1.6,38.38194,22.01797,7.395
2020,12,28,01,36,23,1.0,38.38328,21.98784,6.308
2020,12,28,01,37,25,1.6,38.38151,22.02408,7.532
2020,12,28,01,54,04,1.5,38.38141,22.01827,7.471
2020,12,28,02,05,06,1.7,38.38238,22.01738,7.404
2020,12,28,02,14,56,1.9,38.38222,22.01647,7.383
2020,12,28,02,23,49,1.3,38.37791,22.00052,6.773
2020,12,28,02,31,23,2.0,38.37722,21.99348,7.041
2020,12,28,03,18,11,1.7,38.38242,22.01652,7.335
2020,12,28,03,40,01,1.6,38.37764,21.99263,7.041
2020,12,28,03,44,03,2.1,38.38042,21.99364,6.706
2020,12,28,03,50,01,1.6,38.38183,22.02511,7.540
2020,12,28,05,07,23,1.7,38.37354,22.01298,6.606
2020,12,28,05,14,49,1.6,38.37756,21.99331,7.001
2020,12,28,06,06,50,1.8,38.37452,22.01378,6.638
2020,12,28,06,23,27,1.3,38.37972,21.99257,6.770
2020,12,28,06,58,08,2.2,38.37800,21.99300,6.933
2020,12,28,07,11,33,2.7,38.38218,21.98991,6.798
2020,12,28,07,12,12,2.8,38.37887,21.99214,6.980
2020,12,28,07,44,48,1.6,38.37643,21.99419,6.985
2020,12,28,08,42,44,1.2,38.37588,21.99528,7.004
2020,12,28,09,04,52,1.4,38.37733,21.99319,7.049
2020,12,28,09,08,42,1.3,38.37747,21.99635,7.007
2020,12,28,09,29,54,1.3,38.38158,21.99295,6.666
2020,12,28,10,13,12,1.7,38.37681,21.99610,7.033
2020,12,28,10,23,25,2.6,38.37914,21.99555,6.866
2020,12,28,11,04,06,1.5,38.38133,22.01892,7.492
2020,12,28,11,11,45,3.9,38.37615,21.99777,6.777
2020,12,28,11,20,24,1.6,38.38381,21.98987,6.598
2020,12,28,11,24,16,1.6,38.38420,21.99033,6.554
2020,12,28,11,37,16,3.0,38.37694,21.99135,7.051
2020,12,28,11,58,58,1.9,38.37370,21.99933,6.796
2020,12,28,12,25,59,1.9,38.37560,21.99044,7.180
2020,12,28,12,48,23,1.3,38.38283,21.98537,6.851
2020,12,28,13,30,56,1.8,38.38261,21.98877,6.780
2020,12,28,13,32,29,1.1,38.37481,21.99838,6.871
2020,12,28,13,32,57,0.7,38.38711,21.98744,7.182
2020,12,28,13,33,28,0.8,38.38668,21.98626,8.029
2020,12,28,13,33,43,0.7,38.36713,21.98396,6.852
2020,12,28,13,48,28,0.9,38.38426,22.00509,7.324
2020,12,28,13,49,09,1.9,38.37808,21.99243,7.029
2020,12,28,14,39,28,0.0,38.38365,21.98649,6.759
2020,12,28,14,42,05,2.3,38.38053,21.99262,6.652
2020,12,28,15,24,23,1.4,38.38126,22.02705,7.641
2020,12,28,15,25,04,1.3,38.38110,21.99227,6.582
2020,12,28,15,26,47,1.2,38.38299,21.98670,6.858
2020,12,28,15,30,31,2.1,38.37985,21.99005,6.599
2020,12,28,16,05,20,1.0,38.38352,21.98814,6.829
2020,12,28,16,10,06,2.5,38.38478,21.98913,6.573
2020,12,28,16,11,27,1.7,38.37982,21.99298,6.681
2020,12,28,16,45,02,1.4,38.37906,22.02356,6.636
2020,12,28,16,47,09,1.2,38.37820,21.99285,7.037
2020,12,28,17,26,31,1.5,38.38187,22.02306,7.397
2020,12,28,17,29,33,1.6,38.38264,22.02235,7.350
2020,12,28,17,57,24,1.5,38.38174,21.98970,6.769
2020,12,28,18,08,56,3.3,38.37690,22.00070,6.866
2020,12,28,18,17,35,1.5,38.38088,21.98948,6.914
2020,12,28,18,59,28,2.0,38.37739,22.00342,6.928
2020,12,28,19,03,34,2.5,38.37595,22.00128,6.984
2020,12,28,19,06,48,2.0,38.37684,21.99672,6.979
2020,12,28,19,25,33,1.8,38.37508,22.01416,6.470
2020,12,28,19,28,09,1.7,38.37732,22.00324,6.898
2020,12,28,19,44,39,2.0,38.38304,21.98646,6.867
2020,12,28,20,02,27,1.2,38.38344,21.98519,6.948
2020,12,28,20,14,47,2.1,38.38170,21.98783,6.924
2020,12,28,20,16,34,1.8,38.38105,21.98880,6.965
2020,12,28,22,22,56,1.4,38.38614,21.98858,6.509
2020,12,28,22,37,30,2.2,38.38529,21.98643,6.660
2020,12,28,23,30,08,1.4,38.37744,21.99636,7.013
2020,12,28,23,38,01,1.5,38.38204,21.98660,6.936
2020,12,29,00,19,46,1.5,38.37692,22.00504,6.716
2020,12,29,00,47,55,1.4,38.37592,22.00427,6.642
2020,12,29,00,48,29,1.0,38.37635,22.00494,6.706
2020,12,29,01,47,58,1.3,38.38182,22.01821,7.412
2020,12,29,02,05,09,1.7,38.37727,22.00274,6.875
2020,12,29,02,05,58,1.8,38.37754,22.00381,6.935
2020,12,29,05,27,29,1.1,38.37539,22.00115,6.677
2020,12,29,07,27,08,2.7,38.38795,21.99985,7.392
2020,12,29,12,12,38,1.7,38.37800,21.99288,7.191
2020,12,29,12,17,57,1.8,38.37789,21.99328,7.178
2020,12,29,13,16,49,2.3,38.37973,21.98859,7.176
2020,12,29,13,58,10,3.3,38.38185,22.02341,6.711
2020,12,29,14,11,05,1.9,38.38087,22.02588,6.988
2020,12,29,14,12,26,1.8,38.37704,22.01550,6.695
2020,12,29,14,13,40,2.3,38.37831,22.01726,6.936
2020,12,29,14,15,10,1.9,38.37933,22.01573,6.858
2020,12,29,14,26,34,1.9,38.38234,22.01645,7.384
2020,12,29,14,48,48,0.8,38.38145,22.01714,7.467
2020,12,29,14,54,21,1.9,38.38187,22.02465,7.528
2020,12,29,14,56,24,1.3,38.37701,22.03034,10.167
2020,12,29,15,00,15,2.3,38.38049,22.02264,7.604
2020,12,29,15,03,45,1.3,38.38296,22.02291,7.279
2020,12,29,16,20,37,2.8,38.37445,22.01441,6.675
2020,12,29,16,23,45,2.7,38.37341,22.01482,6.663
2020,12,29,16,44,09,1.6,38.37828,22.01252,6.778
2020,12,29,16,44,23,2.0,38.37806,22.01324,6.765
2020,12,29,17,00,08,1.5,38.38269,22.02710,7.442
2020,12,29,17,27,28,1.8,38.37729,22.02173,6.584
2020,12,29,17,56,29,1.7,38.38088,22.01172,6.897
2020,12,29,18,26,52,1.7,38.38019,22.01599,7.487
2020,12,29,18,52,09,1.5,38.37620,22.00260,6.684
2020,12,29,18,55,04,1.4,38.37911,22.02670,6.962
2020,12,29,19,54,28,1.1,38.37946,22.01485,7.638
2020,12,29,20,25,26,1.5,38.37766,22.00408,6.826
2020,12,29,20,40,25,1.8,38.38367,22.02760,7.242
2020,12,29,21,14,58,2.1,38.38287,22.02354,7.209
2020,12,29,21,30,40,1.0,38.38144,22.01197,6.946
2020,12,29,21,41,18,1.6,38.38228,22.02669,7.454
2020,12,29,21,49,35,2.8,38.37945,22.03108,7.241
2020,12,29,22,04,57,1.7,38.38277,22.02209,7.335
2020,12,29,22,33,02,2.0,38.38041,22.02730,6.823
2020,12,29,22,39,33,1.4,38.37527,22.01071,6.694
2020,12,29,23,11,23,1.7,38.38296,22.00611,6.818
2020,12,29,23,24,20,2.8,38.38060,22.01616,7.681
2020,12,30,00,38,34,2.6,38.38124,22.01377,7.330
2020,12,30,00,39,20,4.2,38.37955,22.01393,7.679
2020,12,30,01,10,10,2.0,38.37781,22.01347,7.476
2020,12,30,01,22,59,2.0,38.37334,22.01868,7.521
2020,12,30,01,46,58,1.6,38.38062,22.00761,6.825
2020,12,30,01,54,14,1.8,38.36941,22.02799,7.593
2020,12,30,01,55,18,2.0,38.37570,22.01673,7.656
2020,12,30,02,02,11,2.1,38.38086,22.00828,6.844
2020,12,30,02,07,46,2.0,38.37426,22.01722,7.552
2020,12,30,02,08,41,2.0,38.37266,22.01240,6.584
2020,12,30,02,39,38,1.7,38.37922,22.01113,6.724
2020,12,30,03,15,32,1.8,38.37963,22.01114,6.751
2020,12,30,03,21,54,2.1,38.37380,22.01891,7.584
2020,12,30,05,13,49,1.5,38.38047,22.01114,7.602
2020,12,30,07,03,00,1.8,38.38102,22.01059,7.587
2020,12,30,07,48,26,2.6,38.37622,22.01427,7.492
2020,12,30,08,14,42,1.5,38.37922,22.01152,7.250
2020,12,30,08,48,20,1.8,38.37577,22.01234,7.482
2020,12,30,09,48,11,0.9,38.37904,22.01005,6.708
2020,12,30,10,47,18,1.8,38.38026,22.00967,7.505
2020,12,30,10,59,28,1.6,38.38055,22.00984,7.575
2020,12,30,11,18,27,2.1,38.37222,22.01430,6.607
2020,12,30,11,18,27,2.1,38.37217,22.01418,6.628
2020,12,30,11,28,00,2.6,38.37895,21.99125,7.230
2020,12,30,11,40,39,1.8,38.38289,22.02716,7.426
2020,12,30,11,54,29,2.9,38.37972,22.00694,6.885
2020,12,30,12,37,42,2.1,38.38310,21.98660,6.862
2020,12,30,12,41,55,1.6,38.38023,22.00906,7.618
2020,12,30,12,48,45,1.4,38.38157,22.01005,7.573
2020,12,30,13,10,55,1.0,38.38127,22.02713,7.589
2020,12,30,13,27,11,1.6,38.38256,22.01932,7.093
2020,12,30,14,04,02,1.2,38.37991,22.00895,6.768
2020,12,30,14,04,26,1.1,38.37801,21.99307,7.162
2020,12,30,14,09,54,1.6,38.37762,21.99263,7.124
2020,12,30,14,41,51,2.2,38.37019,22.01227,6.482
2020,12,30,15,04,06,3.3,38.37798,21.99325,7.167
2020,12,30,15,04,55,3.0,38.37592,21.99738,7.178
2020,12,30,15,42,46,1.4,38.37862,21.99215,7.029
2020,12,30,16,23,45,2.1,38.37740,21.99337,7.035
2020,12,30,17,16,13,1.4,38.38152,21.98799,6.953
2020,12,30,18,36,06,1.1,38.38147,21.98941,6.821
2020,12,30,19,00,13,1.2,38.38207,22.00240,7.237
2020,12,30,19,20,58,2.1,38.37130,22.01109,6.544
2020,12,30,19,36,49,1.2,38.38320,21.98446,7.156
2020,12,30,19,42,29,2.3,38.38360,21.98406,7.085
2020,12,30,21,05,45,1.8,38.38367,21.98780,6.718
2020,12,30,21,11,29,1.4,38.36977,22.02682,7.617
2020,12,30,21,23,47,1.2,38.37390,22.02290,6.571
2020,12,30,21,24,32,0.7,38.38683,22.00361,5.812
2020,12,30,22,18,37,1.4,38.37476,22.00166,6.710
2020,12,30,22,28,18,1.5,38.37472,21.99829,7.171
2020,12,30,23,44,21,1.3,38.37567,21.99775,6.567
2020,12,31,00,24,00,1.9,38.36968,22.02749,7.613
2020,12,31,01,24,06,1.7,38.38376,21.98819,6.719
2020,12,31,01,50,25,2.0,38.38335,21.99048,6.590
2020,12,31,02,27,21,1.6,38.38416,21.98861,6.510
2020,12,31,03,08,57,1.0,38.37153,22.01137,6.543
2020,12,31,03,09,56,1.4,38.37125,22.01156,6.545
2020,12,31,04,38,48,0.8,38.38301,21.98952,6.721
2020,12,31,04,49,27,2.0,38.37459,22.00287,6.683
2020,12,31,05,38,42,1.2,38.37107,22.01560,6.543
2020,12,31,05,40,46,1.0,38.40047,22.00264,8.154
2020,12,31,07,39,18,1.3,38.38601,21.98184,7.053
2020,12,31,08,09,09,1.3,38.37069,22.02145,7.533
2020,12,31,08,57,54,1.7,38.38201,22.01009,7.626
2020,12,31,09,15,59,1.3,38.38100,22.01062,7.591
2020,12,31,09,49,58,2.5,38.37152,22.01215,6.579
2020,12,31,10,36,25,1.5,38.37127,22.01237,6.564
2020,12,31,11,43,43,2.6,38.37599,22.00969,6.705
2020,12,31,11,51,37,1.4,38.37655,22.00912,6.721
2020,12,31,12,22,29,1.6,38.38199,21.98781,6.894
2020,12,31,13,54,23,1.5,38.37183,22.01213,6.579
2020,12,31,14,46,04,1.9,38.40190,21.97461,6.376
2020,12,31,15,28,06,1.5,38.37614,22.00134,6.760
2020,12,31,16,23,40,1.2,38.37539,22.00111,6.679
2020,12,31,17,34,38,2.4,38.38546,22.02147,7.068
2020,12,31,18,49,27,1.5,38.38491,21.98697,6.723
2020,12,31,19,30,03,1.1,38.37699,22.01225,6.723
2020,12,31,20,14,11,1.1,38.38522,21.98578,6.678
2020,12,31,21,16,09,1.6,38.37034,22.02729,7.329
2020,12,31,21,32,17,0.9,38.36965,22.02904,7.293
2020,12,31,22,43,40,2.1,38.37257,22.01247,6.588
2020,12,31,22,56,25,1.1,38.38515,21.98558,6.668
2020,12,31,23,31,08,1.3,38.38558,21.98569,6.721
2020,12,31,23,34,18,0.9,38.37853,22.02200,6.673
2020,12,31,23,44,31,1.2,38.38492,22.00496,7.409
2021,01,01,00,38,24,1.2,38.38541,21.98634,6.728
2021,01,01,00,57,47,0.8,38.37090,22.01295,6.554
2021,01,01,01,09,25,1.6,38.37017,22.02851,7.273
2021,01,01,02,05,36,1.2,38.38498,21.98783,6.704
2021,01,01,02,06,34,1.1,38.38495,21.98830,6.700
2021,01,01,02,07,46,1.1,38.37071,22.00688,6.519
2021,01,01,02,41,25,1.1,38.38496,21.98813,6.704
2021,01,01,02,56,55,1.0,38.37765,22.01405,6.620
2021,01,01,03,55,21,3.5,38.37320,22.01469,6.917
2021,01,01,04,03,26,1.6,38.37228,22.01263,6.583
2021,01,01,04,04,32,0.9,38.37348,22.01305,6.602
2021,01,01,04,05,12,1.0,38.37176,22.01342,6.582
2021,01,01,04,07,05,1.1,38.37011,22.02783,7.331
2021,01,01,05,01,15,1.3,38.36759,22.00842,6.575
2021,01,01,05,24,12,2.0,38.37429,22.01748,6.791
2021,01,01,05,54,59,1.1,38.37900,22.01406,6.526
2021,01,01,05,57,07,0.6,38.36829,22.01275,6.514
2021,01,01,06,12,25,1.0,38.38502,21.98819,6.710
2021,01,01,06,29,21,0.9,38.36975,22.06683,6.128
2021,01,01,06,32,33,1.4,38.37303,22.00105,6.814
2021,01,01,07,59,44,1.0,38.37364,22.01510,6.628
2021,01,01,08,44,23,2.0,38.37047,22.00785,6.497
2021,01,01,09,10,37,2.1,38.38514,22.00565,7.593
2021,01,01,09,51,03,1.1,38.37383,22.01436,6.656
2021,01,01,11,13,15,1.0,38.39198,21.98523,6.484
2021,01,01,12,32,31,1.8,38.38567,22.03219,7.546
2021,01,01,12,34,53,2.1,38.38570,22.03262,7.571
2021,01,01,12,35,19,1.6,38.38501,22.03306,7.534
2021,01,01,14,30,37,0.8,38.37680,22.00574,6.708
2021,01,01,19,24,25,0.6,38.36981,22.01104,6.515
2021,01,01,19,40,01,0.8,38.37611,22.00535,6.686
2021,01,01,19,49,02,1.2,38.38602,22.03233,7.580
2021,01,01,20,51,34,0.5,38.36842,22.01215,6.545
2021,01,01,20,56,55,0.9,38.37634,22.05436,6.749
2021,01,01,21,13,48,1.0,38.40226,21.97400,6.329
2021,01,01,21,21,47,0.6,38.37655,22.02001,6.887
2021,01,01,21,22,12,0.8,38.36931,22.02946,7.119
2021,01,01,21,48,10,0.4,38.37678,22.05328,6.738
2021,01,01,21,50,57,0.7,38.37533,22.01947,6.554
2021,01,01,22,00,03,2.3,38.38561,22.03258,7.570
2021,01,01,22,29,51,0.5,38.38429,22.03351,7.487
2021,01,01,23,32,10,0.8,38.38502,21.98820,6.714
2021,01,01,23,33,12,0.8,38.36935,22.02962,7.117
2021,01,02,00,04,54,0.8,38.37133,22.00765,6.631
2021,01,02,00,09,40,1.1,38.39833,22.00314,8.127
2021,01,02,01,04,21,0.8,38.37943,22.00952,6.721
2021,01,02,01,31,29,1.0,38.40609,21.99074,7.119
2021,01,02,03,40,02,1.3,38.37133,22.01189,6.579
2021,01,02,03,42,02,0.7,38.37230,22.01318,6.588
2021,01,02,03,55,55,1.1,38.37919,22.01788,6.685
2021,01,02,05,58,09,1.1,38.37660,22.00914,6.720
2021,01,02,06,05,44,0.3,38.37365,22.00317,6.746
2021,01,02,08,22,15,0.6,38.37351,22.00246,6.827
2021,01,02,08,45,02,1.1,38.38254,21.98535,6.935
2021,01,02,09,23,14,1.8,38.38560,22.03368,7.689
2021,01,02,10,43,18,1.1,38.38490,22.03392,7.579
2021,01,02,16,52,12,2.3,38.38665,22.03152,7.597
2021,01,02,16,53,50,2.0,38.38660,22.03116,7.573
2021,01,02,17,01,14,2.1,38.38682,22.03176,7.633
2021,01,02,17,14,47,0.5,38.38760,22.03138,7.673
2021,01,02,17,36,26,1.9,38.38505,22.03252,7.524
2021,01,02,18,10,34,1.0,38.37476,22.00100,6.714
2021,01,02,19,06,15,1.4,38.38587,22.03339,7.688
2021,01,02,19,36,52,1.3,38.38492,22.03383,7.580
2021,01,02,20,36,51,2.0,38.37480,22.02064,6.415
2021,01,02,22,10,05,2.0,38.38439,22.03351,7.533
2021,01,02,22,27,59,1.6,38.38716,22.03182,7.661
2021,01,02,22,28,15,1.5,38.38682,22.03192,7.632
2021,01,03,01,11,17,1.1,38.37419,22.00359,6.688
2021,01,03,02,09,22,1.5,38.37455,22.00290,6.687
2021,01,03,04,54,01,0.9,38.38616,21.98721,6.526
2021,01,03,05,00,45,1.2,38.40883,21.93513,7.857
2021,01,03,05,02,31,0.9,38.38655,22.03221,7.668
2021,01,03,07,34,44,0.7,38.38344,22.00515,7.360
2021,01,03,13,27,55,2.0,38.37253,22.01249,6.585
2021,01,03,13,40,41,1.1,38.39704,21.97935,6.522
2021,01,03,13,41,13,0.2,38.38713,21.98855,6.657
2021,01,03,14,04,46,1.1,38.37320,22.01422,6.602
2021,01,03,14,17,56,0.5,38.37365,22.01304,6.599
2021,01,03,15,37,37,1.4,38.37784,22.00064,6.755
2021,01,03,18,09,20,1.9,38.38018,21.99272,6.505
2021,01,03,18,12,16,1.1,38.37540,22.01312,6.693
2021,01,03,18,38,54,1.6,38.37702,21.99369,6.764
2021,01,03,19,11,50,1.5,38.36765,22.00835,6.572
2021,01,04,01,31,49,1.3,38.37441,22.02476,6.413
2021,01,04,01,59,08,1.4,38.37449,22.02443,6.391
2021,01,04,07,30,49,0.6,38.37291,22.02433,4.977
2021,01,04,09,18,06,1.5,38.39712,22.00067,8.154
2021,01,04,15,57,54,1.4,38.37516,22.01224,6.690
2021,01,05,02,04,14,2.3,38.37518,22.01301,6.693
2021,01,05,02,33,39,1.4,38.37827,22.00123,6.805
2021,01,05,03,11,32,1.3,38.37833,22.00263,6.815
2021,01,05,06,22,33,1.4,38.38071,21.98734,6.696
2021,01,05,15,32,11,1.5,38.37359,22.01294,6.613
2021,01,05,16,36,36,1.1,38.36783,22.00904,6.571
2021,01,05,17,22,41,0.9,38.37798,21.99764,6.751
2021,01,05,18,20,11,1.0,38.39694,21.99973,8.156
2021,01,05,20,03,47,0.7,38.37500,22.03200,6.770
2021,01,05,23,40,29,0.9,38.37746,22.00678,6.769
2021,01,06,01,14,37,3.6,38.37731,22.00303,7.081
2021,01,06,01,18,46,1.1,38.37607,22.00897,6.702
2021,01,06,01,28,40,1.9,38.37900,22.00491,6.899
2021,01,06,01,45,33,1.5,38.38082,22.01223,6.943
2021,01,06,01,53,50,2.1,38.38030,22.00782,6.902
2021,01,06,02,25,03,2.1,38.37603,22.02101,6.700
2021,01,06,02,37,51,0.6,38.37235,22.02033,6.580
2021,01,06,02,37,58,2.1,38.37481,22.02371,6.714
2021,01,06,02,41,57,1.6,38.37486,22.02632,6.660
2021,01,06,03,51,20,1.6,38.37895,22.01562,6.667
2021,01,06,03,53,12,2.0,38.37603,22.02356,6.679
2021,01,06,04,44,22,1.3,38.37615,22.03256,6.743
2021,01,06,05,13,20,1.1,38.37737,22.01985,6.663
2021,01,06,05,18,54,2.9,38.40933,21.91778,7.932
2021,01,06,07,05,03,1.8,38.37171,22.01729,6.534
2021,01,06,07,29,00,1.1,38.37115,22.01662,6.591
2021,01,06,08,00,18,1.5,38.37418,22.01627,6.641
2021,01,06,08,35,33,1.2,38.37328,22.01624,6.615
2021,01,06,09,19,12,1.0,38.37670,22.01176,6.680
2021,01,06,09,30,27,1.0,38.37243,22.01336,6.589
2021,01,06,10,20,27,1.7,38.38035,22.00492,6.981
2021,01,06,11,31,16,1.4,38.37716,22.02954,6.517
2021,01,06,14,27,24,0.9,38.37674,22.01242,6.682
2021,01,06,15,28,32,0.3,38.37934,22.01766,6.404
2021,01,06,15,45,49,1.0,38.37700,22.01225,6.719
2021,01,06,15,46,22,2.5,38.37773,22.01149,6.763
2021,01,06,16,04,25,1.5,38.37687,22.01330,6.697
2021,01,06,16,34,50,1.2,38.37623,22.01277,6.663
2021,01,06,16,36,36,0.7,38.37635,22.01220,6.658
2021,01,06,16,51,40,1.2,38.37676,22.00955,6.728
2021,01,06,16,52,17,1.0,38.37658,22.01352,6.732
2021,01,06,17,27,42,1.0,38.36852,22.00959,6.568
2021,01,06,17,47,29,1.1,38.38141,21.99352,6.560
2021,01,06,17,48,39,0.4,38.37585,22.00885,6.665
2021,01,06,21,27,36,1.0,38.36981,22.01792,6.544
2021,01,06,22,46,21,1.3,38.37247,22.02020,6.583
2021,01,06,23,56,48,1.3,38.37655,22.02613,6.486
2021,01,07,00,45,16,1.4,38.37274,22.01376,6.614
2021,01,07,00,56,22,1.1,38.37178,22.01282,6.587
2021,01,07,01,28,34,0.8,38.37548,22.00126,6.676
2021,01,07,03,42,53,2.4,38.36975,22.01335,6.758
2021,01,07,09,14,02,1.2,38.37454,21.99838,6.781
2021,01,07,09,14,51,1.5,38.37416,21.99757,6.796
2021,01,07,09,25,45,1.5,38.37571,22.02999,6.749
2021,01,07,13,24,53,1.5,38.37093,22.00878,6.512
2021,01,07,13,31,42,1.8,38.38188,22.00535,7.197
2021,01,07,20,00,04,1.6,38.37673,22.01174,6.684
2021,01,07,21,57,52,0.4,38.37510,21.99931,6.753
2021,01,07,21,58,09,1.0,38.37218,22.02327,6.488
2021,01,07,22,01,03,1.1,38.37429,22.00432,6.683
2021,01,07,22,26,08,1.2,38.37005,22.01611,6.922
2021,01,08,20,21,09,0.7,38.39189,21.98478,6.551
2021,01,08,21,41,28,1.0,38.37649,22.01458,6.658
2021,01,08,23,31,27,1.1,38.38149,22.00203,7.219
2021,01,09,02,05,51,1.3,38.39141,21.98561,6.522
2021,01,09,02,20,07,1.5,38.39132,21.98538,6.547
2021,01,09,05,38,44,2.7,38.38973,21.98673,6.520
2021,01,09,08,28,12,2.3,38.39073,21.98579,6.532
2021,01,09,13,14,55,0.6,38.39005,21.99666,5.756
2021,01,09,17,56,05,1.3,38.39088,22.04365,7.565
2021,01,09,21,03,58,1.1,38.37258,22.02007,6.572
2021,01,10,01,43,07,1.1,38.37377,22.02112,6.418
2021,01,10,02,20,39,1.0,38.37688,22.03158,6.783
2021,01,10,03,55,12,2.8,38.38266,22.00042,7.090
2021,01,10,03,59,05,1.4,38.38114,22.00216,7.183
2021,01,10,04,37,55,1.3,38.38513,22.03599,6.960
2021,01,10,19,11,50,1.4,38.37674,22.00379,6.686
2021,01,10,20,12,49,1.2,38.38083,22.00488,6.417
2021,01,11,02,53,47,1.4,38.38055,22.04996,8.937
2021,01,11,05,30,54,1.7,38.39205,21.98504,6.493
2021,01,11,09,29,12,2.5,38.37976,22.04106,7.459
2021,01,11,09,44,17,1.1,38.40229,21.97500,6.545
2021,01,11,12,09,05,1.6,38.36724,22.01268,6.688
2021,01,11,12,34,22,1.3,38.38095,22.04024,7.519
2021,01,11,16,06,21,1.2,38.38112,22.04047,7.534
2021,01,11,17,59,46,2.2,38.38150,22.04196,7.606
2021,01,11,18,06,40,1.1,38.38009,22.04013,7.432
2021,01,11,18,09,43,1.1,38.38118,22.03729,7.463
2021,01,11,19,39,22,2.6,38.37986,22.03894,7.295
2021,01,11,19,41,28,1.6,38.37931,22.04011,7.293
2021,01,11,19,53,59,1.5,38.38182,22.04210,7.636
2021,01,11,20,08,56,2.0,38.37995,22.03762,7.319
2021,01,11,20,43,26,1.7,38.37955,22.04404,7.435
2021,01,11,21,36,03,1.4,38.37870,22.04248,7.344
2021,01,11,21,37,18,1.0,38.38119,22.04031,7.540
2021,01,11,21,38,26,1.5,38.38077,22.04032,7.514
2021,01,11,21,40,34,1.6,38.38066,22.04288,7.557
2021,01,11,22,12,24,1.4,38.38246,22.04216,7.729
2021,01,11,22,13,29,1.7,38.38186,22.04207,7.655
2021,01,11,22,22,44,2.1,38.38241,22.04217,7.720
2021,01,11,23,01,57,1.3,38.37838,22.04071,7.135
2021,01,11,23,25,30,1.3,38.37727,22.04140,7.088
2021,01,11,23,29,14,1.5,38.37820,22.03961,7.076
2021,01,11,23,34,56,1.1,38.37822,22.04072,7.127
2021,01,11,23,45,12,1.6,38.37917,22.03873,7.119
2021,01,12,00,08,59,1.4,38.37693,22.04155,7.079
2021,01,12,00,13,04,1.5,38.37707,22.04188,7.097
2021,01,12,00,47,30,3.6,38.37874,22.04560,8.161
2021,01,12,00,49,51,2.1,38.37942,22.03606,7.234
2021,01,12,00,50,40,1.9,38.37601,22.04379,7.081
2021,01,12,01,03,07,1.9,38.37768,22.04412,7.231
2021,01,12,01,09,44,1.9,38.38063,22.04246,7.533
2021,01,12,01,09,57,2.5,38.37583,22.04333,7.039
2021,01,12,01,10,39,1.8,38.38186,22.04209,7.645
2021,01,12,01,15,40,2.8,38.38066,22.03421,7.288
2021,01,12,01,17,44,2.9,38.38092,22.03492,7.383
2021,01,12,01,52,52,1.3,38.38267,22.03764,7.610
2021,01,12,01,52,57,1.7,38.37783,22.04483,7.332
2021,01,12,01,57,25,1.9,38.37691,22.04464,7.229
2021,01,12,02,06,15,1.8,38.38392,22.02710,7.181
2021,01,12,02,15,02,1.6,38.37902,22.03778,7.161
2021,01,12,03,28,03,1.8,38.38267,22.03146,7.387
2021,01,12,03,32,09,1.7,38.38245,22.03713,7.587
2021,01,12,04,23,53,1.9,38.38311,22.03766,7.652
2021,01,12,05,05,42,1.2,38.38155,22.04056,7.609
2021,01,12,07,08,30,1.3,38.37948,22.03958,7.292
2021,01,12,07,25,40,1.3,38.38314,22.03790,7.763
2021,01,12,07,37,35,2.5,38.37631,22.04590,7.196
2021,01,12,08,03,39,2.0,38.37701,22.04628,7.410
2021,01,12,08,13,13,1.8,38.37587,22.04616,7.105
2021,01,12,08,15,11,1.7,38.37561,22.04451,7.042
2021,01,12,08,41,57,1.9,38.37830,22.04154,7.242
2021,01,12,09,18,52,1.4,38.37597,22.04757,7.174
2021,01,12,09,24,07,1.9,38.38322,22.03717,7.751
2021,01,12,09,36,03,1.8,38.37892,22.03824,7.053
2021,01,12,10,48,31,1.7,38.37454,22.04736,7.076
2021,01,12,11,05,20,1.6,38.38314,22.03782,7.764
2021,01,12,11,50,59,1.5,38.37782,22.04921,7.494
2021,01,12,11,51,47,1.3,38.37749,22.04996,7.472
2021,01,12,11,53,28,1.2,38.37440,22.04750,7.083
2021,01,12,12,18,08,1.6,38.37616,22.04398,7.146
2021,01,12,12,55,11,2.0,38.38060,22.00559,7.247
2021,01,12,16,07,54,1.3,38.37743,22.03257,6.395
2021,01,12,16,42,11,1.7,38.37673,22.02786,6.923
2021,01,12,18,15,36,0.8,38.36954,22.01259,6.472
2021,01,12,18,15,54,1.3,38.39155,22.04186,7.222
2021,01,12,18,22,37,1.1,38.37683,22.02584,6.807
2021,01,12,20,34,45,1.5,38.40154,21.97662,7.516
2021,01,12,22,09,55,4.8,38.37428,22.04640,6.596
2021,01,12,22,15,19,2.7,38.37123,22.05083,7.107
2021,01,12,22,15,59,2.3,38.38321,22.02314,6.930
2021,01,12,22,17,51,2.7,38.37218,21.98464,7.027
2021,01,12,22,18,26,2.6,38.38761,21.99014,7.020
2021,01,12,22,22,18,2.1,38.38001,22.02598,6.666
2021,01,12,22,23,47,3.0,38.36962,22.05624,7.466
2021,01,12,22,24,23,2.6,38.37495,22.02459,6.075
2021,01,12,22,27,01,2.9,38.37139,22.05537,7.575
2021,01,12,22,29,37,4.4,38.37346,22.04918,7.654
2021,01,12,22,32,55,4.0,38.37606,22.04174,6.937
2021,01,12,22,37,03,3.4,38.36451,22.06815,7.323
2021,01,12,22,40,51,3.1,38.38735,22.00902,7.561
2021,01,12,22,43,17,2.6,38.36709,22.05174,6.981
2021,01,12,22,43,27,2.9,38.38595,22.02270,8.574
2021,01,12,22,47,33,2.3,38.37163,22.05194,7.316
2021,01,12,22,56,47,4.4,38.37920,22.04882,7.870
2021,01,12,22,59,47,3.6,38.36262,22.07068,7.118
2021,01,12,23,04,05,2.2,38.39996,21.98274,7.338
2021,01,12,23,05,09,3.4,38.38405,22.03631,7.965
2021,01,12,23,09,05,2.6,38.37025,22.04750,6.749
2021,01,12,23,13,22,1.9,38.38227,22.02368,7.177
2021,01,12,23,14,29,2.5,38.37042,22.05185,6.914
2021,01,12,23,15,11,2.1,38.37144,22.01552,6.553
2021,01,12,23,16,39,2.3,38.36268,22.06814,7.094
2021,01,12,23,18,20,2.8,38.38057,22.04212,7.953
2021,01,12,23,35,54,2.4,38.38511,22.02369,7.355
2021,01,12,23,38,39,2.1,38.36918,22.02243,6.635
2021,01,12,23,39,29,2.3,38.37117,22.05182,6.899
2021,01,12,23,42,19,2.8,38.37625,22.01649,7.182
2021,01,12,23,58,44,3.2,38.39375,22.02080,9.235
2021,01,13,00,12,41,2.4,38.38721,22.01270,7.409
2021,01,13,00,14,02,2.6,38.37272,22.04796,6.933
2021,01,13,00,15,06,2.1,38.36689,22.05527,7.071
2021,01,13,00,18,25,2.9,38.37770,22.04674,7.852
2021,01,13,00,49,08,2.4,38.36952,22.05250,6.786
2021,01,13,00,51,22,1.8,38.37939,22.02470,6.536
2021,01,13,00,56,27,2.3,38.38085,22.02675,6.344
2021,01,13,01,00,00,1.8,38.38536,22.01869,7.196
2021,01,13,01,00,24,2.5,38.37032,22.05302,7.071
2021,01,13,01,01,49,1.9,38.36969,22.04817,6.844
2021,01,13,01,06,38,2.2,38.38119,22.04168,7.994
2021,01,13,01,06,49,2.3,38.38070,22.04198,7.909
2021,01,13,01,07,46,1.7,38.39479,21.98259,6.994
2021,01,13,01,25,59,2.5,38.36462,22.05740,6.942
2021,01,13,01,28,43,1.7,38.36113,22.07408,7.104
2021,01,13,01,47,57,2.4,38.36568,22.05424,6.793
2021,01,13,01,50,26,1.5,38.39320,21.98457,7.043
2021,01,13,01,50,49,1.7,38.37267,22.06349,8.295
2021,01,13,02,15,01,2.6,38.39597,21.97892,7.490
2021,01,13,02,16,54,2.1,38.37002,22.06740,8.362
2021,01,13,02,20,58,2.2,38.36029,22.07220,6.896
2021,01,13,02,22,55,1.5,38.37453,21.99516,6.808
2021,01,13,02,26,58,2.2,38.36855,22.05190,6.882
2021,01,13,02,28,47,1.8,38.36372,22.05977,7.014
2021,01,13,02,29,15,1.8,38.36339,22.05969,7.006
2021,01,13,02,30,10,2.7,38.36528,22.05055,6.896
2021,01,13,02,35,07,2.8,38.37395,21.99551,6.712
2021,01,13,02,40,53,2.6,38.36232,22.06831,6.888
2021,01,13,02,42,26,2.1,38.37785,22.02857,6.424
2021,01,13,02,43,20,1.8,38.37001,22.06675,8.397
2021,01,13,02,44,35,2.5,38.36975,22.06813,8.367
2021,01,13,02,55,48,2.7,38.36031,22.07244,6.953
2021,01,13,03,15,52,2.8,38.36897,22.05754,6.874
2021,01,13,03,16,29,1.7,38.36356,22.06595,7.083
2021,01,13,03,17,02,1.8,38.36323,22.04572,6.411
2021,01,13,03,24,40,1.1,38.38275,22.01702,6.853
2021,01,13,03,25,20,2.2,38.36293,22.06935,6.808
2021,01,13,03,39,39,1.6,38.36254,22.06662,7.036
2021,01,13,03,39,51,2.4,38.38058,21.99070,7.250
2021,01,13,03,56,41,1.5,38.38538,22.01871,7.200
2021,01,13,03,57,15,3.6,38.36797,22.06216,5.649
2021,01,13,04,03,19,2.4,38.36859,22.05938,6.809
2021,01,13,04,06,00,2.8,38.38452,22.01985,7.173
2021,01,13,04,06,13,3.1,38.38949,22.02262,6.840
2021,01,13,04,06,28,2.7,38.38200,22.01158,7.112
2021,01,13,04,25,41,2.4,38.37500,22.04702,5.872
2021,01,13,04,26,46,2.0,38.36034,22.07042,7.004
2021,01,13,05,18,19,2.0,38.38572,22.02086,7.428
2021,01,13,05,24,19,3.1,38.36814,22.05414,6.700
2021,01,13,05,32,26,2.4,38.37404,22.01484,6.664
2021,01,13,05,32,55,1.8,38.37418,22.01366,6.644
2021,01,13,06,00,05,2.3,38.36775,22.00978,6.592
2021,01,13,06,24,29,2.4,38.36435,22.05925,7.055
2021,01,13,06,41,28,1.7,38.36881,21.99021,6.871
2021,01,13,06,46,54,2.7,38.36527,22.05551,6.831
2021,01,13,06,48,39,1.2,38.36422,22.05477,6.856
2021,01,13,06,50,17,2.2,38.36815,22.05964,6.958
2021,01,13,06,53,42,2.0,38.36632,22.00795,6.576
2021,01,13,06,54,29,1.2,38.36527,22.06679,5.882
2021,01,13,07,02,44,2.5,38.38540,22.02005,7.365
2021,01,13,07,05,07,2.0,38.37276,21.99597,6.955
2021,01,13,07,37,50,2.3,38.39076,22.02447,8.564
2021,01,13,07,55,50,2.0,38.36491,22.05575,6.849
2021,01,13,08,19,40,1.9,38.39483,21.98252,6.978
2021,01,13,08,33,50,2.3,38.36917,22.05162,7.073
2021,01,13,08,40,43,2.9,38.36494,22.06820,7.380
2021,01,13,09,06,08,3.8,38.37415,22.04466,7.169
2021,01,13,09,11,08,2.5,38.36924,22.05221,6.827
2021,01,13,09,11,59,2.7,38.36439,22.06815,6.757
2021,01,13,09,17,15,2.7,38.37542,22.04916,7.091
2021,01,13,09,21,17,3.0,38.37510,22.05187,7.160
2021,01,13,09,40,21,4.2,38.38470,22.04105,7.275
2021,01,13,09,56,47,3.3,38.37655,22.04915,7.986
2021,01,13,11,08,09,2.3,38.36112,22.07056,7.067
2021,01,13,11,09,29,2.2,38.36923,22.06140,7.953
2021,01,13,11,19,00,2.0,38.36950,22.06169,7.919
2021,01,13,11,20,30,1.0,38.38364,22.02114,7.186
2021,01,13,12,19,19,1.6,38.37683,22.01920,6.706
2021,01,13,12,20,37,2.0,38.39614,21.98283,6.804
2021,01,13,12,27,11,1.7,38.38889,22.02933,8.547
2021,01,13,12,28,33,2.2,38.36465,22.06706,7.161
2021,01,13,12,32,16,1.7,38.37447,22.05319,7.129
2021,01,13,12,33,08,2.5,38.35813,22.07137,6.961
2021,01,13,12,49,16,2.3,38.36835,22.05383,7.083
2021,01,13,12,59,46,2.8,38.38667,22.02319,7.048
2021,01,13,13,15,23,3.6,38.38174,22.02350,6.764
2021,01,13,13,45,45,2.2,38.39498,21.98374,6.842
2021,01,13,14,04,20,2.1,38.37568,22.04668,7.230
2021,01,13,14,10,29,1.9,38.37222,22.05099,7.062
2021,01,13,14,13,27,1.2,38.38359,22.02105,6.414
2021,01,13,14,14,17,1.2,38.39166,22.02602,8.183
2021,01,13,14,17,06,1.3,38.38318,22.02087,6.425
2021,01,13,14,18,54,1.2,38.37735,22.03043,6.741
2021,01,13,14,31,55,2.4,38.36216,22.06808,7.037
2021,01,13,14,42,15,2.0,38.38358,22.02155,6.383
2021,01,13,14,43,24,1.3,38.37557,22.01713,6.679
2021,01,13,14,49,27,2.0,38.37466,22.00282,6.681
2021,01,13,14,57,50,2.4,38.37436,22.02395,6.840
2021,01,13,15,14,49,2.2,38.36690,22.05522,7.072
2021,01,13,15,29,49,1.8,38.38129,22.02085,6.506
2021,01,13,16,01,25,2.1,38.36403,22.06985,7.233
2021,01,13,16,02,46,1.7,38.37456,22.02540,6.851
2021,01,13,16,09,24,2.3,38.37784,22.04393,8.105
2021,01,13,16,27,52,2.1,38.36686,22.06006,7.431
2021,01,13,16,34,31,2.2,38.37201,22.04494,6.531
2021,01,13,16,40,56,2.5,38.38851,22.01129,7.176
2021,01,13,17,19,22,1.7,38.37722,21.99351,6.710
2021,01,13,17,29,53,2.5,38.38938,22.00410,7.417
2021,01,13,17,33,33,2.0,38.37120,22.05130,7.144
2021,01,13,17,52,04,2.1,38.37703,22.03634,7.120
2021,01,13,18,07,31,1.8,38.38790,22.03064,8.527
2021,01,13,18,10,22,0.8,38.37291,22.04485,6.471
2021,01,13,19,09,37,2.4,38.37272,21.98442,7.011
2021,01,13,19,30,42,2.1,38.36865,22.05252,6.938
2021,01,13,19,38,47,2.4,38.38597,22.02062,6.344
2021,01,13,20,02,15,1.8,38.35876,22.07241,6.857
2021,01,13,20,22,57,2.1,38.36892,22.05189,6.817
2021,01,13,20,33,44,1.8,38.38253,22.04170,6.469
2021,01,13,20,36,13,1.6,38.37776,22.01008,6.731
2021,01,13,20,39,22,2.6,38.36884,22.05547,6.888
2021,01,13,20,50,45,2.4,38.37998,22.02147,6.468
2021,01,13,20,57,01,2.5,38.39612,21.98059,6.442
2021,01,13,21,54,17,1.9,38.38628,22.01958,7.422
2021,01,13,21,56,03,1.8,38.36232,22.07554,7.147
2021,01,13,22,42,52,1.7,38.38806,22.03005,8.549
2021,01,13,22,44,30,1.7,38.37701,22.03645,6.979
2021,01,13,23,04,40,3.0,38.37017,22.05644,6.933
2021,01,13,23,11,55,1.8,38.36858,22.05942,6.952
2021,01,13,23,13,23,1.8,38.37265,22.05272,6.888
2021,01,13,23,19,35,2.5,38.37309,22.05161,6.885
2021,01,13,23,26,47,2.5,38.37362,22.04929,6.859
2021,01,13,23,52,09,2.0,38.36325,22.06948,7.183
2021,01,14,00,13,14,1.9,38.37041,22.05743,7.043
2021,01,14,01,15,41,2.0,38.39279,21.98539,6.930
2021,01,14,01,46,27,2.6,38.36149,22.07647,7.165
2021,01,14,01,53,25,2.4,38.36290,22.07642,7.198
2021,01,14,01,54,41,1.4,38.36171,22.07598,7.079
2021,01,14,02,02,34,0.6,38.37652,22.02251,6.858
2021,01,14,02,03,02,2.4,38.37922,22.02469,6.531
2021,01,14,02,05,01,1.5,38.36516,22.06434,7.329
2021,01,14,02,09,02,2.7,38.36765,22.05844,7.285
2021,01,14,03,34,06,2.1,38.36796,22.05810,7.227
2021,01,14,03,40,01,2.8,38.37374,22.04936,6.917
2021,01,14,03,42,25,1.6,38.37130,22.05665,7.034
2021,01,14,04,03,45,0.9,38.37470,22.04285,6.282
2021,01,14,04,11,33,2.1,38.36012,22.07830,7.012
2021,01,14,05,07,51,1.8,38.36917,22.00841,6.550
2021,01,14,05,15,04,1.7,38.36471,22.06445,6.484
2021,01,14,06,10,54,1.8,38.36267,22.07430,7.199
2021,01,14,06,19,19,3.5,38.36969,22.06037,7.350
2021,01,14,06,35,10,0.7,38.37859,22.03825,7.155
2021,01,14,06,36,01,2.1,38.36259,22.06942,7.059
2021,01,14,06,37,48,1.3,38.36868,22.05367,6.780
2021,01,14,07,47,42,1.8,38.37987,22.04174,7.565
2021,01,14,08,47,03,0.9,38.37354,21.99519,6.806
2021,01,14,08,49,12,1.4,38.36944,22.05204,6.889
2021,01,14,08,49,59,1.6,38.36118,22.07794,7.148
2021,01,14,09,14,18,1.6,38.36971,22.06458,8.143
2021,01,14,09,26,53,2.0,38.36807,22.05346,6.805
2021,01,14,09,37,16,2.0,38.36142,22.07672,7.035
2021,01,14,09,40,20,2.1,38.36843,22.06555,8.003
2021,01,14,10,14,50,1.6,38.37294,21.99897,6.706
2021,01,14,10,17,04,1.9,38.36726,22.04758,6.751
2021,01,14,10,19,12,2.2,38.36659,22.05946,6.826
2021,01,14,10,39,46,2.3,38.37509,21.99478,6.773
2021,01,14,10,47,51,2.1,38.37500,21.99492,6.839
2021,01,14,10,49,18,3.8,38.36908,22.05715,6.901
2021,01,14,10,54,20,3.5,38.36186,22.07673,7.296
2021,01,14,10,55,43,2.8,38.36031,22.07828,7.028
2021,01,14,11,35,39,2.1,38.35904,22.07739,6.942
2021,01,14,11,37,40,2.3,38.37246,22.01424,6.589
2021,01,14,11,40,02,2.1,38.37276,22.01276,6.572
2021,01,14,11,59,07,2.2,38.38030,22.01777,6.562
2021,01,14,12,02,08,2.1,38.36023,22.06978,7.026
2021,01,14,12,10,26,2.1,38.36970,21.98804,6.914
2021,01,14,12,16,13,2.7,38.36934,21.98810,6.896
2021,01,14,13,33,27,1.5,38.36853,22.00662,6.548
2021,01,14,13,46,47,2.4,38.37922,22.00285,5.742
2021,01,14,14,15,28,2.2,38.36345,22.07397,7.296
2021,01,14,14,30,21,3.0,38.37912,22.00077,5.716
2021,01,14,15,47,07,1.8,38.36416,22.06860,7.226
2021,01,14,16,06,55,2.0,38.37240,22.04613,6.785
2021,01,14,17,00,25,1.2,38.36046,22.07037,6.920
2021,01,14,17,38,18,1.7,38.35157,22.08997,7.111
2021,01,14,17,44,25,1.4,38.37767,22.03541,7.052
2021,01,14,17,46,15,2.3,38.37052,22.05256,6.754
2021,01,14,18,10,17,1.9,38.37515,22.05825,6.692
2021,01,14,18,14,08,2.0,38.37709,21.98748,6.806
2021,01,14,18,19,35,3.6,38.36741,22.05985,7.337
2021,01,14,18,20,59,2.7,38.37265,21.99531,6.735
2021,01,14,18,42,31,2.0,38.37587,22.00878,6.708
2021,01,14,19,21,38,1.5,38.36776,22.06380,7.087
2021,01,14,20,04,14,3.2,38.38135,22.01833,6.541
2021,01,14,20,32,53,1.7,38.37849,22.03098,6.878
2021,01,14,20,43,37,2.0,38.37923,22.02751,6.201
2021,01,14,20,57,50,1.7,38.35739,22.06426,6.628
2021,01,14,21,02,34,1.6,38.38446,22.02297,6.354
2021,01,14,21,23,32,2.0,38.35986,22.07859,7.247
2021,01,14,21,54,31,1.6,38.38092,22.02098,6.491
2021,01,14,22,20,04,1.7,38.37285,21.99868,6.693
2021,01,14,22,47,30,1.7,38.38945,22.02843,8.548
2021,01,14,23,21,34,2.0,38.38651,21.98775,6.513
2021,01,14,23,30,13,1.9,38.35813,22.08119,6.905
2021,01,15,00,39,59,1.8,38.35973,22.07474,6.742
2021,01,15,01,54,26,1.4,38.36547,22.06438,7.080
2021,01,15,02,35,44,2.0,38.36998,22.06717,8.362
2021,01,15,03,15,03,2.0,38.37295,22.04653,6.842
2021,01,15,03,18,16,2.6,38.35902,22.07991,6.899
2021,01,15,04,14,44,1.7,38.35878,22.08032,7.118
2021,01,15,04,31,07,1.8,38.35837,22.08175,6.857
2021,01,15,04,32,26,1.3,38.37642,22.02731,5.462
2021,01,15,04,57,01,2.2,38.38309,22.01788,6.330
2021,01,15,05,40,06,1.3,38.37857,22.02169,6.729
2021,01,15,06,02,36,1.9,38.38083,22.02109,6.436
2021,01,15,06,11,04,1.9,38.37034,21.98228,6.880
2021,01,15,07,43,36,2.3,38.37245,22.05575,6.750
2021,01,15,07,47,30,2.2,38.36848,22.05492,6.491
2021,01,15,07,51,10,1.4,38.35836,22.07818,6.939
2021,01,15,07,52,37,1.4,38.38330,22.02890,6.910
2021,01,15,09,17,24,1.6,38.36959,21.98194,6.865
2021,01,15,09,40,07,1.8,38.38267,22.01773,6.663
2021,01,15,10,16,13,1.7,38.36250,22.08495,7.310
2021,01,15,10,31,48,1.6,38.35816,22.08081,7.302
2021,01,15,11,03,30,2.9,38.38256,22.01825,6.687
2021,01,15,11,11,02,1.7,38.38380,22.01382,7.036
2021,01,15,11,20,14,2.1,38.38537,22.01835,6.834
2021,01,15,12,03,51,3.5,38.38571,22.01744,7.224
2021,01,15,12,32,15,1.7,38.36376,22.06582,7.164
2021,01,15,12,39,43,1.7,38.38564,22.01546,6.675
2021,01,15,13,07,46,1.6,38.37498,22.00264,6.742
2021,01,15,13,55,51,1.7,38.35831,22.08065,7.254
2021,01,15,14,35,41,2.0,38.38054,22.02126,6.342
2021,01,15,14,55,05,1.7,38.38180,22.01988,6.477
2021,01,15,14,56,03,0.9,38.36124,22.07084,7.055
2021,01,15,15,08,19,0.5,38.38735,22.02891,6.785
2021,01,15,15,10,47,0.7,38.38378,22.01240,6.615
2021,01,15,15,12,39,0.7,38.36919,22.05892,7.156
2021,01,15,15,25,13,2.4,38.37281,22.00280,6.762
2021,01,15,16,18,46,1.3,38.38653,22.02421,6.291
2021,01,15,16,29,51,1.4,38.36740,22.06561,7.962
2021,01,15,17,10,11,1.8,38.37911,22.01620,6.035
2021,01,15,17,10,33,2.0,38.38060,22.02144,6.407
2021,01,15,17,25,01,2.3,38.37704,22.03831,6.190
2021,01,15,17,50,26,1.4,38.37321,21.99586,6.698
2021,01,15,18,16,55,1.6,38.37896,21.99503,5.793
2021,01,15,18,21,27,1.1,38.37882,22.02417,6.402
2021,01,15,18,28,50,1.2,38.38123,22.01062,6.946
2021,01,15,18,38,00,1.2,38.36476,22.06757,6.762
2021,01,15,19,21,09,1.5,38.37994,21.99513,6.083
2021,01,15,19,26,00,2.1,38.37085,22.00863,6.564
2021,01,15,19,59,30,2.0,38.36158,22.06493,6.792
2021,01,15,20,20,09,1.3,38.38378,22.01204,6.620
2021,01,15,20,22,29,0.9,38.38358,22.01283,6.594
2021,01,15,20,35,12,1.8,38.36937,22.00839,6.545
2021,01,15,20,52,48,1.3,38.37050,22.00702,6.560
2021,01,15,21,31,20,1.4,38.37377,22.00371,6.305
2021,01,15,22,29,09,1.5,38.37004,22.00759,6.561
2021,01,15,22,57,44,1.6,38.37129,21.98795,6.970
2021,01,15,23,26,25,1.5,38.36972,21.98005,6.891
2021,01,15,23,28,01,1.8,38.38471,22.03110,8.515
2021,01,15,23,46,36,1.7,38.38421,22.01276,6.673
2021,01,16,00,50,59,1.9,38.37412,22.00324,6.701
2021,01,16,01,00,56,1.4,38.37080,21.98361,7.059
2021,01,16,01,13,03,1.1,38.38264,22.02260,6.093
2021,01,16,02,50,08,1.6,38.39672,21.98563,4.041
2021,01,16,02,55,05,1.9,38.37782,22.04734,5.222
2021,01,16,02,58,07,1.7,38.38670,22.03950,7.773
2021,01,16,03,24,33,1.8,38.37959,21.99602,7.142
2021,01,16,04,01,50,1.5,38.38668,22.03257,8.497
2021,01,16,04,09,15,1.5,38.38721,22.03231,8.527
2021,01,16,04,17,09,1.4,38.37690,22.02774,5.392
2021,01,16,05,27,09,1.4,38.38827,22.03060,8.528
2021,01,16,05,44,23,2.1,38.36842,22.05996,6.776
2021,01,16,05,56,17,1.7,38.37716,22.04697,7.691
2021,01,16,07,50,02,1.6,38.38126,21.98608,6.697
2021,01,16,09,15,29,1.9,38.38069,21.99692,7.132
2021,01,16,10,01,58,0.6,38.37996,21.99566,7.134
2021,01,16,11,32,17,1.5,38.36298,22.06091,7.238
2021,01,16,11,59,20,1.6,38.36384,22.05974,7.146
2021,01,16,12,16,29,1.8,38.36232,22.06101,7.118
2021,01,16,12,20,50,1.9,38.36217,22.06145,7.177
2021,01,16,13,49,10,1.3,38.36328,22.05608,6.957
2021,01,16,15,09,18,1.5,38.38151,22.01639,6.574
2021,01,16,15,11,12,1.1,38.38164,22.01667,6.587
2021,01,16,15,14,00,1.2,38.37311,22.06152,6.799
2021,01,16,15,24,25,1.4,38.36863,22.04988,6.886
2021,01,16,15,41,38,1.5,38.36792,22.05043,6.861
2021,01,16,15,46,36,2.4,38.37996,21.99692,7.297
2021,01,16,15,56,13,0.8,38.37566,22.04866,7.886
2021,01,16,15,57,01,1.5,38.37561,22.04898,7.882
2021,01,16,16,15,19,1.4,38.38682,22.03140,8.500
2021,01,16,16,35,36,1.8,38.37229,22.00213,6.755
2021,01,16,16,43,20,2.6,38.37526,22.05041,7.642
2021,01,16,16,45,22,2.1,38.37710,22.04691,7.885
2021,01,16,18,31,07,1.1,38.38352,22.01323,6.590
2021,01,16,18,35,31,1.5,38.36259,22.07464,7.243
2021,01,16,20,21,02,1.4,38.36379,22.07283,7.870
2021,01,16,20,26,18,1.8,38.40435,21.98080,7.053
2021,01,16,21,20,56,1.7,38.38802,22.03148,8.506
2021,01,16,21,24,06,1.7,38.38807,22.03059,8.492
2021,01,16,21,26,48,1.8,38.36954,22.04884,6.875
2021,01,16,22,17,05,1.1,38.36412,22.06441,6.618
2021,01,16,22,36,42,1.0,38.37865,22.04771,5.265
2021,01,17,00,18,53,1.6,38.37264,22.06202,6.380
2021,01,17,01,22,13,1.7,38.36331,22.05733,7.066
2021,01,17,02,12,40,2.0,38.37029,22.06299,6.410
2021,01,17,02,16,15,1.3,38.36737,21.98550,6.882
2021,01,17,03,17,42,1.2,38.38941,22.02819,8.430
2021,01,17,03,26,36,1.4,38.38708,22.03012,8.511
2021,01,17,09,53,17,1.4,38.36518,22.06044,6.733
2021,01,17,10,39,18,1.4,38.37605,22.02903,5.451
2021,01,17,10,49,34,1.4,38.37536,22.02470,6.253
2021,01,17,12,11,46,1.3,38.36030,22.07129,7.143
2021,01,17,12,34,00,1.3,38.36224,22.06507,6.944
2021,01,17,12,34,44,1.1,38.36984,21.98653,6.921
2021,01,17,12,48,05,1.0,38.39400,21.98123,6.640
2021,01,17,13,29,04,1.9,38.37396,22.03189,6.219
2021,01,17,13,33,31,1.5,38.37777,22.04481,8.119
2021,01,17,13,40,39,1.8,38.37775,22.04573,8.180
2021,01,17,13,56,05,1.7,38.37719,22.04676,8.104
2021,01,17,14,27,47,1.8,38.37781,22.04400,8.025
2021,01,17,15,11,26,1.9,38.36749,22.06050,7.045
2021,01,17,15,49,44,2.0,38.36488,22.05379,6.985
2021,01,17,17,12,16,1.3,38.36830,22.05312,6.881
2021,01,17,17,14,30,1.8,38.40266,21.95216,6.075
2021,01,17,18,13,32,0.9,38.38372,22.01199,6.591
2021,01,17,18,55,05,0.9,38.37745,21.99491,6.649
2021,01,17,19,08,14,1.4,38.38030,22.00749,5.981
2021,01,17,19,12,11,0.7,38.36205,22.06575,6.934
2021,01,17,19,41,45,2.2,38.39923,21.97807,6.585
2021,01,17,19,42,57,1.2,38.40087,21.97673,6.605
2021,01,17,19,46,21,1.0,38.40167,21.97585,6.569
2021,01,17,19,50,26,1.8,38.40233,21.97507,6.565
2021,01,17,19,54,48,1.6,38.35735,22.06451,6.624
2021,01,17,20,35,36,1.1,38.39010,22.02748,8.520
2021,01,17,21,25,48,1.0,38.36951,22.01233,6.537
2021,01,17,22,10,33,1.8,38.37151,22.01048,6.567
2021,01,17,22,22,46,0.9,38.37711,22.02930,5.382
2021,01,17,22,27,39,1.1,38.37418,22.03056,6.216
2021,01,17,22,40,38,2.0,38.37156,21.98581,6.997
2021,01,17,22,50,11,1.7,38.36845,22.05795,6.252
2021,01,17,22,53,17,1.6,38.37036,21.98227,6.881
2021,01,17,23,18,44,1.8,38.35771,22.08174,6.884
2021,01,18,00,48,14,1.3,38.37728,22.02320,6.408
2021,01,18,02,13,10,1.9,38.35113,22.08598,6.809
2021,01,18,06,23,18,2.3,38.35361,22.07850,6.881
2021,01,18,06,49,25,2.0,38.37651,22.04779,7.653
2021,01,18,07,11,19,2.7,38.37480,22.02150,6.609
2021,01,18,07,19,41,1.6,38.37395,21.98975,6.653
2021,01,18,07,27,47,1.3,38.39156,21.98586,6.949
2021,01,18,07,55,56,2.2,38.35419,22.07776,6.895
2021,01,18,08,10,25,1.5,38.36363,22.02628,6.253
2021,01,18,09,24,06,1.9,38.36957,21.98494,6.902
2021,01,18,09,38,14,2.1,38.38145,22.00699,5.924
2021,01,18,09,46,03,1.3,38.36187,22.06695,6.775
2021,01,18,10,40,47,2.2,38.36488,22.06200,6.747
2021,01,18,11,47,01,1.6,38.37196,21.98383,7.024
2021,01,18,12,44,15,1.8,38.37351,22.05429,7.238
2021,01,18,13,46,46,1.0,38.39078,21.98584,6.908
2021,01,18,13,53,01,1.7,38.39514,21.98744,6.789
2021,01,18,13,53,24,1.4,38.38074,21.98759,6.627
2021,01,18,13,56,27,0.7,38.39200,21.98532,6.942
2021,01,18,14,25,21,1.6,38.36190,22.06172,7.124
2021,01,18,14,43,25,1.5,38.37088,22.04858,6.925
2021,01,18,14,44,19,1.1,38.35079,22.08648,6.810
2021,01,18,14,45,31,1.3,38.39108,21.98639,6.928
2021,01,18,15,25,49,1.3,38.36339,22.06010,7.141
2021,01,18,15,26,44,1.0,38.37305,22.02899,7.200
2021,01,18,15,43,26,3.0,38.37622,22.02704,6.852
2021,01,18,16,25,04,1.2,38.37347,22.04210,6.965
2021,01,18,17,02,57,2.1,38.35983,22.07259,7.179
2021,01,18,17,04,40,1.3,38.39066,21.98553,6.898
2021,01,18,17,10,09,1.7,38.36319,22.05732,7.060
2021,01,18,17,35,32,1.4,38.37848,22.03569,7.097
2021,01,18,17,59,33,0.5,38.36554,22.06187,6.429
2021,01,18,18,00,02,1.4,38.35926,22.07266,7.190
2021,01,18,18,06,01,1.5,38.39512,21.98065,5.877
2021,01,18,19,03,43,0.9,38.36956,22.02544,7.057
2021,01,18,19,34,13,1.2,38.38651,21.98571,6.600
2021,01,18,19,48,21,3.0,38.35745,22.08218,6.885
2021,01,18,20,10,06,1.5,38.35708,22.08320,6.899
2021,01,18,21,17,13,2.1,38.38880,21.98668,7.038
2021,01,18,21,40,42,2.1,38.35021,22.08155,6.798
2021,01,18,21,54,49,1.2,38.35800,22.07792,6.903
2021,01,18,22,09,20,1.3,38.39139,22.04573,8.636
2021,01,18,23,10,07,1.4,38.36395,22.06383,6.709
2021,01,18,23,44,07,1.2,38.37403,22.03076,6.216
2021,01,19,00,38,58,1.2,38.40548,21.99141,5.937
2021,01,19,00,46,06,1.7,38.38334,22.02084,7.280
2021,01,19,02,21,38,1.2,38.38073,21.98653,6.624
2021,01,19,03,03,11,1.3,38.34477,22.08593,6.364
2021,01,19,03,45,37,1.1,38.38105,22.00203,6.528
2021,01,19,04,39,19,1.2,38.35751,22.07792,7.244
2021,01,19,07,37,06,1.8,38.36762,22.02105,6.550
2021,01,19,09,25,15,1.6,38.37134,22.04757,6.819
2021,01,19,09,37,57,2.2,38.40068,21.97982,6.962
2021,01,19,10,11,45,1.7,38.39922,21.98078,6.939
2021,01,19,10,49,11,1.6,38.35988,22.07156,7.191
2021,01,19,12,11,09,1.7,38.39463,21.98818,5.509
2021,01,19,13,23,49,2.5,38.39957,21.98065,6.928
2021,01,19,13,32,14,0.9,38.39491,21.98746,5.459
2021,01,19,13,33,09,1.7,38.37372,21.99361,6.785
2021,01,19,15,13,59,1.3,38.38002,21.99510,6.105
2021,01,19,16,24,05,1.6,38.37307,21.99337,6.854
2021,01,19,17,43,25,1.1,38.38149,22.01470,6.549
2021,01,19,17,44,10,1.2,38.37320,21.99385,6.795
2021,01,19,19,03,35,1.6,38.37381,22.02921,6.780
2021,01,19,19,07,57,1.3,38.37413,21.99274,6.794
2021,01,19,20,00,30,1.3,38.35932,22.07238,7.199
2021,01,19,20,20,41,2.3,38.37006,21.97943,6.945
2021,01,19,20,50,09,1.1,38.36475,22.06634,7.238
2021,01,19,21,45,43,1.7,38.37405,22.02935,6.799
2021,01,19,21,51,48,1.3,38.36096,22.06846,6.795
2021,01,19,21,59,08,1.2,38.40230,21.97793,6.824
2021,01,19,22,36,07,1.3,38.37903,22.04065,8.266
2021,01,19,23,52,47,1.6,38.35920,22.07273,7.183
2021,01,20,00,06,49,1.2,38.35964,22.07187,7.216
2021,01,20,00,08,02,1.7,38.37017,21.98663,6.933
2021,01,20,01,37,40,1.5,38.36928,21.97120,6.853
2021,01,20,01,53,49,1.2,38.36483,22.06807,6.751
2021,01,20,02,29,33,1.9,38.38291,21.99479,5.793
2021,01,20,03,07,01,1.3,38.38566,22.04112,8.357
2021,01,20,04,12,28,1.2,38.36797,22.06088,5.181
2021,01,20,04,13,04,1.1,38.36938,21.96908,6.857
2021,01,20,05,13,41,1.0,38.35831,22.07914,6.911
2021,01,20,05,57,21,3.2,38.35983,22.07775,7.232
2021,01,20,06,24,07,1.7,38.38571,22.00857,7.356
2021,01,20,06,44,34,1.5,38.36095,22.07556,7.094
2021,01,20,07,12,53,1.6,38.38011,22.00048,6.754
2021,01,20,07,20,19,1.5,38.38394,22.01036,6.630
2021,01,20,07,20,39,1.5,38.38404,22.01126,6.615
2021,01,20,07,36,04,1.7,38.36248,22.06942,7.046
2021,01,20,07,36,59,2.3,38.37409,22.02835,6.777
2021,01,20,08,41,54,2.2,38.36920,22.02211,6.634
2021,01,20,09,25,38,1.6,38.36270,22.07322,7.314
2021,01,20,10,08,43,1.5,38.37582,22.06047,4.325
2021,01,20,12,11,41,1.2,38.36391,22.05911,7.117
2021,01,20,12,18,54,1.8,38.36965,22.01997,6.552
2021,01,20,14,59,17,1.1,38.39703,21.98337,6.752
2021,01,20,16,25,34,1.7,38.37697,22.06799,6.023
2021,01,20,17,34,20,1.6,38.35599,22.08058,7.035
2021,01,20,19,35,05,1.4,38.36060,22.07781,7.193
2021,01,20,20,57,49,1.3,38.35793,22.08143,6.875
2021,01,20,22,57,24,2.2,38.38378,22.03470,8.432
2021,01,20,22,59,51,1.7,38.36543,22.06810,6.525
2021,01,20,23,14,44,0.9,38.36123,22.07308,7.113
2021,01,21,00,34,08,1.1,38.36365,22.05946,7.122
2021,01,21,00,51,29,1.1,38.37508,22.03098,6.803
2021,01,21,02,52,30,1.1,38.37272,22.04376,6.403
2021,01,21,03,00,11,1.2,38.39585,21.98786,5.348
2021,01,21,04,47,02,1.8,38.37006,22.06480,6.478
2021,01,21,05,57,04,1.3,38.37434,22.01774,6.403
2021,01,21,06,00,19,0.4,38.35031,22.06099,6.830
2021,01,21,06,00,46,1.5,38.36507,22.06401,7.264
2021,01,21,06,01,50,0.1,38.37057,22.05679,7.781
2021,01,21,06,03,32,0.6,38.35883,22.07352,5.374
2021,01,21,06,03,43,0.9,38.39495,21.98746,5.459
2021,01,21,06,51,42,3.2,38.35828,22.08192,6.974
2021,01,21,06,59,37,1.7,38.36534,22.06323,7.258
2021,01,21,07,31,15,1.7,38.35665,22.07935,6.875
2021,01,21,07,45,37,1.7,38.38125,22.00900,5.948
2021,01,21,08,25,55,1.5,38.35725,22.08246,6.865
2021,01,21,10,36,33,0.7,38.39209,22.03053,8.559
2021,01,21,10,36,46,0.2,38.38684,22.03064,9.479
2021,01,21,10,37,21,0.2,38.36959,22.00654,6.475
2021,01,21,14,21,16,3.1,38.35871,22.07832,6.946
2021,01,21,15,08,08,1.3,38.35918,22.07271,6.892
2021,01,21,15,49,32,1.6,38.38017,22.06781,5.969
2021,01,21,16,01,00,1.2,38.37942,22.02149,6.604
2021,01,21,16,38,02,0.7,38.35993,22.08617,8.068
2021,01,21,17,39,35,1.1,38.37172,22.02742,5.651
2021,01,21,18,22,39,1.8,38.36022,22.06937,6.779
2021,01,21,23,17,02,0.8,38.36821,22.04945,6.878
2021,01,21,23,23,55,1.0,38.35957,22.06619,6.985
2021,01,21,23,30,42,1.1,38.36307,22.06370,6.613
2021,01,22,01,18,17,1.2,38.39164,22.03030,8.561
2021,01,22,01,18,17,1.2,38.39161,22.03012,8.586
2021,01,22,01,44,21,1.0,38.38779,22.01899,7.141
2021,01,22,04,13,14,0.9,38.37240,22.04485,6.515
2021,01,22,08,04,23,1.5,38.36229,22.06209,7.493
2021,01,22,09,02,12,0.8,38.36371,22.07256,6.421
2021,01,22,11,50,48,1.8,38.36517,22.06149,6.735
2021,01,22,13,32,36,1.6,38.34801,22.08389,7.166
2021,01,22,14,51,20,1.2,38.38062,22.00625,6.680
2021,01,22,16,36,14,1.1,38.40579,21.99146,5.950
2021,01,22,16,45,44,1.1,38.38972,22.00614,6.868
2021,01,22,16,58,09,2.0,38.39143,22.03184,8.590
2021,01,22,17,27,54,1.4,38.37489,22.00282,6.320
2021,01,22,19,10,37,0.8,38.37697,22.01911,6.238
2021,01,22,19,38,58,2.1,38.39233,21.98234,6.456
2021,01,22,19,45,36,0.5,38.39401,21.98211,6.071
2021,01,22,20,37,18,1.5,38.35743,22.07793,7.245
2021,01,22,20,38,18,0.4,38.37900,22.02800,6.507
2021,01,22,23,47,28,1.8,38.37246,22.00529,6.804
2021,01,23,00,10,39,1.1,38.38573,22.03354,8.476
2021,01,23,00,17,04,1.0,38.37216,22.00590,6.794
2021,01,23,02,53,44,1.1,38.36818,21.98604,6.974
2021,01,23,05,24,55,0.9,38.34566,22.08647,6.906
2021,01,23,07,56,51,1.6,38.35590,22.08118,6.842
2021,01,23,10,39,45,1.6,38.35589,22.08315,7.018
2021,01,23,10,45,17,2.0,38.39111,22.03268,8.594
2021,01,23,10,50,26,1.7,38.35655,22.08173,7.049
2021,01,23,10,55,06,2.1,38.35613,22.08253,7.050
2021,01,23,15,23,17,1.3,38.39108,22.03275,8.589
2021,01,23,17,13,14,1.4,38.41560,21.92092,6.731
2021,01,23,22,03,13,1.0,38.36254,22.07202,6.405
2021,01,24,00,05,29,1.0,38.38002,22.02057,6.421
2021,01,24,00,13,10,1.0,38.36886,22.00904,6.560
2021,01,24,00,21,41,1.8,38.37734,22.02640,6.327
2021,01,24,03,14,51,1.3,38.38512,22.03676,8.582
2021,01,24,03,39,12,1.5,38.38663,22.03269,7.314
2021,01,24,03,59,11,2.2,38.38301,22.02749,7.364
2021,01,24,05,01,47,1.7,38.36908,22.05305,6.355
2021,01,24,18,51,06,1.4,38.36914,22.00580,6.001
2021,01,24,21,06,39,1.4,38.37400,21.99830,6.757
2021,01,24,22,53,21,2.3,38.33777,21.93195,7.646
2021,01,25,00,20,12,1.7,38.35969,22.07464,6.788
2021,01,25,05,22,57,1.8,38.38519,22.03680,8.623
2021,01,25,07,30,55,1.1,38.37293,22.06429,6.706
2021,01,25,08,04,43,1.7,38.33674,21.93234,7.645
2021,01,25,12,49,54,2.3,38.36630,22.06235,6.818
2021,01,25,13,02,59,1.3,38.39521,21.98223,6.610
2021,01,25,13,54,33,1.7,38.37870,22.02041,6.215
2021,01,25,19,01,32,1.5,38.36712,22.06115,6.638
2021,01,25,19,04,08,1.5,38.39274,21.98445,6.474
2021,01,25,20,28,52,1.3,38.40287,21.94245,7.363
2021,01,25,21,44,04,1.5,38.37948,22.02483,6.538
2021,01,26,00,12,21,1.3,38.37937,22.02667,6.566
2021,01,26,07,39,12,1.5,38.39680,21.98083,6.616
2021,01,26,10,09,18,1.4,38.36977,22.01294,6.520
2021,01,26,10,42,03,1.3,38.38652,22.04300,7.241
2021,01,26,11,09,26,1.4,38.39005,22.02669,7.870
2021,01,26,21,54,16,1.8,38.37215,22.04660,6.863
2021,01,27,03,59,03,1.7,38.36083,22.07047,7.198
2021,01,27,06,59,08,2.0,38.39275,22.02934,8.612
2021,01,27,07,45,21,1.8,38.37352,21.99217,6.926
2021,01,27,16,20,58,1.5,38.39529,21.94113,7.718
2021,01,27,18,16,02,1.8,38.37740,22.01787,6.252
2021,01,27,19,04,30,1.6,38.37551,22.04390,6.886
2021,01,27,19,19,18,1.7,38.35876,22.07317,7.150
2021,01,27,22,44,20,1.9,38.38756,22.02111,6.399
2021,01,27,23,22,01,2.3,38.35607,22.08111,6.847
2021,01,28,00,38,02,1.3,38.37047,22.09332,3.783
2021,01,28,00,40,51,0.9,38.35587,22.08276,6.839
2021,01,28,01,54,07,1.2,38.37890,22.04103,8.216
2021,01,28,03,22,36,2.1,38.37302,21.99356,7.050
2021,01,28,06,01,20,0.6,38.37707,22.01714,6.249
2021,01,28,10,10,34,1.6,38.34136,22.09747,7.179
2021,01,28,13,55,19,1.2,38.39187,22.03026,8.594
2021,01,28,16,27,09,1.7,38.38047,21.98826,6.567
2021,01,28,17,23,16,1.1,38.37083,22.09565,3.759
2021,01,28,18,10,47,1.3,38.39875,22.02442,9.330
2021,01,28,18,19,27,1.3,38.39388,22.03021,7.247
2021,01,28,21,40,33,1.5,38.36067,22.07110,7.164
2021,01,29,14,04,34,2.8,38.36333,22.07298,8.036
2021,01,29,14,12,43,1.3,38.38689,22.02214,6.412
2021,01,29,14,24,30,1.4,38.36387,22.07516,7.336
2021,01,29,14,30,43,1.2,38.36277,22.07160,7.067
2021,01,29,15,14,18,1.1,38.36263,22.07101,7.044
2021,01,29,17,42,39,1.6,38.36590,22.06652,7.278
2021,01,29,22,32,43,1.0,38.38246,21.99683,6.728
2021,01,30,01,17,45,1.4,38.35809,22.08775,7.279
2021,01,30,03,19,08,1.1,38.36162,22.06733,6.791
2021,01,30,06,55,15,1.5,38.36506,22.06437,6.139
2021,01,30,19,29,34,1.4,38.35652,22.08492,6.912
2021,01,31,00,07,16,1.1,38.39904,21.91572,7.502
2021,01,31,04,22,23,1.3,38.36722,22.00512,6.111
2021,01,31,16,54,37,1.3,38.38796,22.02140,6.427
2021,01,31,22,09,01,1.2,38.40173,21.97606,6.425
2021,02,01,00,40,16,1.1,38.36559,22.00698,4.516
2021,02,01,00,50,37,1.6,38.36348,22.06364,6.635
2021,02,01,01,33,59,1.9,38.36973,22.06387,7.107
2021,02,01,04,04,22,2.0,38.39950,21.99713,8.051
2021,02,01,04,29,55,1.5,38.35903,22.08620,7.351
2021,02,01,07,57,34,1.0,38.37891,21.99006,6.007
2021,02,01,22,06,16,1.8,38.35824,22.07238,6.396
2021,02,02,00,05,01,1.0,38.36774,22.06108,5.174
2021,02,02,01,45,10,1.6,38.39400,21.97928,6.465
2021,02,02,01,52,43,1.2,38.39478,21.98072,6.407
2021,02,02,02,33,18,1.2,38.36930,22.00991,6.561
2021,02,02,03,57,04,2.0,38.39230,21.98489,6.496
2021,02,02,04,55,13,0.5,38.37306,22.04640,6.255
2021,02,02,06,41,41,1.8,38.35078,21.93249,6.899
2021,02,02,09,21,07,1.6,38.35908,22.08620,7.351
2021,02,02,11,24,10,1.1,38.39573,21.98265,6.531
2021,02,02,15,58,35,1.4,38.35942,22.08583,7.401
2021,02,02,20,32,39,1.9,38.35061,21.93447,6.877
2021,02,02,22,13,48,0.8,38.36568,22.00688,4.515
2021,02,03,00,44,30,1.0,38.38746,22.01566,6.517
2021,02,03,00,54,27,0.8,38.35020,21.93126,6.564
2021,02,03,02,24,43,0.7,38.35016,21.93163,6.567
2021,02,03,03,04,38,1.0,38.35014,21.93200,6.571
2021,02,03,03,32,17,0.8,38.35976,22.10016,8.941
2021,02,03,04,47,08,0.8,38.40594,21.98092,6.546
2021,02,03,07,06,01,1.8,38.35699,22.08264,6.824
2021,02,03,07,10,17,1.0,38.35637,22.08430,6.836
2021,02,03,07,11,47,0.7,38.36007,22.08871,8.098
2021,02,03,10,49,32,1.0,38.36160,22.09610,8.835
2021,02,03,12,33,34,0.6,38.37489,21.99462,6.606
2021,02,03,16,06,26,1.7,38.37521,22.03119,6.080
2021,02,03,17,41,56,1.1,38.36898,21.95418,6.139
2021,02,03,23,58,10,1.3,38.39717,21.91861,7.905
2021,02,04,01,27,35,0.9,38.35732,22.08674,7.073
2021,02,04,01,39,22,1.8,38.38259,22.02641,6.383
2021,02,04,01,54,18,0.7,38.36186,22.08615,7.038
2021,02,04,03,43,20,0.8,38.36710,22.00730,6.098
2021,02,04,03,50,59,1.5,38.35520,22.08580,6.892
2021,02,04,05,35,53,1.5,38.39200,21.97962,6.357
2021,02,04,12,01,45,1.1,38.35729,22.09007,7.312
2021,02,04,15,16,43,1.6,38.35734,22.08689,7.086
2021,02,04,16,06,36,1.1,38.35726,22.08899,7.189
2021,02,04,17,35,17,1.3,38.37099,21.95572,6.156
2021,02,04,18,08,08,1.1,38.36394,22.06728,6.805
2021,02,04,20,32,20,0.9,38.37758,22.01898,6.261
2021,02,04,23,16,34,0.3,38.41244,22.00909,8.667
2021,02,05,01,33,09,1.2,38.35812,22.07392,7.164
2021,02,05,04,17,59,1.2,38.35949,22.08532,7.223
2021,02,05,04,47,19,0.4,38.35684,22.08957,7.190
2021,02,05,05,19,52,1.2,38.35944,22.08577,7.407
2021,02,05,05,57,38,1.7,38.35928,22.08599,7.306
2021,02,05,08,25,52,0.8,38.37011,22.05577,6.713
2021,02,05,11,31,30,1.4,38.41214,22.00942,8.257
2021,02,05,12,52,52,1.5,38.36951,22.02114,5.964
2021,02,05,19,44,23,1.5,38.35791,22.08516,7.093
2021,02,06,00,09,00,1.3,38.35791,22.08527,7.099
2021,02,06,22,38,06,0.9,38.38527,22.03332,8.458
2021,02,07,01,15,08,0.7,38.36702,21.95618,5.931
2021,02,07,03,58,09,0.6,38.36599,22.06699,7.139
2021,02,07,07,01,38,1.3,38.38164,21.98569,6.719
2021,02,07,16,16,06,1.0,38.40297,21.97330,6.310
2021,02,07,16,48,15,1.0,38.38907,21.99591,7.171
2021,02,07,18,16,51,1.1,38.39328,22.02142,7.197
2021,02,07,22,18,24,0.9,38.38751,22.00695,8.794
2021,02,07,23,56,50,1.1,38.37308,22.06146,6.791
2021,02,08,08,03,38,1.5,38.35155,22.03007,5.767
2021,02,08,09,56,23,0.8,38.36169,22.08600,7.041
2021,02,08,21,01,12,1.5,38.36262,22.06458,6.801
2021,02,08,22,03,12,1.8,38.35947,22.08476,7.493
2021,02,09,00,12,27,1.6,38.38761,22.00697,8.779
2021,02,09,04,14,56,1.6,38.35958,22.08582,7.509
2021,02,09,09,03,54,1.2,38.35907,22.08705,7.449
2021,02,09,11,40,44,2.3,38.35645,22.08427,6.873
2021,02,09,17,36,56,1.6,38.35850,22.08797,7.430
2021,02,09,22,14,33,1.6,38.35706,22.08810,7.059
2021,02,09,22,59,42,0.8,38.40775,21.97550,6.692
2021,02,09,23,24,36,1.1,38.35610,22.08805,7.047
2021,02,10,03,12,59,1.5,38.35603,22.08837,7.088
2021,02,10,03,40,44,1.1,38.35636,22.08764,7.038
2021,02,10,06,01,22,1.7,38.35689,22.08920,7.178
2021,02,10,06,09,11,1.5,38.35706,22.09040,7.321
2021,02,10,06,11,02,1.7,38.35711,22.09027,7.290
2021,02,10,09,56,43,1.9,38.37767,22.04495,8.186
2021,02,10,11,19,01,1.4,38.35845,22.08692,7.262
2021,02,10,17,54,58,1.0,38.38409,22.02554,6.428
2021,02,10,19,56,26,2.1,38.35709,22.08895,7.165
2021,02,10,20,53,40,1.0,38.37887,22.02770,6.529
2021,02,10,21,18,41,0.8,38.33514,22.10763,7.173
2021,02,10,22,02,29,1.6,38.33769,22.10997,7.455
2021,02,10,22,32,06,1.4,38.35852,22.08899,7.273
