X,Y,OBJECTID,ID,year,month,day,time,lat,lon,M
-121.500000000155,36.7999999988298,1,180010110000,1800,10,11,0,36.8,-121.5,5.5
-117.799999999572,32.8999999990961,2,180011222130,1800,11,22,213000,32.9,-117.8,6.3
-118.100000000129,34.1999999992107,3,180304000000,1803,4,0,0,34.2,-118.1,5.5
-117.100000000069,32.7999999992561,4,180305250000,1803,5,25,0,32.8,-117.1,5.5
-119.700000000406,34.3999999989578,5,180603250800,1806,3,25,80000,34.4,-119.7,5.5
-122.600000000401,37.7999999993478,6,180806210000,1808,6,21,0,37.8,-122.6,5.5
-117.649999999743,34.3699999988846,7,181212081500,1812,12,8,150000,34.37,-117.65,7.5
-119.899999999879,34.1999999992107,8,181212211900,1812,12,21,190000,34.2,-119.9,7.1
-119.850000000235,34.5499999989201,9,182101010000,1821,1,1,0,34.55,-119.85,6.3
-122.299999999844,37.0999999988101,10,182509000000,1825,9,0,0,37.1,-122.3,5.5
-122.500000000215,37.699999998984,11,182704030000,1827,4,3,0,37.7,-122.5,5.5
-119.000000000004,33.999999998999,12,182709240400,1827,9,24,40000,34,-119,6
-120.649999999924,35.349999999235,13,183000000000,1830,0,0,0,35.35,-120.65,6
-121.500000000155,36.899999998814,14,183606101530,1836,6,10,153000,36.9,-121.5,6.4
-122.150000000015,37.2999999991006,15,183806010000,1838,6,1,0,37.3,-122.15,7.4
-121.500000000155,36.849999998737,16,184001180000,1840,1,18,0,36.85,-121.5,6.5
-121.500000000155,36.7999999988298,17,184107032207,1841,7,3,220700,36.8,-121.5,6.2
-121.449999999613,36.7999999988298,18,184107290815,1841,7,29,81500,36.8,-121.45,6
-122.40000000003,37.7999999993478,19,185105151610,1851,5,15,161000,37.8,-122.4,5
-114.999999999762,32.4999999990269,20,185211292000,1852,11,29,200000,32.5,-115,6.5
-121.100000000311,35.699999998921,21,185302012100,1853,2,1,0,35.7,-121.1,5.5
-121.000000000125,36.3999999987572,22,185309020000,1853,9,2,0,36.4,-121,6.4
-124.199999999779,40.7999999988403,23,185310230000,1853,10,23,110000,40.8,-124.2,5.5
-119.700000000406,34.4499999989468,24,185405311250,1854,5,31,125000,34.45,-119.7,6
-120.699999999568,36.149999998795,25,185501140230,1855,1,14,23000,36.15,-120.7,5.5
-120.299999999723,39.4999999992735,26,185501250600,1855,1,25,60000,39.5,-120.3,6
-118.100000000129,34.0999999994334,27,185507110415,1855,7,11,41500,34.1,-118.1,6
-122.500000000215,38.0999999991376,28,185508271100,1855,8,27,110000,38.1,-122.5,5.5
-122.500000000215,37.2999999991006,29,185601020185,1856,1,2,181500,37.3,-122.5,5.7
-122.299999999844,37.499999998741,30,185602151325,1856,2,15,132500,37.5,-122.3,5.9
-116.700000000224,33.0999999993591,31,185609210730,1856,9,21,73000,33.1,-116.7,5.5
-120.649999999924,36.0999999990242,32,185701090000,1857,1,9,0,36.1,-120.65,6.1
-120.850000000295,36.2899999988401,33,185701090000,1857,1,9,0,36.29,-120.85,5.6
-119.799999999693,35.2999999990002,34,185701091624,1857,1,9,162400,35.3,-119.8,7.9
-118.710000000274,34.7599999992789,35,185701100640,1857,1,10,64000,34.76,-118.71,5.6
-118.039999999659,34.519999999384,36,185701160000,1857,1,16,0,34.52,-118.04,6.3
-120.000000000064,39.2999999988261,37,185709030305,1857,9,3,30500,39.3,-120,6.3
-121.799999999814,37.499999998741,38,185811260835,1858,11,26,83500,37.5,-121.8,6.2
-117.499999999913,33.999999998999,39,185812161000,1858,12,16,100000,34,-117.5,6
-119.500000000034,39.4999999992735,40,186003151900,1860,3,15,190000,39.5,-119.5,6.5
-120.949999999583,36.3499999992868,41,186004170330,1860,4,17,33000,36.35,-120.95,6
-124.199999999779,40.7999999988403,42,186011130000,1860,11,13,0,40.8,-124.2,5.5
-121.949999999643,37.749999998967,43,186107040011,1861,7,4,1100,37.75,-121.95,5.8
-117.200000000255,32.699999999184,44,186205272000,1862,5,27,200000,32.7,-117.2,6.2
-117.100000000069,32.3999999993537,45,186306250000,1863,6,25,0,32.4,-117.1,5.8
-121.600000000341,37.1999999990843,46,186402261347,1864,2,26,134700,37.2,-121.6,6.1
-121.854999999871,37.5529999988189,47,186403051649,1864,3,5,164900,37.553,-121.855,6
-121.9,37.599999999226,48,186405210201,1864,5,21,20100,37.6,-121.9,5.8
-121.799999999814,37.0999999988101,49,186505241121,1865,5,24,112100,37.1,-121.8,5.9
-124.199999999779,40.7999999988403,50,186510011715,1865,10,1,171500,40.8,-124.2,5.5
-121.9,37.1999999990843,51,186510082046,1865,10,8,204600,37.2,-121.9,6.6
-121.699999999628,36.9999999989197,52,186603262012,1866,3,26,201200,37,-121.7,5.8
-121.500000000155,37.699999998984,53,186607150630,1866,7,15,63000,37.7,-121.5,6
-119.700000000406,39.2999999988261,54,186805300510,1868,5,30,51000,39.3,-119.7,6
-119.700000000406,38.5999999988837,55,186809171700,1868,9,17,165500,38.6,-119.7,5.6
-122.100000000371,37.699999998984,56,186810211553,1868,10,21,155300,37.7,-122.1,7
-123.100000000431,39.0999999991802,57,186910080930,1869,10,8,93000,39.1,-123.1,5.6
-119.700000000406,39.3999999991244,58,186912270155,1869,12,27,15500,39.4,-119.7,6.4
-119.799999999693,39.0999999991802,59,186912271000,1869,12,27,100000,39.1,-119.8,6.2
-122.000000000185,37.0999999988101,60,187002172012,1870,2,17,201200,37.1,-122,5.9
-122.299999999844,37.8999999988336,61,187004021948,1870,4,2,194800,37.9,-122.3,5.8
-124.199999999779,40.3999999992803,62,187103022105,1871,3,2,210500,40.4,-124.2,6.3
-117.999999999944,36.3999999987572,63,187107052106,1871,7,5,210600,36.4,-118,5.5
-118.100000000129,36.6999999988315,64,187203261030,1872,3,26,103000,36.7,-118.1,7.4
-118.200000000315,36.899999998814,65,187203261406,1872,3,26,140600,36.9,-118.2,6.8
-118.200000000315,36.9999999989197,66,187204031215,1872,4,3,121500,37,-118.2,6.3
-118.499999999974,37.499999998741,67,187204111900,1872,4,11,190000,37.5,-118.5,6.8
-114.999999999762,32.9999999992926,68,187205030100,1872,5,3,10000,33,-115,5.8
-124.000000000306,41.9999999990001,69,187311230500,1873,11,23,50000,42,-124,6.9
-120.500000000095,40.1999999988907,70,187501241200,1875,1,24,120000,40.2,-120.5,6.2
-124.000000000306,40.6999999993993,71,187509301230,1875,9,30,123000,40.7,-124,5.9
-115.499999999793,32.4999999990269,72,187511152230,1875,11,15,223000,32.5,-115.5,6.2
-120.299999999723,35.699999998921,73,187705301030,1877,5,30,103000,35.7,-120.3,5.5
-120.000000000064,38.9999999987426,74,187707100710,1877,7,10,71000,39,-120,5.5
-125.19999999984,40.3999999992803,75,187805090425,1878,5,9,42500,40.4,-125.2,7
-118.200000000315,34.6999999987529,76,188004120430,1880,4,12,43000,34.7,-118.2,5.9
-116.999999999883,33.999999998999,77,188011220400,1880,11,22,40000,34,-117,5.5
-116.999999999883,33.999999998999,78,188012192335,1880,12,19,233500,34,-117,5.9
-122.000000000185,39.99999999929,79,188101070225,1881,1,7,22500,40,-122,5.6
-120.60000000028,36.0999999990242,80,188102020011,1881,2,2,1100,36.1,-120.6,6
-122.549999999859,36.0499999988065,81,188102020500,1881,2,2,50000,36.05,-122.55,5.5
-121.399999999969,37.3999999990985,82,188104101000,1881,4,10,100000,37.4,-121.4,6.3
-120.549999999738,36.0499999988065,83,188105061345,1881,5,6,134500,36.05,-120.55,5.5
-121.100000000311,36.499999998918,84,188203062145,1882,3,6,214500,36.5,-121.1,5.9
-121.9,37.0999999988101,85,188206271322,1882,6,27,132200,37.1,-121.9,5.8
-121.500000000155,36.7999999988298,86,188303301545,1883,3,30,154500,36.8,-121.5,6
-119.899999999879,34.1999999992107,87,188309051230,1883,9,5,123000,34.2,-119.9,6.3
-123.599999999563,41.0999999991702,88,188401280730,1884,1,28,73000,41.1,-123.6,6.1
-122.2500000002,36.9999999989197,89,188403260040,1884,3,26,4000,37,-122.25,5.9
-120.60000000028,40.3999999992803,90,188501310545,1885,1,31,54500,40.4,-120.6,6.1
-121.199999999598,36.6999999988315,91,188503310756,1885,3,31,75600,36.7,-121.2,5.7
-121.100000000311,36.5999999989559,92,188504021525,1885,4,2,152500,36.6,-121.1,5.9
-119.500000000034,34.999999998791,93,188504071030,1885,4,7,103000,35,-119.5,5.5
-120.649999999924,36.5699999992191,94,188504120405,1885,4,12,40500,36.57,-120.65,6.5
-116.899999999697,33.2999999992084,95,188509131234,1885,9,13,123400,33.3,-116.9,5.8
-119.799999999693,39.1999999991883,96,188706031050,1887,6,3,104800,39.2,-119.8,6.5
-123.599999999563,39.2999999988261,97,188712031855,1887,12,3,1855,39.3,-123.6,5
-123.599999999563,39.1999999991883,98,188802181050,1888,2,18,105000,39.2,-123.6,5.5
-120.699999999568,39.6999999990132,99,188804290448,1888,4,29,44800,39.7,-120.7,6.2
-116.700000000224,34.0999999994334,100,188902070520,1889,2,7,52000,34.1,-116.7,5.6
-121.399999999969,36.9499999993325,101,188904150328,1889,4,15,32800,36.95,-121.4,5.5
-121.799999999814,38.0999999991376,102,188905191110,1889,5,19,111000,38.1,-121.8,6
-120.699999999568,40.4999999987274,103,188906200600,1889,6,20,60000,40.5,-120.7,6.2
-122.199999999658,37.7999999993478,104,188907311247,1889,7,31,124700,37.8,-122.2,5.6
-117.899999999758,34.1999999992107,105,188908280215,1889,8,28,21500,34.2,-117.9,5.6
-118.700000000345,37.1999999990843,106,188909300520,1889,9,30,52000,37.2,-118.7,6
-116.30000000038,33.3999999992546,107,189002091206,1890,2,9,120600,33.4,-116.3,6.8
-121.600000000341,36.899999998814,108,189004241136,1890,4,24,113600,36.9,-121.6,6.3
-124.199999999779,40.4999999987274,109,189007260940,1890,7,26,94000,40.5,-124.2,6.3
-121.799999999814,37.2999999991006,110,189101022000,1891,1,2,200000,37.3,-121.8,5.8
-114.999999999762,31.999999998898,111,189107301410,1891,7,30,141000,32,-115,6
-122.40000000003,38.2999999988419,112,189110120628,1891,10,12,62800,38.3,-122.4,5.9
-115.629999999764,32.5499999992982,113,189202240720,1892,2,24,72000,32.55,-115.63,7.3
-122.000000000185,38.3999999990182,114,189204191050,1892,4,19,105000,38.4,-122,6.6
-121.9,38.4999999990231,115,189204211743,1892,4,21,174300,38.5,-121.9,6.4
-121.799999999814,38.3999999990182,116,189204300009,1892,4,30,900,38.4,-121.8,5.6
-116.200000000194,33.1999999992239,117,189205281115,1892,5,28,111500,33.2,-116.2,6.5
-117.499999999913,34.1999999992107,118,189206141325,1892,6,14,132500,34.2,-117.5,5.5
-121.399999999969,36.749999999331,119,189211131245,1892,11,13,124500,36.75,-121.4,5.9
-118.60000000016,34.2999999992026,120,189304041940,1893,4,4,194000,34.3,-118.6,5.8
-119.399999999849,34.0999999994334,121,189305190035,1893,5,19,3500,34.1,-119.4,5.8
-122.699999999689,38.3999999990182,122,189308090915,1893,8,9,91500,38.4,-122.7,5.6
-117.600000000099,34.2999999992026,123,189407300512,1894,7,30,51200,34.3,-117.6,6.2
-124.500000000336,40.2999999992784,124,189409301736,1894,9,30,173600,40.3,-124.5,6.5
-116.80000000041,32.7999999992561,125,189410232303,1894,10,23,230300,32.8,-116.8,6.1
-118.299999999602,36.6999999988315,126,189608171130,1896,8,17,113000,36.7,-118.3,6.3
-121.500000000155,36.9999999989197,127,189706202014,1897,6,20,201400,37,-121.5,6.4
-122.500000000215,38.1999999989976,128,189803310743,1898,3,31,74300,38.2,-122.5,6.4
-123.799999999935,39.1999999991883,129,189804150707,1898,4,15,70700,39.2,-123.8,6.7
-125.800000000056,40.9999999989999,130,189904161340,1899,4,16,134000,41,-125.8,7
-121.600000000341,36.849999998737,131,189904302241,1899,4,30,224100,36.85,-121.6,6
-122.500000000215,37.699999998984,132,189906020719,1899,6,2,71900,37.7,-122.5,5.6
-121.399999999969,36.899999998814,133,189907062010,1899,7,6,201000,36.9,-121.4,5.8
-117.399999999728,34.1999999992107,134,189907220046,1899,7,22,4600,34.2,-117.4,5.9
-117.499999999913,34.2999999992026,135,189907222032,1899,7,22,203200,34.3,-117.5,6.4
-116.999999999883,33.7999999988292,136,189912251225,1899,12,25,122500,33.8,-117,6.7
-120.500000000095,35.9999999989515,137,190103030745,1901,3,3,74500,36,-120.5,6.4
-122.000000000185,38.2999999988419,138,190205191831,1902,5,19,183100,38.3,-122,5.5
-120.399999999909,34.7999999992813,139,190207280657,1902,7,28,65700,34.8,-120.4,5.8
-120.299999999723,34.6999999987529,140,190207310920,1902,7,31,92000,34.7,-120.3,5.8
-114.999999999762,31.4999999989453,141,190301240500,1903,1,24,50000,31.5,-115,6.6
-121.600000000341,36.0999999990242,142,190303250745,1903,3,25,74500,36.1,-121.6,5.9
-121.799999999814,37.1999999990843,143,190306111312,1903,6,11,131200,37.2,-121.8,6.1
-121.799999999814,37.2999999991006,144,190308030649,1903,8,3,64900,37.3,-121.8,6.2
-118.700000000345,35.4999999992769,145,190501061430,1905,1,6,143000,35.5,-118.7,5
-120.60000000028,36.499999998918,146,190505260250,1905,5,26,25000,36.5,-120.6,6.1
-118.799999999633,35.2999999990002,147,190512232223,1905,12,23,222300,35.3,-118.8,5.8
-122.500000000215,37.699999998984,148,190604181312,1906,4,18,131200,37.7,-122.5,7.8
-115.499999999793,32.8999999990961,149,190604190030,1906,4,19,3000,32.9,-115.5,6.2
-124.500000000336,40.9999999989999,150,190604230910,1906,4,23,91000,41,-124.5,6.4
-121.199999999598,35.4999999992769,151,190612070640,1906,12,7,64000,35.5,-121.2,5.7
-125.500000000397,40.4999999987274,152,190708111219,1907,8,11,121900,40.5,-125.5,6.4
-117.100000000069,34.1999999992107,153,190709200154,1907,9,20,15400,34.2,-117.1,5.8
-120.200000000436,35.5999999989658,154,190804271050,1908,4,27,105000,35.6,-120.2,5.5
-124.000000000306,40.7999999988403,155,190808181059,1908,8,18,105900,40.8,-124,5.8
-116.999999999883,35.9999999989515,156,190811040837,1908,11,4,83700,36,-117,6
-120.899999999939,39.3999999991244,157,190903031200,1909,3,3,120000,39.4,-120.9,5
-121.000000000125,39.4999999992735,158,190906230724,1909,6,23,72400,39.5,-121,5.9
-124.199999999779,40.4999999987274,159,190910290645,1909,10,29,64500,40.5,-124.2,6
-121.699999999628,36.9499999993325,160,191003110652,1910,3,11,65200,36.95,-121.7,5.8
-125.000000000367,39.99999999929,161,191003190011,1910,3,19,1100,40,-125,6
-116.499999999853,33.4999999989082,162,191004110757,1910,4,11,75700,33.5,-116.5,5.8
-118.419999999646,37.3299999987767,163,191005061640,1910,5,6,164000,37.33,-118.42,6
-117.399999999728,33.6999999991087,164,191005130620,1910,5,13,62000,33.7,-117.4,5
-117.399999999728,33.6999999991087,165,191005151547,1910,5,15,154700,33.7,-117.4,6
-122.100000000371,36.7999999988298,166,191012311211,1910,12,31,121100,36.8,-122.1,5.7
-121.75000000017,37.2499999990741,167,191107012200,1911,7,1,220000,37.25,-121.75,6.6
-118.419999999646,37.3299999987767,168,191201050352,1912,1,5,35200,37.33,-118.42,5.5
-119.799999999693,39.4999999992735,169,191402181817,1914,2,18,181700,39.5,-119.8,5.6
-119.799999999693,39.4999999992735,170,191404240834,1914,4,24,83400,39.5,-119.8,6
-122.000000000185,37.169999998994,171,191411090231,1914,11,9,23100,37.17,-122,5.5
-120.200000000436,34.5999999988712,172,191501120431,1915,1,12,43100,34.6,-120.2,5.7
-119.500000000034,38.5799999989846,173,191504052311,1915,4,5,231100,38.58,-119.5,5
-118.820000000388,36.0799999987436,174,191505290646,1915,5,29,64600,36.08,-118.82,5
-115.499999999793,32.7999999992561,175,191506230359,1915,6,23,35900,32.8,-115.5,6
-115.499999999793,32.7999999992561,176,191506230456,1915,6,23,45600,32.8,-115.5,5.9
-114.999999999762,31.999999998898,177,191511210013,1915,11,21,1300,32,-115,6.6
-121.25000000014,36.669999999075,178,191608061938,1916,8,6,193800,36.67,-121.25,5.8
-116.100000000008,33.1999999992239,179,191609300211,1916,9,30,21100,33.2,-116.1,5.7
-118.899999999818,34.899999999023,180,191610230244,1916,10,23,24400,34.9,-118.9,5.5
-116.999999999883,35.9999999989515,181,191611100911,1916,11,10,91100,36,-117,5.9
-115.300000000319,32.7999999992561,182,191705280606,1917,5,28,60600,32.8,-115.3,5.5
-116.999999999883,33.7999999988292,183,191804212232,1918,4,21,223200,33.8,-117,6.8
-115.399999999607,32.5999999994997,184,191805010432,1918,5,1,43200,32.6,-115.4,5.6
-116.700000000224,33.5999999987968,185,191806062232,1918,6,6,223200,33.6,-116.7,5.5
-125.000000000367,40.9999999989999,186,191807150023,1918,7,15,2300,41,-125,6.5
-119.200000000375,34.899999999023,187,191902161557,1919,2,16,155700,34.9,-119.2,5.7
-114.999999999762,32.5999999994997,188,191910011930,1919,10,1,193000,32.6,-115,5.9
-119.500000000034,38.2999999988419,189,191912191359,1919,12,19,135900,38.3,-119.5,5.2
-116.700000000224,33.1999999992239,190,192001010235,1920,1,1,23500,33.2,-116.7,5
-115.499999999793,32.3999999993537,191,192109081924,1921,9,8,192400,32.4,-115.5,5.5
-125.500000000397,40.9999999989999,192,192201311317,1922,1,31,131722,41,-125.5,7.3
-120.25000000008,35.74999999933,193,192203101121,1922,3,10,112120,35.75,-120.25,6.5
-120.25000000008,35.74999999933,194,192208180512,1922,8,18,51200,35.75,-120.25,5.5
-120.699999999568,35.2999999990002,195,192209050905,1922,9,5,90500,35.3,-120.7,5.5
-120.500000000095,41.9999999990001,196,192301110429,1923,1,11,42900,42,-120.5,5
-124.500000000336,40.4999999987274,197,192301220904,1923,1,22,90418,40.5,-124.5,7.2
-125.000000000367,40.9999999989999,198,192304290231,1923,4,29,23129,41,-125,5
-117.30000000044,33.999999998999,199,192307230730,1923,7,23,73000,34,-117.3,6.2
-115.499999999793,32.4999999990269,200,192311052207,1923,11,5,220700,32.5,-115.5,5
-115.499999999793,32.4999999990269,201,192311072357,1923,11,7,235700,32.5,-115.5,5.5
-125.000000000367,41.4999999987394,202,192506041202,1925,6,4,120252,41.5,-125,6
-119.799999999693,34.2999999992026,203,192506291442,1925,6,29,144200,34.3,-119.8,6.8
-119.500000000034,34.2999999992026,204,192602181818,1926,2,18,181800,34.3,-119.5,5.5
-115.999999999823,33.999999998999,205,192604032008,1926,4,3,200800,34,-116,5.5
-119.500000000034,34.49999999891,206,192606292321,1926,6,29,232100,34.5,-119.5,5.5
-118.399999999788,35.7999999993803,207,192606301331,1926,6,30,133100,35.8,-118.4,5.7
-120.399999999909,36.499999998918,208,192607251757,1926,7,25,175700,36.5,-120.4,5.8
-122.350000000386,36.6099999990223,209,192610221235,1926,10,22,123507,36.61,-122.35,6.1
-122.179999999801,36.5699999992191,210,192610221335,1926,10,22,133522,36.57,-122.18,6.1
-122.209999999587,37.0199999993348,211,192610242251,1926,10,24,225100,37.02,-122.21,5.8
-120.399999999909,36.3999999987572,212,192612270919,1926,12,27,91900,36.4,-120.4,5.5
-115.499999999793,32.4999999990269,213,192701010816,1927,1,1,81600,32.5,-115.5,5.8
-115.499999999793,32.4999999990269,214,192701010913,1927,1,1,91300,32.5,-115.5,5.5
-122.270000000058,36.9499999993325,215,192702151154,1927,2,15,115400,36.95,-122.27,5.9
-122.260000000129,36.9499999993325,216,192702152354,1927,2,15,235403.5,36.95,-122.26,5
-118.499999999974,33.999999998999,217,192708041224,1927,8,4,122400,34,-118.5,5
-124.599999999624,40.9999999989999,218,192708202005,1927,8,20,200544,41,-124.6,5
-118.749999999989,37.499999998741,219,192709180207,1927,9,18,20707,37.5,-118.75,6
-120.899999999939,34.3499999994334,220,192711041350,1927,11,4,135000,34.35,-120.9,7.1
-122.650000000045,39.7999999993109,221,192804152157,1928,4,15,215700,39.8,-122.65,5.5
-116.999999999883,34.999999998791,222,192809051442,1928,9,5,144200,35,-117,5.5
-116.700000000224,33.5999999987968,223,192810021901,1928,10,2,190100,33.6,-116.7,5.5
-116.51999999971,34.8299999991245,224,192909262000,1929,9,26,200022.7,34.83,-116.52,5.1
-118.190000000386,36.899999998814,225,192911281949,1929,11,28,194900,36.9,-118.19,5.5
-116.899999999697,34.1999999992107,226,193001160024,1930,1,16,2400,34.2,-116.9,5.5
-116.919999999555,34.1799999992137,227,193001160034,1930,1,16,3403.6,34.18,-116.92,5.1
-115.499999999793,32.9999999992926,228,193002260230,1930,2,26,23000,33,-115.5,5
-119.500000000034,34.49999999891,229,193008051125,1930,8,5,112500,34.5,-119.5,5
-118.632000000111,33.9499999988943,230,193008310040,1930,8,31,4036,33.95,-118.632,5.2
-124.199999999779,40.9499999991154,231,193009230258,1930,9,23,25800,40.95,-124.2,5.5
-124.799999999995,40.3999999992803,232,193012110900,1930,12,11,90000,40.4,-124.8,5.5
-125.000000000367,39.99999999929,233,193103100328,1931,3,10,32800,40,-125,5.6
-125.599999999684,40.1999999988907,234,193108231801,1931,8,23,180135,40.2,-125.6,5.3
-125.000000000367,40.7999999988403,235,193109091340,1931,9,9,134030,40.8,-125,5.8
-121.000000000125,35.9999999989515,236,193202261658,1932,2,26,165800,36,-121,5
-124.500000000336,40.7499999988482,237,193206060844,1932,6,6,84422,40.75,-124.5,6.4
-117.999999999944,38.7499999989216,238,193212210610,1932,12,21,61005,38.75,-118,7.2
-117.999999999944,38.7499999989216,239,193301050650,1933,1,5,65020,38.75,-118,5.7
-118.399999999788,37.7169999989601,240,193302030326,1933,2,3,32612.99,37.717,-118.4,5.14
-117.998999999861,33.6309999992544,241,193303110154,1933,3,11,15409.34,33.631,-117.999,6.4
-118.082999999622,33.749999999072,242,193303110209,1933,3,11,20900,33.75,-118.083,5
-117.984999999601,33.7669999990721,243,193303110518,1933,3,11,51847.51,33.767,-117.985,5.02
-118.001000000026,33.6239999992519,244,193303110658,1933,3,11,65844.39,33.624,-118.001,5.29
-118.266999999568,33.8499999994151,245,193303111425,1933,3,11,142500,33.85,-118.267,5
-119.330000000347,39.079999999097,246,193306252045,1933,6,25,204527,39.08,-119.33,6.1
-118.360000000073,38.2799999991942,247,193401302016,1934,1,30,201631,38.28,-118.36,6.3
-117.999999999944,37.9999999987959,248,193403131620,1934,3,13,162000,38,-118,5
-120.330000000408,35.7999999993803,249,193406052148,1934,6,5,214800,35.8,-120.33,5
-120.330000000408,35.7999999993803,250,193406080430,1934,6,8,43000,35.8,-120.33,5
-120.330000000408,35.7999999993803,251,193406080447,1934,6,8,44700,35.8,-120.33,6
-125.750000000412,41.2499999991692,252,193407062248,1934,7,6,224800,41.25,-125.75,6.5
-116.073999999655,31.5009999990971,253,193411250818,1934,11,25,81829.19,31.501,-116.074,5.1
-120.480000000237,35.9299999993005,254,193412241626,1934,12,24,162600,35.93,-120.48,5
-114.899999999577,31.999999998898,255,193412301352,1934,12,30,135202.69,32,-114.9,6.33
-115.174999999863,32.1799999993584,256,193412311845,1934,12,31,184543.92,32.18,-115.175,6.42
-125.250000000382,40.2499999989011,257,193501022240,1935,1,2,224058,40.25,-125.25,5.8
-114.801000000372,31.7839999989253,258,193502240144,1935,2,24,14457.99,31.784,-114.801,5.65
-116.462000000303,31.5939999993948,259,193504292008,1935,4,29,200809.27,31.594,-116.462,5.06
-124.000000000306,40.9999999989999,260,193506031708,1935,6,3,170800,41,-124,5
-117.586999999922,31.7309999992636,261,193510291017,1935,10,29,101726.41,31.731,-117.587,5.03
-115.295999999989,32.8109999989549,262,193512200745,1935,12,20,74531.86,32.811,-115.296,5.27
-115.083000000339,31.666999998941,263,193604290850,1936,4,29,85000,31.667,-115.083,5
-118.52999999976,37.499999998741,264,193605101740,1936,5,10,174000,37.5,-118.53,5
-125.000000000367,40.9999999989999,265,193610100125,1936,10,10,12500,41,-125,5
-125.250000000382,40.4999999987274,266,193702070441,1937,2,7,44134,40.5,-125.25,5.8
-118.299999999602,38.2999999988419,267,193702190909,1937,2,19,90900,38.3,-118.3,5
-116.249999999838,33.3999999992546,268,193703251649,1937,3,25,164902.18,33.4,-116.25,6
-117.510999999925,33.6989999988426,269,193805310834,1938,5,31,83455.42,33.699,-117.511,5.23
-124.000000000306,40.9999999989999,270,193807011813,1938,7,1,181300,41,-124,5
-124.000000000306,39.99999999929,271,193809120610,1938,9,12,61000,40,-124,5.5
-121.25000000014,36.4499999988879,272,193809271223,1938,9,27,122300,36.45,-121.25,5
-118.769999999846,37.499999998741,273,193812031742,1938,12,3,174200,37.5,-118.77,5.5
-119.200000000375,38.9999999987426,274,193901112200,1939,1,11,220000,39,-119.2,5.5
-117.68399999986,32.0259999988265,275,193905012353,1939,5,1,235309.38,32.026,-117.684,5
-114.820000000147,35.9699999993248,276,193905042044,1939,5,4,204400,35.97,-114.82,5
-117.830000000257,38.5799999989846,277,193905111804,1939,5,11,180400,38.58,-117.83,5.5
-117.249999999898,37.0199999993348,278,193906131715,1939,6,13,171500,37.02,-117.25,5
-121.449999999613,36.7999999988298,279,193906241302,1939,6,24,130200,36.8,-121.45,5.5
-117.516000000338,32.0619999990363,280,193906241627,1939,6,24,162729.38,32.062,-117.516,5.25
-120.330000000408,35.7999999993803,281,193912281215,1939,12,28,121538,35.8,-120.33,5
-121.600000000341,39.99999999929,282,194002080805,1940,2,8,80559,40,-121.6,5.7
-114.999999999762,36.9999999989197,283,194003101801,1940,3,10,180100,37,-115,5
-116.281999999789,34.0889999992657,284,194005180503,1940,5,18,50359.66,34.089,-116.282,5.31
-116.305999999978,34.0369999990828,285,194005180551,1940,5,18,55121.94,34.037,-116.306,5.2
-116.313999999741,34.0259999991196,286,194005180721,1940,5,18,72134.47,34.026,-116.314,5
-115.380999999832,32.8439999993101,287,194005190436,1940,5,19,43640.5,32.844,-115.381,6.9
-115.499999999793,32.8329999989698,288,194005190454,1940,5,19,45456.18,32.833,-115.5,5.15
-115.499999999793,32.8549999993845,289,194005190551,1940,5,19,55138.13,32.855,-115.5,5.41
-115.499999999793,32.8329999989698,290,194005190633,1940,5,19,63321.4,32.833,-115.5,5.18
-115.499999999793,32.8329999989698,291,194005190635,1940,5,19,63533.45,32.833,-115.5,5.18
-116.314999999824,32.9659999989817,292,194006041035,1940,6,4,103508.12,32.966,-116.315,5.03
-119.000000000004,37.4499999991645,293,194007081057,1940,7,8,105740,37.45,-119,5
-115.083000000339,31.666999998941,294,194012072216,1940,12,7,221627,31.667,-115.083,5.5
-124.000000000306,39.99999999929,295,194012202340,1940,12,20,234042,40,-124,5.5
-115.056999999985,31.1589999989482,296,194101091028,1941,1,9,102837.57,31.159,-115.057,5.23
-125.400000000211,40.6999999993993,297,194102090944,1941,2,9,94442,40.7,-125.4,6.4
-119.563999999937,34.3289999989397,298,194107010750,1941,7,1,75056.96,34.329,-119.564,5.47
-119.000000000004,39.99999999929,299,194107180353,1941,7,18,35342,40,-119,5
-118.730000000131,37.5699999990035,300,194109141643,1941,9,14,164332,37.57,-118.73,6
-118.730000000131,37.5699999990035,301,194109141821,1941,9,14,182119,37.57,-118.73,5.5
-118.341000000298,38.6789999991554,302,194109141838,1941,9,14,183858.27,38.679,-118.341,6.12
-118.730000000131,37.5699999990035,303,194109141839,1941,9,14,183912,37.57,-118.73,6
-118.730000000131,37.5699999990035,304,194109142116,1941,9,14,211601,37.57,-118.73,5
-118.932999999853,34.8379999987577,305,194109211953,1941,9,21,195308.83,34.838,-118.933,5.1
-124.799999999995,40.3999999992803,306,194110031613,1941,10,3,161308,40.4,-124.8,6.4
-125.000000000367,40.3999999992803,307,194110060659,1941,10,6,65900,40.4,-125,5
-118.264000000218,33.7909999988716,308,194111140841,1941,11,14,84137.65,33.791,-118.264,5.12
-118.730000000131,37.5699999990035,309,194112310648,1941,12,31,64844,37.57,-118.73,5.5
-118.499999999974,38.5999999988837,310,194208182155,1942,8,18,215524,38.6,-118.5,5
-115.785000000007,32.9749999994574,311,194210211622,1942,10,21,162211.98,32.975,-115.785,6.6
-115.999999999823,32.9669999988483,312,194210211625,1942,10,21,162519,32.967,-116,5
-115.999999999823,32.9669999988483,313,194210211626,1942,10,21,162654,32.967,-116,5
-115.572000000357,33.2659999991968,314,194210220150,1942,10,22,15037.08,33.266,-115.572,5.63
-119.299999999663,39.6999999990132,315,194212030944,1942,12,3,94442,39.7,-119.3,5.5
-119.899999999879,38.8699999994204,316,194212171507,1942,12,17,150743,38.87,-119.9,5.1
-120.399999999909,39.4299999989557,317,194303302107,1943,3,30,210728,39.43,-120.4,5.3
-118.200000000315,38.1999999989976,318,194308090530,1943,8,9,53004,38.2,-118.2,5.5
-116.967999999932,34.267999998907,319,194308290345,1943,8,29,34514.31,34.268,-116.968,5.28
-115.819000000124,34.3699999988846,320,194312221550,1943,12,22,155028.6,34.37,-115.819,5.11
-124.900000000181,40.2999999992784,321,194401121502,1944,1,12,150240,40.3,-124.9,5.1
-125.099999999654,40.2999999992784,322,194401160220,1944,1,16,22029,40.3,-125.1,5.1
-116.731000000093,33.988999999209,323,194406121045,1944,6,12,104534.68,33.989,-116.731,5.06
-116.699000000142,34.0019999990198,324,194406121116,1944,6,12,111635.81,34.002,-116.699,5.24
-113.999999999702,31.4999999989453,325,194504220945,1945,4,22,94548,31.5,-114,5.3
-123.500000000276,41.1999999989506,326,194505021947,1945,5,2,194754,41.2,-123.5,5
-115.599999999978,31.5999999990019,327,194505120733,1945,5,12,73300,31.6,-115.6,5.2
-117.499999999913,37.0799999992304,328,194506140330,1945,6,14,33013,37.08,-117.5,5
-115.630999999847,33.0819999993194,329,194508151756,1945,8,15,175618.39,33.082,-115.631,5.77
-116.000999999905,33.1109999993869,330,194601081854,1946,1,8,185419.63,33.111,-116.001,5.33
-117.940999999556,35.7229999991959,331,194603151321,1946,3,15,132101.91,35.723,-117.941,5.43
-117.943999999804,35.7019999991036,332,194603151349,1946,3,15,134937.09,35.702,-117.944,6.3
-117.749999999928,35.6909999989078,333,194603151400,1946,3,15,140036.68,35.691,-117.75,5.19
-117.820000000328,35.6779999990164,334,194603151918,1946,3,15,191854.84,35.678,-117.82,5.43
-118.051999999753,35.6969999994234,335,194603152154,1946,3,15,215435.12,35.697,-118.052,5.04
-117.899999999758,38.2999999988419,336,194603171445,1946,3,17,144553,38.3,-117.9,5
-117.778000000448,35.7789999993434,337,194603181550,1946,3,18,155042.81,35.779,-117.778,5.24
-121.500000000155,40.4999999987274,338,194607070655,1946,7,7,65515,40.5,-121.5,5
-115.914999999979,34.5019999988504,339,194607181427,1946,7,18,142757.99,34.502,-115.915,5.51
-120.649999999924,36.2299999991519,340,194702050614,1947,2,5,61400,36.23,-120.65,5
-116.530999999722,34.9829999993812,341,194704101558,1947,4,10,155805.11,34.983,-116.531,6.5
-116.718999999999,35.0169999992013,342,194704101603,1947,4,10,160300.33,35.017,-116.719,5
-116.526000000207,34.9589999994468,343,194704110747,1947,4,11,74708.79,34.959,-116.526,5
-124.699999999809,40.3999999992803,344,194705272059,1947,5,27,205900,40.4,-124.7,5.2
-116.481000000078,33.9939999994181,345,194707242210,1947,7,24,221046.82,33.994,-116.481,5.3
-116.406000000163,34.0299999988408,346,194707250619,1947,7,25,61949.5,34.03,-116.406,5.24
-116.504000000184,33.9869999992761,347,194707260249,1947,7,26,24942.46,33.987,-116.504,5
-125.19999999984,40.3999999992803,348,194709231352,1947,9,23,135255,40.4,-125.2,5.3
-119.457000000071,33.1719999990755,349,194711182159,1947,11,18,215905.81,33.172,-119.457,5
-118.584999999817,32.4979999987761,350,194802240815,1948,2,24,81510.48,32.498,-118.585,5.2
-124.699999999809,40.4999999987274,351,194808181911,1948,8,18,191157,40.5,-124.7,5
-116.331000000249,33.9829999989924,352,194812042343,1948,12,4,234316.41,33.983,-116.331,6
-120.080000000393,39.5499999990454,353,194812291253,1948,12,29,125328,39.55,-120.08,6
-117.749999999928,37.0799999992304,354,194902112105,1949,2,11,210524,37.08,-117.75,5.6
-121.480000000298,37.0199999993348,355,194903091228,1949,3,9,122839,37.02,-121.48,5.2
-115.695999999833,33.999999998999,356,194905021125,1949,5,2,112546.9,34,-115.696,5.69
-116.749999999868,32.1269999990962,357,194911042042,1949,11,4,204238.77,32.127,-116.75,5.66
-116.99200000012,31.981999999369,358,194911050435,1949,11,5,43523.9,31.982,-116.992,5.08
-121.470000000369,40.4499999990348,359,195003201522,1950,3,20,152217,40.45,-121.47,5.5
-115.447999999983,33.088999999022,360,195007281750,1950,7,28,175046.29,33.089,-115.448,5.33
-115.663999999881,33.0879999990953,361,195007291436,1950,7,29,143631.93,33.088,-115.664,5.42
-120.069999999566,40.0799999988953,362,195012141324,1950,12,14,132419,40.08,-120.07,5.6
-115.118999999723,32.6219999993884,363,195101240716,1951,1,24,71652.62,32.622,-115.119,5.95
-125.300000000025,40.4699999990123,364,195104011921,1951,4,1,192108,40.47,-125.3,5
-121.17999999974,36.5799999987745,365,195107291053,1951,7,29,105345,36.58,-121.18,5
-124.799999999995,40.2799999993388,366,195110080410,1951,10,8,41035,40.28,-124.8,5.8
-118.305000000016,32.9159999990048,367,195112260046,1951,12,26,4654.43,32.916,-118.305,5.75
-118.580000000302,37.5699999990035,368,195112280249,1951,12,28,24927,37.57,-118.58,5.2
-119.779999999836,39.4199999987783,369,195205091531,1952,5,9,153132,39.42,-119.78,5.1
-118.997999999839,34.9579999991081,370,195207211152,1952,7,21,115214.54,34.958,-118.998,7.5
-119.066000000073,34.9729999992866,371,195207211205,1952,7,21,120531.24,34.973,-119.066,5.8
-119.000000000004,34.999999998791,372,195207211206,1952,7,21,120600,35,-119,5.4
-119.000000000004,34.999999998791,373,195207211207,1952,7,21,120700,35,-119,5.18
-118.830000000317,35.019999998966,374,195207211219,1952,7,21,121936.19,35.02,-118.83,5.2
-118.799999999633,35.099999999404,375,195207211222,1952,7,21,122200,35.1,-118.8,5
-118.791999999869,35.1149999993007,376,195207211941,1952,7,21,194122.62,35.115,-118.792,5.19
-118.56499999996,35.3719999994717,377,195207230038,1952,7,23,3831.81,35.372,-118.565,5.43
-118.62799999978,35.3779999988797,378,195207230319,1952,7,23,31922.25,35.378,-118.628,5.07
-118.802999999881,34.9879999989007,379,195207230753,1952,7,23,75318.13,34.988,-118.803,5.55
-118.799000000448,35.1659999993585,380,195207231317,1952,7,23,131705.67,35.166,-118.799,5.51
-118.929999999604,34.9959999990636,381,195207231813,1952,7,23,181350.17,34.996,-118.93,5.13
-118.462999999609,35.3319999988212,382,195207251909,1952,7,25,190945.29,35.332,-118.463,5.55
-118.468000000022,35.3039999992304,383,195207251943,1952,7,25,194323.5,35.304,-118.468,5.62
-118.895000000303,35.3569999992629,384,195207290703,1952,7,29,70346.25,35.357,-118.895,5.72
-118.820000000388,35.4029999989006,385,195207290801,1952,7,29,80145.83,35.403,-118.82,5.19
-118.496999999726,35.2489999990899,386,195207311209,1952,7,31,120909.13,35.249,-118.497,5.64
-119.093999999693,35.0449999992882,387,195208071631,1952,8,7,163150.61,35.045,-119.094,5.03
-118.953999999793,35.3519999989802,388,195208222241,1952,8,22,224123.48,35.352,-118.954,5.52
-124.420000000008,40.1999999988907,389,195209221141,1952,9,22,114125,40.2,-124.42,5.2
-121.199999999598,35.7299999992423,390,195211220746,1952,11,22,74637,35.73,-121.2,6
-119.980000000207,38.8199999989312,391,195303220519,1953,3,22,51900,38.82,-119.98,5
-115.504000000123,32.8919999992834,392,195306140417,1953,6,14,41726.7,32.892,-115.504,5.47
-119.980000000207,39.5299999992395,393,195309260334,1953,9,26,33429,39.53,-119.98,5.3
-116.100000000008,31.7999999989522,394,195310101849,1953,10,10,184906,31.8,-116.1,5
-119.060999999659,34.9819999990469,395,195401122333,1954,1,12,233348.28,34.982,-119.061,5.4
-118.5859999999,35.1429999993481,396,195401271419,1954,1,27,141948.19,35.143,-118.586,5
-114.554999999789,32.2029999995077,397,195402010423,1954,2,1,42345.79,32.203,-114.555,5.21
-114.352000000068,32.1949999988622,398,195402010431,1954,2,1,43148.85,32.195,-114.352,5.66
-114.010999999713,31.7189999994573,399,195402011305,1954,2,1,130510.16,31.719,-114.011,5.36
-116.081000000234,33.2979999991949,400,195403190954,1954,3,19,95427.83,33.298,-116.081,6.4
-116.097999999843,33.2089999994878,401,195403191021,1954,3,19,102116.33,33.209,-116.098,5.48
-121.679999999771,36.9299999993737,402,195404252033,1954,4,25,203328,36.93,-121.68,5.3
-119.002000000169,34.9679999988621,403,195405232352,1954,5,23,235243.13,34.968,-119.002,5.03
-115.200000000134,31.5999999990019,404,195405310806,1954,5,31,80624,31.6,-115.2,5.2
-118.52999999976,39.4199999987783,405,195407061113,1954,7,6,111320,39.42,-118.53,6.8
-118.52999999976,39.4199999987783,406,195407061149,1954,7,6,114900,39.42,-118.53,5.7
-118.52999999976,39.4199999987783,407,195407061315,1954,7,6,131511,39.42,-118.53,5.2
-118.499999999974,39.2999999988261,408,195407062207,1954,7,6,220741,39.3,-118.5,6
-118.499999999974,39.2999999988261,409,195407081931,1954,7,8,193157,39.3,-118.5,5.3
-118.499999999974,39.2999999988261,410,195407121605,1954,7,12,160525,39.3,-118.5,5.1
-118.499999999974,39.2999999988261,411,195407300200,1954,7,30,20010,39.3,-118.5,5.1
-118.499999999974,39.2999999988261,412,195408021018,1954,8,2,101853,39.3,-118.5,5.4
-118.45000000033,39.579999999342,413,195408240551,1954,8,24,55132,39.58,-118.45,6.8
-118.499999999974,39.4999999992735,414,195408240557,1954,8,24,55746,39.5,-118.5,5.2
-116.499999999853,31.4999999989453,415,195410172257,1954,10,17,225718,31.5,-116.5,5.7
-116.136000000291,31.607999999316,416,195410240944,1954,10,24,94410.03,31.608,-116.136,5.92
-116.212000000288,31.5999999990019,417,195410241121,1954,10,24,112132.31,31.6,-116.212,5.13
-116.312999999658,31.9339999990323,418,195411121226,1954,11,12,122653.75,31.934,-116.313,6.09
-116.1880000001,31.5609999990017,419,195411140536,1954,11,14,53621.39,31.561,-116.188,5.16
-125.630000000369,40.2699999990697,420,195411251116,1954,11,25,111635,40.27,-125.63,6.1
-118.200000000315,39.3199999993192,421,195412161107,1954,12,16,110713,39.32,-118.2,7.2
-118.200000000315,39.3199999993192,422,195412161315,1954,12,16,131503,39.32,-118.2,5
-123.870000000334,40.7799999991471,423,195412211956,1954,12,21,195629,40.78,-123.87,6.5
-117.999999999944,38.9999999987426,424,195501011213,1955,1,1,121354,39,-118,5.1
-117.999999999944,38.9999999987426,425,195501090910,1955,1,9,91050,39,-118,5
-118.249999999959,38.9699999989067,426,195506191920,1955,6,19,192000,38.97,-118.25,5.2
-118.499999999974,38.9999999987426,427,195506191925,1955,6,19,192516,39,-118.5,5
-118.669999999661,38.3299999993624,428,195508081035,1955,8,8,103535,38.33,-118.67,5.2
-121.779999999956,37.3699999988678,429,195509050201,1955,9,5,20118,37.37,-121.78,5.5
-122.049999999829,37.9699999990466,430,195510240410,1955,10,24,41044,37.97,-122.05,5.4
-120.919999999797,35.9999999989515,431,195511021940,1955,11,2,194006,36,-120.92,5.2
-116.063999999726,31.7209999990706,432,195511261736,1955,11,26,173600.29,31.721,-116.064,5.31
-115.472000000172,32.9549999988706,433,195512170607,1955,12,17,60727.9,32.955,-115.472,5.26
-116.231000000063,31.8319999993281,434,195602091432,1956,2,9,143241.91,31.832,-116.231,6.8
-116.200000000194,31.7999999989522,435,195602091434,1956,2,9,143415.77,31.8,-116.2,5.6
-116.098999999926,31.3699999993279,436,195602091501,1956,2,9,150136.52,31.37,-116.099,5.36
-115.914999999979,31.5169999995058,437,195602091524,1956,2,9,152424.16,31.517,-115.915,6.2
-115.700000000164,31.5999999990019,438,195602091629,1956,2,9,162953.3,31.6,-115.7,5.8
-116.135000000208,31.6149999994625,439,195602091659,1956,2,9,165953.86,31.615,-116.135,5.58
-115.767000000315,31.7819999990255,440,195602091848,1956,2,9,184844.9,31.782,-115.767,5.56
-115.605000000392,31.5749999992993,441,195602100418,1956,2,10,41816.79,31.575,-115.605,5.02
-116.135000000208,31.6089999993218,442,195602101812,1956,2,10,181254.51,31.609,-116.135,5.43
-116.136000000291,31.6489999994496,443,195602110257,1956,2,11,25747.15,31.649,-116.136,5
-115.94000000025,31.4259999988716,444,195602110624,1956,2,11,62428.09,31.426,-115.94,5.37
-115.452000000314,31.4559999989754,445,195602141445,1956,2,14,144531.66,31.456,-115.452,5.09
-115.499999999793,31.4999999989453,446,195602141833,1956,2,14,183334,31.5,-115.5,6.2
-115.499999999793,31.4999999989453,447,195602150228,1956,2,15,22839,31.5,-115.5,5.3
-115.253000000026,31.7209999990706,448,195602150707,1956,2,15,70747.63,31.721,-115.253,5.21
-115.357999999726,31.4729999994275,449,195602150835,1956,2,15,83553.54,31.473,-115.358,5.06
-115.703000000412,31.3739999988549,450,195602160812,1956,2,16,81228.35,31.374,-115.703,5.06
-115.757999999571,31.5229999991913,451,195603031823,1956,3,3,182315.48,31.523,-115.758,5.04
-115.725000000435,31.3749999989753,452,195603101412,1956,3,10,141254.31,31.375,-115.725,5.09
-115.999999999823,31.8329999989823,453,195605101148,1956,5,10,114854,31.833,-116,5
-118.45000000033,39.5499999990454,454,195607260953,1956,7,26,95317,39.55,-118.45,5.1
-115.499999999793,31.4999999989453,455,195608251557,1956,8,25,155743,31.5,-115.5,5
-125.770000000269,40.6699999993183,456,195610111648,1956,10,11,164850,40.67,-125.77,6
-120.470000000308,35.9499999993457,457,195611160323,1956,11,16,32309,35.95,-120.47,5
-118.929999999604,38.2499999989465,458,195612311737,1956,12,31,173745,38.25,-118.93,5
-118.970000000218,38.2799999991942,459,195612311739,1956,12,31,173924,38.28,-118.97,5.1
-122.480000000358,37.6699999987509,460,195703221944,1957,3,22,194421,37.67,-122.48,5.3
-115.681000000389,33.1189999991453,461,195704252157,1957,4,25,215736.9,33.119,-115.681,5.19
-116.028000000342,33.2229999994839,462,195704252224,1957,4,25,222413.25,33.223,-116.028,5.05
-116.009999999751,33.2739999991056,463,195705261559,1957,5,26,155933.57,33.274,-116.01,5
-115.754000000138,32.2159999993396,464,195812010321,1958,12,1,32117.62,32.216,-115.754,5.75
-115.881999999945,32.0799999988272,465,195812010602,1958,12,1,60229.88,32.08,-115.882,5.39
-121.600000000341,36.9799999993102,466,195903022327,1959,3,2,232717,36.98,-121.6,5.3
-120.200000000436,39.7199999992928,467,195904011818,1959,4,1,181830,39.72,-120.2,5.6
-118.820000000388,39.079999999097,468,195906231435,1959,6,23,143500,39.08,-118.82,6.1
-118.799999999633,39.0999999991802,469,195906231504,1959,6,23,150434,39.1,-118.8,5.5
-125.300000000025,41.1299999991079,470,195907240123,1959,7,24,12309,41.13,-125.3,5.8
-118.549999999618,37.3499999991761,471,195908040736,1959,8,4,73659,37.35,-118.55,5.2
-125.420000000069,40.2999999992784,472,195912050813,1959,12,5,81342,40.3,-125.42,5.1
-121.429999999756,36.7799999990669,473,196001200325,1960,1,20,32553,36.78,-121.43,5
-118.730000000131,37.5199999987365,474,196006050747,1960,6,5,74707,37.52,-118.73,5.2
-124.880000000323,40.8199999987611,475,196006060117,1960,6,6,11748,40.82,-124.88,5.7
-125.05000000001,41.519999998899,476,196012271035,1960,12,27,103526,41.52,-125.05,5.4
-118.040999999741,35.7579999991842,477,196101280812,1961,1,28,81246.26,35.758,-118.041,5.05
-118.629999999946,37.4499999991645,478,196102020004,1961,2,2,416,37.45,-118.63,5.3
-118.669999999661,37.41999999891,479,196102020007,1961,2,2,742,37.42,-118.67,5.1
-124.750000000351,40.1799999991002,480,196104060404,1961,4,6,40445,40.18,-124.75,5.1
-121.299999999784,36.6799999990445,481,196104090723,1961,4,9,72316,36.68,-121.3,5.6
-121.299999999784,36.6999999988315,482,196104090725,1961,4,9,72541,36.7,-121.3,5.5
-118.60000000016,40.1299999990752,483,196107041109,1961,7,4,110911,40.13,-118.6,5
-117.795000000057,35.8639999988307,484,196110190509,1961,10,19,50944.52,35.864,-117.795,5.13
-118.986999999827,34.945999999101,485,196111150538,1961,11,15,53855.62,34.946,-118.987,5
-119.450000000391,38.21999999922,486,196204131538,1962,4,13,153851.9,38.22,-119.45,5.1
-125.319999999883,40.2699999990697,487,196204140753,1962,4,14,75314.7,40.27,-125.32,5.4
-115.768999999582,32.2579999995073,488,196205270145,1962,5,27,14540.74,32.258,-115.769,5.1
-123.319999999762,39.0699999991472,489,196206061750,1962,6,6,175006.2,39.07,-123.32,5.2
-125.520000000254,40.429999999023,490,196207141943,1962,7,14,194346.2,40.43,-125.52,5.1
-124.329999999751,41.8499999990132,491,196208231929,1962,8,23,192913.1,41.85,-124.33,5.6
-118.05099999967,35.7589999992932,492,196209160536,1962,9,16,53616.14,35.759,-118.051,5
-116.86599999958,34.3489999989594,493,196210290242,1962,10,29,24253.71,34.349,-116.866,5
-116.252000000003,31.9729999987822,494,196306111523,1963,6,11,152341.67,31.973,-116.252,5.6
-121.630000000127,36.8699999992794,495,196309141946,1963,9,14,194617,36.87,-121.63,5.4
-116.938000000145,33.7039999988615,496,196309231441,1963,9,23,144152.79,33.704,-116.938,5.29
-115.387000000328,31.6849999991386,497,196310201329,1963,10,20,132932.64,31.685,-115.387,5
-114.200000000073,31.4999999989453,498,196402030843,1964,2,3,84336,31.5,-114.2,5
-118.799999999633,38.6999999991235,499,196403221630,1964,3,22,163055.9,38.7,-118.8,5.5
-114.099999999888,31.6999999992732,500,196407221034,1964,7,22,103412,31.7,-114.1,5
-114.300000000259,31.4999999989453,501,196408220303,1964,8,22,30320.7,31.5,-114.3,5.3
-118.100000000129,38.6999999991235,502,196410231357,1964,10,23,135705,38.7,-118.1,5.3
-121.689999999699,37.0599999989663,503,196411160246,1964,11,16,24641.7,37.06,-121.69,5
-117.170999999653,31.6409999988511,504,196412222054,1964,12,22,205431.07,31.641,-117.171,5.37
-125.800000000056,40.4999999987274,505,196509160410,1965,9,16,41008,40.5,-125.8,5
-116.431999999619,34.713999999315,506,196509251743,1965,9,25,174343.33,34.714,-116.432,5.14
-116.760999999879,33.9899999994004,507,196510170945,1965,10,17,94518.78,33.99,-116.761,5
-120.500000000095,35.9699999993248,508,196606280408,1966,6,28,40856.2,35.97,-120.5,5.1
-120.500000000095,35.9499999993457,509,196606280426,1966,6,28,42613.4,35.95,-120.5,5.5
-120.529999999881,35.9499999993457,510,196606291953,1966,6,29,195325.9,35.95,-120.53,5
-114.499999999732,31.7999999989522,511,196608071736,1966,8,7,173626.7,31.8,-114.5,6.3
-120.149999999894,39.4199999987783,512,196609121641,1966,9,12,164101.9,39.42,-120.15,6
-120.149999999894,39.4199999987783,513,196609121720,1966,9,12,172011,39.42,-120.15,5.3
-115.011999999856,37.0399999989357,514,196705071801,1967,5,7,180135.7,37.04,-115.012,5.13
-115.825999999805,31.3009999993548,515,196709210001,1967,9,21,152.74,31.301,-115.826,5.01
-124.699999999809,40.4999999987274,516,196712101206,1967,12,10,120652.2,40.5,-124.7,5.6
-121.779999999956,36.9999999989197,517,196712181724,1967,12,18,172432,37,-121.78,5.3
-116.103000000257,33.1799999990094,518,196804090228,1968,4,9,22858.39,33.18,-116.103,6.6
-116.149999999652,32.8749999994766,519,196804090303,1968,4,9,30350.91,32.875,-116.15,5.2
-124.270000000179,40.2299999993702,520,196806260142,1968,6,26,14220.8,40.23,-124.27,5.9
-119.722999999613,34.1389999994629,521,196807050045,1968,7,5,4516.74,34.139,-119.723,5.05
-114.099999999888,31.3999999990643,522,196903200823,1969,3,20,82300.8,31.4,-114.1,5.2
-114.700000000104,31.2999999992544,523,196903210307,1969,3,21,30731.9,31.3,-114.7,5.2
-114.300000000259,31.2999999992544,524,196903210421,1969,3,21,42154.2,31.3,-114.3,5.1
-114.300000000259,31.3999999990643,525,196903210539,1969,3,21,53956.4,31.4,-114.3,5
-114.300000000259,31.2999999992544,526,196903210550,1969,3,21,55043.8,31.3,-114.3,5
-114.200000000073,31.3999999990643,527,196903210559,1969,3,21,55919.1,31.4,-114.2,5.3
-114.300000000259,31.2999999992544,528,196903211629,1969,3,21,162940.4,31.3,-114.3,5
-114.099999999888,31.3999999990643,529,196903220725,1969,3,22,72535.6,31.4,-114.1,5.5
-114.200000000073,31.4999999989453,530,196903221823,1969,3,22,182302.1,31.5,-114.2,5.2
-114.999999999762,31.3999999990643,531,196903231132,1969,3,23,113222.4,31.4,-115,5.2
-114.099999999888,31.4999999989453,532,196903231539,1969,3,23,153901.1,31.5,-114.1,5.2
-114.300000000259,31.4999999989453,533,196903281519,1969,3,28,151940.4,31.5,-114.3,5.3
-116.361000000035,33.2589999990383,534,196904282320,1969,4,28,232044.87,33.259,-116.361,5.46
-122.664000000304,38.4979999989503,535,196910020456,1969,10,2,45645.3,38.498,-122.664,5.6
-122.753999999663,38.4499999989974,536,196910020619,1969,10,2,61956.39,38.45,-122.754,5.7
-121.762000000264,34.519999999384,537,196910222251,1969,10,22,225127,34.52,-121.762,5.24
-121.340999999581,34.5949999989335,538,196911051754,1969,11,5,175409.41,34.595,-121.341,5.4
-117.53400000003,34.2549999989052,539,197009121430,1970,9,12,143053,34.255,-117.534,5.22
-125.079999999796,40.1299999990752,540,197009132110,1970,9,13,211021,40.13,-125.08,5.4
-118.370000000002,34.415999998842,541,197102091400,1971,2,9,140041.92,34.416,-118.37,6.6
-118.370000000002,34.415999998842,542,197102091401,1971,2,9,140112.45,34.416,-118.37,5.8
-118.370000000002,34.415999998842,543,197102091402,1971,2,9,140245.74,34.416,-118.37,5.8
-118.370000000002,34.415999998842,544,197102091410,1971,2,9,141029.04,34.416,-118.37,5.3
-124.829999999781,40.2699999990697,545,197102270031,1971,2,27,3137.7,40.27,-124.83,5.2
-115.803999999782,32.9829999988237,546,197109302246,1971,9,30,224610.87,32.983,-115.804,5.02
-121.190999999752,36.589999999381,547,197202241556,1972,2,24,155650.99,36.59,-121.191,5.1
-125.250000000382,40.6699999993183,548,197203010928,1972,3,1,92842,40.67,-125.25,5.2
-119.035000000204,34.0649999989254,549,197302211445,1973,2,21,144557.3,34.065,-119.035,5.3
-125.530000000183,41.4999999987394,550,197306151918,1973,6,15,191847.5,41.5,-125.53,5
-119.474999999763,33.985999998791,551,197308062329,1973,8,6,232916.97,33.986,-119.475,5
-124.232999999814,40.259999999362,552,197308090218,1973,8,9,21825.8,40.26,-124.233,5.1
-124.597000000274,40.6249999988415,553,197312211912,1973,12,21,191243.5,40.625,-124.597,5.2
-125.135999999936,40.4239999991784,554,197407030500,1974,7,3,50058.6,40.424,-125.136,5.4
-125.182000000148,40.3719999988086,555,197407131109,1974,7,13,110957.5,40.372,-125.182,5
-121.467000000121,36.9199999991958,556,197411282301,1974,11,28,230124.59,36.92,-121.467,5.2
-125.446000000422,40.4149999991904,557,197501281353,1975,1,28,135316.4,40.415,-125.446,5
-116.481000000078,34.5209999992642,558,197506010138,1975,6,1,13848.74,34.521,-116.481,5
-124.275999999777,40.5409999990494,559,197506070846,1975,6,7,84623.51,40.541,-124.276,5.3
-121.546000000366,39.4319999987333,560,197508012020,1975,8,1,202004.82,39.432,-121.546,5.7
-121.480000000298,39.4489999992086,561,197508022022,1975,8,2,202216.57,39.449,-121.48,5.1
-121.484999999813,39.4379999991123,562,197508022058,1975,8,2,205856.01,39.438,-121.485,5.2
-121.529999999941,39.4999999992735,563,197508061641,1975,8,6,164152.1,39.5,-121.53,5.2
-125.315000000368,40.6249999988415,564,197511161729,1975,11,16,172940.25,40.625,-125.315,5
-115.471000000089,32.0839999990041,565,197601101258,1976,1,10,125815.79,32.084,-115.471,5
-115.609999999907,33.1239999993262,566,197611041041,1976,11,4,104137.87,33.124,-115.61,5.1
-125.708999999716,41.2889999992651,567,197611261119,1976,11,26,111925.2,41.289,-125.709,6.8
-120.447000000203,40.997999998782,568,197611270249,1976,11,27,24947,40.998,-120.447,5
-114.782999999782,31.9829999993875,569,197612071259,1976,12,7,125956.3,31.983,-114.783,5.7
-125.602999999932,42.751999999012,570,197612191900,1976,12,19,190059.5,42.752,-125.603,5.4
-119.287000000384,38.4779999991394,571,197702220624,1977,2,22,62406.5,38.478,-119.287,5
-123.256999999941,39.4089999988338,572,197711222115,1977,11,22,211553.31,39.409,-123.257,5.21
-115.302999999669,32.210999999006,573,197805052103,1978,5,5,210315.8,32.211,-115.303,5.2
-119.696000000075,34.3469999993119,574,197808132254,1978,8,13,225453.42,34.347,-119.696,5.78
-119.810999999704,38.8139999991443,575,197809042154,1978,9,4,215452.5,38.814,-119.811,5.2
-118.703999999778,37.518999998797,576,197810041642,1978,10,4,164247.75,37.519,-118.704,5.43
-118.655000000217,37.5529999988189,577,197810041739,1978,10,4,173902.46,37.553,-118.655,5.1
-125.726000000224,40.6259999991718,578,197812030648,1978,12,3,64808.69,40.626,-125.726,5.07
-118.680999999672,33.9439999988082,579,197901012314,1979,1,1,231438.94,33.944,-118.681,5.2
-124.325000000236,40.8739999990052,580,197902030958,1979,2,3,95816.99,40.874,-124.325,5.2
-120.113000000427,39.9859999988312,581,197902221557,1979,2,22,155728.6,39.986,-120.113,5.3
-116.444999999796,34.3269999993326,582,197903152107,1979,3,15,210716.53,34.327,-116.445,5.51
-124.99399999987,41.1229999988271,583,197904070618,1979,4,7,61854.62,41.123,-124.994,5.34
-121.512000000249,37.1039999991016,584,197908061705,1979,8,6,170522.93,37.104,-121.512,5.74
-119.348000000039,38.2239999987474,585,197910072054,1979,10,7,205441.5,38.224,-119.348,5.2
-115.318000000011,32.6139999992761,586,197910152316,1979,10,15,231653.44,32.614,-115.318,6.51
-115.441000000303,32.7659999990727,587,197910152319,1979,10,15,231929.98,32.766,-115.441,5.2
-115.540000000406,32.9269999992694,588,197910160549,1979,10,16,54910.18,32.927,-115.54,5.1
-115.539000000323,32.9279999992811,589,197910160619,1979,10,16,61948.68,32.928,-115.539,5.14
-115.55499999985,33.0139999991911,590,197910160658,1979,10,16,65842.79,33.014,-115.555,5.61
-121.767999999862,37.8399999992903,591,198001241900,1980,1,24,190008.58,37.84,-121.768,5.81
-121.775000000441,37.8109999989459,592,198001241901,1980,1,24,190101.54,37.811,-121.775,5.1
-121.706000000124,37.748999999009,593,198001270233,1980,1,27,23335.34,37.749,-121.706,5.4
-116.499999999853,33.4749999994315,594,198002251047,1980,2,25,104738.41,33.475,-116.5,5.34
-125.145999999865,40.4139999987393,595,198003031417,1980,3,3,141703.33,40.414,-125.146,5.47
-118.825999999986,37.5949999988011,596,198005251633,1980,5,25,163300,37.595,-118.826,6.19
-118.896000000386,37.6259999989873,597,198005251649,1980,5,25,164900,37.626,-118.896,6
-118.814999999975,37.5509999993781,598,198005251944,1980,5,25,194400,37.551,-118.815,5.88
-118.834999999832,37.6099999990213,599,198005252035,1980,5,25,203500,37.61,-118.835,5.7
-118.81700000014,37.585999999052,600,198005252059,1980,5,25,205900,37.586,-118.817,5
-118.876999999713,37.5669999987472,601,198005261224,1980,5,26,122400,37.567,-118.877,5.1
-118.866999999784,37.5329999993287,602,198005261857,1980,5,26,185700,37.533,-118.867,5.7
-118.802999999881,37.487999999419,603,198005271450,1980,5,27,145000,37.488,-118.803,5.85
-115.121999999971,32.1999999992188,604,198006090328,1980,6,9,32819.14,32.2,-115.122,6.33
-118.66299999998,38.0129999987405,605,198006290746,1980,6,29,74613.24,38.013,-118.663,5
-118.878999999878,37.5539999994216,606,198008011638,1980,8,1,163800,37.554,-118.879,5.21
-118.558000000279,38.0479999993298,607,198009070130,1980,9,7,13042.7,38.048,-118.558,5.1
-118.578000000137,38.0329999989488,608,198009070436,1980,9,7,43638.3,38.033,-118.578,5.26
-124.618000000214,41.0849999989534,609,198011081027,1980,11,8,102733.14,41.085,-124.618,7.3
-124.74199999969,40.2469999989153,610,198011081120,1980,11,8,112038.7,40.247,-124.742,5
-124.78399999957,40.5349999991688,611,198011082307,1980,11,8,230710.4,40.535,-124.784,5
-125.342999999988,40.5009999993674,612,198011090409,1980,11,9,40908.8,40.501,-125.343,5
-120.428000000428,39.304999999258,613,198011281821,1980,11,28,182113.1,39.305,-120.428,5.2
-124.743999999855,41.298999998891,614,198012241329,1980,12,24,132931.64,41.299,-124.744,5
-118.265000000301,38.1419999988841,615,198012282258,1980,12,28,225808.7,38.142,-118.265,5
-115.627000000415,33.0859999989937,616,198104261209,1981,4,26,120928.36,33.086,-115.627,5.9
-119.07900000025,33.6789999991169,617,198109041550,1981,9,4,155050.47,33.679,-119.079,5.84
-118.867999999867,37.5839999992248,618,198109301153,1981,9,30,115300,37.584,-118.868,5.6
-125.100999999737,40.4189999987345,619,198201131226,1982,1,13,122625.84,40.419,-125.101,5.45
-125.163000000373,41.0799999989331,620,198202061202,1982,2,6,120201.63,41.08,-125.163,5.49
-118.16299999995,37.8589999991469,621,198209240740,1982,9,24,74024.17,37.859,-118.163,5.34
-117.753000000177,35.7389999994328,622,198210011429,1982,10,1,142901.59,35.739,-117.753,5.12
-120.505999999693,36.3199999992827,623,198210252226,1982,10,25,222603.6,36.32,-120.506,5.44
-118.901999999984,37.6209999987829,624,198301070138,1983,1,7,13810.04,37.621,-118.902,5.34
-118.935000000018,37.6289999990367,625,198301070324,1983,1,7,32418.97,37.629,-118.935,5.28
-120.311999999817,36.231999998856,626,198305022342,1983,5,2,234238.06,36.232,-120.312,6.34
-120.289999999794,36.2299999991519,627,198305022346,1983,5,2,234606,36.23,-120.29,5.7
-120.300999999806,36.2459999988741,628,198305090249,1983,5,9,24911.54,36.246,-120.301,5.2
-125.444000000257,40.4569999989071,629,198305290655,1983,5,29,65533.13,40.457,-125.444,5.1
-120.470000000308,36.2499999992958,630,198306110309,1983,6,11,30954,36.25,-120.47,5.44
-118.850000000175,37.5539999994216,631,198307031840,1983,7,3,184000,37.554,-118.85,5.3
-120.405000000322,36.2449999990179,632,198307090740,1983,7,9,74051.2,36.245,-120.405,5.14
-120.413000000086,36.2239999989425,633,198307220239,1983,7,22,23955.05,36.224,-120.413,5.67
-120.385999999649,36.2079999991974,634,198307252231,1983,7,25,223140.75,36.208,-120.386,5.2
-124.924000000369,40.3719999988086,635,198308241336,1983,8,24,133628.83,40.372,-124.924,5.5
-121.355999999924,35.8299999990262,636,198308291010,1983,8,29,101030.83,35.83,-121.356,5.2
-120.229000000139,36.2509999989228,637,198309090916,1983,9,9,91613.95,36.251,-120.229,5.47
-125.646999999978,40.4079999992773,638,198312201041,1983,12,20,104102.25,40.408,-125.647,5.88
-121.895999999669,36.376999998792,639,198401230540,1984,1,23,54019.61,36.377,-121.896,5.1
-125.195000000324,40.4309999989261,640,198402281516,1984,2,28,151614.12,40.431,-125.195,5.2
-121.678999999688,37.3099999993724,641,198404242115,1984,4,24,211518.76,37.31,-121.679,6.15
-124.649000000083,40.3289999991072,642,198408042145,1984,8,4,214554.38,40.329,-124.649,5.33
-125.130000000338,40.5039999992755,643,198409100314,1984,9,10,31428.1,40.504,-125.13,6.6
-118.60699999984,37.4599999991714,644,198411231808,1984,11,23,180825.36,37.46,-118.607,5.78
-118.60699999984,37.4319999993425,645,198411231912,1984,11,23,191234.68,37.432,-118.607,5.5
-118.647999999638,37.4469999990404,646,198411261621,1984,11,26,162140.81,37.447,-118.648,5.12
-118.816000000058,38.1549999989881,647,198501241127,1985,1,24,112721.4,38.155,-118.816,5
-118.612000000254,37.4529999987853,648,198503251605,1985,3,25,160512.75,37.453,-118.612,5.1
-115.873000000099,31.9419999994568,649,198505082340,1985,5,8,234021.75,31.942,-115.873,5.1
-116.840000000125,34.5399999994792,650,198507161757,1985,7,16,175750.9,34.54,-116.84,5.2
-124.933000000215,40.3279999988939,651,198507262349,1985,7,26,234908.43,40.328,-124.933,5
-120.12100000019,36.1509999992855,652,198508041201,1985,8,4,120155.89,36.151,-120.121,6.08
-121.28500000034,36.8039999988867,653,198601261920,1986,1,26,192050.95,36.804,-121.285,5.38
-125.352999999917,41.6339999992887,654,198602110115,1986,2,11,11557.25,41.634,-125.353,5.29
-121.68700000035,37.4789999993335,655,198603311155,1986,3,31,115539.81,37.479,-121.687,5.61
-116.606999999719,34.0069999989439,656,198607080920,1986,7,8,92044.35,34.007,-116.607,6.02
-117.847999999949,32.9899999988139,657,198607131347,1986,7,13,134708.76,32.99,-117.848,5.81
-118.438000000236,37.5669999987472,658,198607201429,1986,7,20,142945.44,37.567,-118.438,5.77
-118.442999999751,37.5379999987574,659,198607211442,1986,7,21,144226,37.538,-118.443,6.22
-118.453999999763,37.4929999994327,660,198607211451,1986,7,21,145109.37,37.493,-118.454,5.7
-118.342999999565,37.6209999987829,661,198607212207,1986,7,21,220715.64,37.621,-118.343,5.37
-118.472000000353,37.5259999990529,662,198607221348,1986,7,22,134859.15,37.526,-118.472,5
-118.368999999919,37.4729999989565,663,198607310722,1986,7,31,72239.77,37.473,-118.369,5.47
-118.398999999705,37.5099999991254,664,198608011428,1986,8,1,142818.15,37.51,-118.399,5.1
-124.405999999749,40.360999999349,665,198611212333,1986,11,21,233301.7,40.361,-124.406,5.1
-124.397999999985,40.3589999989895,666,198611212334,1986,11,21,233418.97,40.359,-124.398,5.1
-115.307,32.3729999992224,667,198702070345,1987,2,7,34514.5,32.373,-115.307,5.48
-120.341000000419,36.1719999993919,668,198702140726,1987,2,14,72650.29,36.172,-120.341,5.2
-124.382999999643,40.4159999991426,669,198707312356,1987,7,31,235657.83,40.416,-124.383,5.98
-118.082000000437,34.0559999990466,670,198710011442,1987,10,1,144219.66,34.056,-118.082,5.89
-118.105999999727,34.0689999988271,671,198710041059,1987,10,4,105937.82,34.069,-118.106,5.21
-115.781999999759,33.0819999993194,672,198711240154,1987,11,24,15414.34,33.082,-115.782,6.04
-115.833999999568,33.0139999991911,673,198711241315,1987,11,24,131556.29,33.014,-115.834,6.5
-115.865000000336,31.8339999992492,674,198801251317,1988,1,25,131712.31,31.834,-115.865,5.1
-121.310999999795,36.7959999991842,675,198802200839,1988,2,20,83957.26,36.796,-121.311,5.1
-118.743000000308,34.9349999989801,676,198806102306,1988,6,10,230642.84,34.935,-118.743,5.37
-121.742000000407,37.3929999988739,677,198806130145,1988,6,13,14536.53,37.393,-121.742,5.01
-121.894999999586,37.1279999991079,678,198806271843,1988,6,27,184322.33,37.128,-121.895,5.3
-115.82799999997,31.8339999992492,679,198808311645,1988,8,31,164516.8,31.834,-115.828,5.1
-118.342000000381,38.4609999989689,680,198809190256,1988,9,19,25631.77,38.461,-118.342,5
-118.134000000246,34.1489999989255,681,198812031138,1988,12,3,113826.26,34.149,-118.134,5.02
-116.682999999717,33.985999998791,682,198812160553,1988,12,16,55304.77,33.986,-116.683,5.03
-118.623000000265,33.919999999007,683,198901190653,1989,1,19,65328.72,33.92,-118.623,5
-121.927000000436,37.1479999990867,684,198908080813,1989,8,8,81327.39,37.148,-121.927,5.4
-124.645999999835,40.3189999987334,685,198909211741,1989,9,21,174118.43,40.319,-124.646,5.13
-121.880000000142,37.0359999991299,686,198910180004,1989,10,18,415.19,37.036,-121.88,6.89
-122.051999999994,37.1899999992177,687,198910180041,1989,10,18,4123.77,37.19,-122.052,5.1
-124.296999999717,40.2419999987624,688,199001162008,1990,1,16,200820.46,40.242,-124.297,5.46
-117.701999999552,34.1409999988768,689,199002282343,1990,2,28,234336.61,34.141,-117.702,5.67
-121.656999999665,36.9319999989805,690,199004181353,1990,4,18,135351.3,36.932,-121.657,5.4
-121.684000000102,36.9589999987691,691,199004181546,1990,4,18,154603.45,36.959,-121.684,5.1
-119.126999999728,38.0519999994245,692,199010240615,1990,10,24,61519.51,38.052,-119.127,5.3
-117.993000000263,34.2629999989342,693,199106281443,1991,6,28,144354.47,34.263,-117.993,5.63
-125.64100000038,42.1819999993137,694,199107130250,1991,7,13,25014.69,42.182,-125.641,6.79
-125.423000000317,40.3929999991441,695,199108030049,1991,8,3,4903.2,40.393,-125.423,5.17
-125.384999999869,41.6969999992264,696,199108162226,1991,8,16,222617.21,41.697,-125.385,6.26
-124.285999999705,40.2519999992922,697,199108171929,1991,8,17,192940,40.252,-124.286,6.12
-125.396999999963,41.8209999993218,698,199108172217,1991,8,17,221714.68,41.821,-125.397,7.03
-115.909999999566,31.7029999992064,699,199112031754,1991,12,3,175435.81,31.703,-115.91,5
-124.2629999996,40.2329999990183,700,199203080343,1992,3,8,34304.05,40.233,-124.263,5.44
-116.313999999741,33.9719999992406,701,199204230450,1992,4,23,45023.02,33.972,-116.314,6.15
-124.229000000381,40.334999998751,702,199204251806,1992,4,25,180605.18,40.335,-124.229,7.15
-124.566000000405,40.4319999990023,703,199204260741,1992,4,26,74140.09,40.432,-124.566,6.45
-124.555000000394,40.3829999992363,704,199204261118,1992,4,26,111825.98,40.383,-124.555,6.6
-116.303999999812,33.9499999988943,705,199205041619,1992,5,4,161949.52,33.95,-116.304,5
-116.337999999929,33.958999999454,706,199205181544,1992,5,18,154417.7,33.959,-116.338,5
-124.405999999749,40.311999999193,707,199206052146,1992,6,5,214643.07,40.312,-124.406,5.17
-116.431000000434,34.2029999989361,708,199206281157,1992,6,28,115733.98,34.203,-116.431,7.28
-116.399999999667,34.132999999014,709,199206281200,1992,6,28,120044.51,34.133,-116.4,5.77
-116.42199999969,34.1659999994689,710,199206281236,1992,6,28,123639.95,34.166,-116.422,5.49
-116.532999999887,34.3629999990263,711,199206281240,1992,6,28,124052.89,34.363,-116.533,5.41
-116.428000000186,34.1229999993682,712,199206281350,1992,6,28,135045.14,34.123,-116.428,5
-116.854999999569,34.1649999991255,713,199206281443,1992,6,28,144321.67,34.165,-116.855,5.53
-116.817000000019,34.2049999993726,714,199206281505,1992,6,28,150530.29,34.205,-116.817,6.49
-116.916000000122,34.1789999990181,715,199206281701,1992,6,28,170131.56,34.179,-116.916,5
-116.901999999863,34.2579999994401,716,199206281705,1992,6,28,170557.2,34.258,-116.902,5.26
-116.170999999592,36.6379999991364,717,199206291014,1992,6,29,101420.06,36.638,-116.171,5.72
-116.401999999833,34.1129999994384,718,199206291408,1992,6,29,140837.39,34.113,-116.402,5.69
-116.402999999915,34.1119999994151,719,199206291413,1992,6,29,141338.46,34.112,-116.403,5.38
-116.269999999695,33.8749999989897,720,199206291601,1992,6,29,160142.51,33.875,-116.27,5.46
-116.368999999798,34.0019999990198,721,199206301438,1992,6,30,143811.39,34.002,-116.369,5.12
-116.452999999559,34.3479999991659,722,199207010740,1992,7,1,74029.46,34.348,-116.453,5.34
-116.315999999907,34.581999998957,723,199207052118,1992,7,5,211827.14,34.582,-116.316,5.42
-116.836999999877,34.2389999987675,724,199207090143,1992,7,9,14357.61,34.239,-116.837,5.29
-117.116999999678,34.4089999989069,725,199207090144,1992,7,9,14402.09,34.409,-117.117,5
-118.061999999681,35.2089999987948,726,199207111814,1992,7,11,181415.98,35.209,-118.062,5.67
-116.283999999955,33.897999998864,727,199207241814,1992,7,24,181436.02,33.898,-116.284,5
-116.862000000148,34.1969999989801,728,199208172041,1992,8,17,204151.84,34.197,-116.862,5.23
-116.3630000002,34.0689999988271,729,199209150847,1992,9,15,84711.03,34.069,-116.363,5.18
-116.898999999615,34.341999999155,730,199211271600,1992,11,27,160057.39,34.342,-116.899,5.23
-116.89800000043,34.3669999990565,731,199212040208,1992,12,4,20857.33,34.367,-116.898,5.19
-117.41500000007,34.633999998913,732,199212040209,1992,12,4,20906.03,34.634,-117.415,5.02
-117.832000000422,37.1759999991959,733,199305172320,1993,5,17,232050.1,37.176,-117.832,6.11
-117.786000000211,37.1679999992326,734,199305180103,1993,5,18,10306.93,37.168,-117.786,5.04
-117.82399999976,37.0669999991424,735,199305182348,1993,5,18,234854.75,37.067,-117.824,5
-116.322999999587,34.0349999994594,736,199308210146,1993,8,21,14638.13,34.035,-116.323,5
-122.026999999723,42.3159999991624,737,199309210328,1993,9,21,32855.63,42.316,-122.027,5.96
-122.057999999592,42.3579999987522,738,199309210545,1993,9,21,54535.23,42.358,-122.058,5.94
-122.009000000031,42.2909999992872,739,199312042215,1993,12,4,221519.72,42.291,-122.009,5.4
-118.549000000433,34.2059999988835,740,199401171230,1994,1,17,123054.96,34.206,-118.549,6.65
-118.507999999737,34.2559999988426,741,199401171231,1994,1,17,123157.13,34.256,-118.508,5.89
-118.710000000274,34.3349999987838,742,199401172333,1994,1,17,233330.01,34.335,-118.71,5.83
-118.712999999624,34.3749999993455,743,199401180043,1994,1,18,4308.23,34.375,-118.713,5.14
-118.710000000274,34.3689999990146,744,199401192109,1994,1,19,210928.23,34.369,-118.71,5.26
-118.583999999735,34.3089999992168,745,199401291120,1994,1,29,112035.27,34.309,-118.584,5.18
-118.486999999797,34.2349999989665,746,199403202120,1994,3,20,212012,34.235,-118.487,5.29
-116.127999999629,31.8059999991849,747,199403230259,1994,3,23,25916.17,31.806,-116.128,5
-125.680000000012,40.4019999991427,748,199409011515,1994,9,1,151553.08,40.402,-125.68,6.99
-119.637999999769,38.80799999929,749,199409121223,1994,9,12,122341.96,38.808,-119.638,5.88
-119.667000000371,38.7829999992248,750,199409122357,1994,9,12,235708.69,38.783,-119.667,5.08
-114.947999999953,32.0659999988254,751,199410031400,1994,10,3,140048.63,32.066,-114.948,5.21
-124.303000000213,40.7379999990713,752,199412261410,1994,12,26,141029.18,40.738,-124.303,5.48
-125.539000000029,40.5559999993432,753,199502190403,1995,2,19,40316.19,40.556,-125.539,6.6
-117.66299999992,35.7719999990199,754,199508172239,1995,8,17,223958.82,35.772,-117.663,5.4
-117.643000000062,35.7559999991689,755,199509202327,1995,9,20,232736.12,35.756,-117.643,5.54
-117.650999999825,35.7649999991388,756,199601071432,1996,1,7,143252.91,35.765,-117.651,5.04
-117.656000000239,36.0709999990709,757,199611272017,1996,11,27,201724.18,36.071,-117.656,5.09
-124.37900000021,40.273999998987,758,199701220717,1997,1,22,71716.81,40.274,-124.379,5.68
-124.396999999903,40.2809999990323,759,199701260623,1997,1,26,62319.44,40.281,-124.397,5.14
-125.361999999763,41.0499999993002,760,199710041057,1997,10,4,105734.01,41.05,-125.362,5.56
-125.172000000219,41.0019999988692,761,199710261044,1997,10,26,104408.08,41.002,-125.172,5.34
-118.214999999759,37.8459999990579,762,199711020851,1997,11,2,85153.93,37.846,-118.215,5.34
-117.85899999996,37.2589999992675,763,199711150600,1997,11,15,60020.33,37.259,-117.859,5.03
-117.640999999897,36.0779999990093,764,199803060547,1998,3,6,54740.12,36.078,-117.641,5.19
-117.619999999957,36.0909999993337,765,199803070036,1998,3,7,3646.57,36.091,-117.62,5.04
-118.801999999798,37.564999999095,766,199807150453,1998,7,15,45300,37.565,-118.802,5.07
-121.461999999707,36.7549999990498,767,199808121410,1998,8,12,141025.14,36.755,-121.462,5.16
-122.407999999793,40.6229999989453,768,199811261949,1998,11,26,194953.69,40.623,-122.408,5.37
-125.292000000262,40.6739999989816,769,199811270043,1998,11,27,4349.06,40.674,-125.292,5.52
-118.814999999975,37.5339999989639,770,199905151322,1999,5,15,132200,37.534,-118.815,5.52
-115.225999999589,32.4109999991952,771,199906011518,1999,6,1,151802.46,32.411,-115.226,5
-117.076999999963,37.3889999987713,772,199908011606,1999,8,1,160622.05,37.389,-117.077,5.66
-117.177000000149,37.3729999993804,773,199908020605,1999,8,2,60513.84,37.373,-117.177,5.06
-116.268999999613,34.5959999990402,774,199910160946,1999,10,16,94643.96,34.596,-116.269,7.12
-116.153999999983,34.525999999176,775,199910160952,1999,10,16,95253.04,34.526,-116.154,5
-116.30700000006,34.6669999991762,776,199910160959,1999,10,16,95935.14,34.667,-116.307,5.77
-116.246000000405,34.4369999993985,777,199910161257,1999,10,16,125721.02,34.437,-116.246,5.37
-116.246000000405,34.4249999994302,778,199910161738,1999,10,16,173848.74,34.425,-116.246,5
-116.389999999738,34.8649999988375,779,199910210154,1999,10,21,15428.99,34.865,-116.39,5
-116.3980000004,34.8629999987894,780,199910210157,1999,10,21,15738.52,34.863,-116.398,5
-116.406000000163,34.8619999989539,781,199910221608,1999,10,22,160847.93,34.862,-116.406,5
-125.23900000037,40.3889999991835,782,200003161519,2000,3,16,151956.38,40.389,-125.239,5.86
-122.413000000207,38.3789999988651,783,200009030836,2000,9,3,83630.11,38.379,-122.413,5
-125.244999999968,40.7559999989428,784,200101131308,2001,1,13,130842.1,40.756,-125.245,5.53
-116.940000000311,34.2909999987997,785,200102102105,2001,2,10,210505.44,34.291,-116.94,5.13
-117.867999999806,36.0139999993726,786,200107171207,2001,7,17,120726.05,36.014,-117.868,5.17
-120.645999999593,39.822999998906,787,200108102019,2001,8,10,201926.6,39.823,-120.646,5.17
-125.270000000239,40.4439999987867,788,200109200802,2001,9,20,80223,40.444,-125.27,5.1
-116.502000000018,33.510999999382,789,200110310756,2001,10,31,75616.36,33.511,-116.502,5.02
-115.036000000045,32.0589999993594,790,200112082336,2001,12,8,233610.14,32.059,-115.036,5.74
-115.311000000331,32.3759999994455,791,200202221932,2002,2,22,193241.75,32.376,-115.311,5.47
-124.552000000145,40.8099999989815,792,200206171655,2002,6,17,165507.68,40.81,-124.552,5.27
-115.510999999804,31.6279999991497,793,200302071034,2003,2,7,103404.83,31.628,-115.511,5
-116.845999999723,34.3099999994506,794,200302221219,2003,2,22,121910.53,34.31,-116.846,5.19
-125.596000000252,40.983999998858,795,200308150915,2003,8,15,91513,40.984,-125.596,5.11
-125.429999999997,40.9849999988679,796,200308150922,2003,8,15,92214.93,40.985,-125.43,5.23
-121.100000000311,35.699999998921,797,200312221915,2003,12,22,191556.24,35.7,-121.1,6.55
-117.918000000348,32.328999999485,798,200406152228,2004,6,15,222848.16,32.329,-117.918,5.04
-118.678000000322,38.0099999991745,799,200409182302,2004,9,18,230217.75,38.01,-118.678,5.39
-118.661999999897,38.0189999989592,800,200409182343,2004,9,18,234341.79,38.019,-118.662,5.37
-120.365999999792,35.8179999989986,801,200409281715,2004,9,28,171524.25,35.818,-120.366,5.97
-120.50200000026,35.9539999991868,802,200409291710,2004,9,29,171004.03,35.954,-120.502,5.07
-118.628999999863,35.3849999991179,803,200409292254,2004,9,29,225454.2,35.385,-118.629,5.02
-119.193999999879,34.9989999993446,804,200504161918,2005,4,16,191813.27,34.999,-119.194,5.14
-116.567000000004,33.5379999988743,805,200506121541,2005,6,12,154146.33,33.538,-116.567,5.21
-115.634000000095,33.1429999993724,806,200509020127,2005,9,2,12719.5,33.143,-115.634,5.15
-115.227999999755,32.3069999992195,807,200605240420,2006,5,24,42026.01,32.307,-115.228,5.29
-124.433000000185,40.2809999990323,808,200607191141,2006,7,19,114143.46,40.281,-124.433,5
-124.866000000064,40.6429999993746,809,200702261219,2007,2,26,121954.48,40.643,-124.866,5.42
-125.015999999893,40.3739999987643,810,200705090750,2007,5,9,75003.83,40.374,-125.016,5.35
-124.825000000266,41.1149999989581,811,200706250232,2007,6,25,23224.62,41.115,-124.825,5.04
-121.774000000358,37.4339999993048,812,200710310304,2007,10,31,30454.81,37.434,-121.774,5.44
-115.320000000177,32.4599999993242,813,200802090712,2008,2,9,71205.8,32.46,-115.32,5.1
-115.320000000177,32.4399999990756,814,200802111829,2008,2,11,182931.8,32.44,-115.32,5.1
-115.330000000106,32.4699999993234,815,200802120432,2008,2,12,43237.9,32.47,-115.33,5
-115.320000000177,32.4699999993234,816,200802192241,2008,2,19,224130.7,32.47,-115.32,5.1
-114.86999999979,41.1499999988431,817,200802211416,2008,2,21,141602.71,41.15,-114.87,6
-119.929999999665,39.5199999992587,818,200804260640,2008,4,26,64010.61,39.52,-119.93,5
-123.500000000276,40.8399999989576,819,200804300303,2008,4,30,30306.9,40.84,-123.5,5.4
-117.759999999857,33.9499999988943,820,200807291842,2008,7,29,184215.71,33.95,-117.76,5.5
-124.630000000308,40.3399999992625,821,200810260927,2008,10,26,92722.34,40.34,-124.63,5
-116.420000000423,34.8099999993817,822,200812060418,2008,12,6,41842.85,34.81,-116.42,5.1
-115.72999999995,33.3199999991169,823,200903241155,2009,3,24,115543.02,33.32,-115.73,5
-124.640000000237,40.3099999988345,824,200908071049,2009,8,7,104934.72,40.31,-124.64,5
-115.269999999635,32.3799999988281,825,200909192255,2009,9,19,225518.5,32.38,-115.27,5.2
-117.860000000043,36.3899999988416,826,200910011001,2009,10,1,100124.67,36.39,-117.86,5.1
-117.860000000043,36.3899999988416,827,200910030116,2009,10,3,11600.31,36.39,-117.86,5.2
-117.279999999684,35.5499999991778,828,200911162121,2009,11,16,212130.63,35.55,-117.28,5.1
-115.170000000348,32.4399999990756,829,200912301848,2009,12,30,184857.7,32.44,-115.17,5.9
-124.689999999881,40.6499999990203,830,201001100027,2010,1,10,2739.32,40.65,-124.69,6.5
-124.959999999753,40.4099999988006,831,201002042020,2010,2,4,202021.97,40.41,-124.96,5.9
-115.279999999564,32.2999999987918,832,201004042240,2010,4,4,224043.1,32.3,-115.28,7.2
-115.050000000304,32.0999999992675,833,201004042250,2010,4,4,225017.08,32.1,-115.05,5.4
-115.300000000319,32.2499999990988,834,201004042315,2010,4,4,231514,32.25,-115.3,5.4
-115.290000000391,32.2399999993502,835,201004042325,2010,4,4,232507,32.24,-115.29,5.4
-115.01999999962,32.019999998895,836,201004050007,2010,4,5,709.07,32.02,-115.02,5.3
-115.810000000278,32.6599999989095,837,201004051114,2010,4,5,111414.88,32.66,-115.81,5.1
-115.80000000035,32.6399999993753,838,201004051333,2010,4,5,133305.4,32.64,-115.8,5
-115.279999999564,32.2299999990171,839,201004081644,2010,4,8,164426.7,32.23,-115.28,5.4
-115.810000000278,32.6699999989983,840,201005081833,2010,5,8,183311.02,32.67,-115.81,5
-115.769999999665,32.6199999988502,841,201005221730,2010,5,22,173058.8,32.62,-115.77,5.1
-115.920000000393,32.699999999184,842,201006150426,2010,6,15,42658.48,32.7,-115.92,5.8
-116.489999999924,33.4199999991761,843,201007072353,2010,7,7,235333.53,33.42,-116.49,5.5
-115.099999999948,32.0599999990174,844,201102181747,2011,2,18,174736.7,32.06,-115.1,5.1
-123.790000000006,41.1399999988791,845,201202132107,2012,2,13,210702.77,41.14,-123.79,5.6
-115.160000000419,32.1399999990826,846,201202141009,2012,2,14,100928.09,32.14,-115.16,5.1
-125.528000000018,40.384999999759,847,20120721000000,2012,7,21,15201.69,40.385,-125.528,5.1
-125.330999999894,40.4119999997632,848,20120721100000,2012,7,21,60421.25,40.412,-125.331,5.2
-115.546000000004,33.0189999996406,849,20120826200000,2012,8,26,193122.9,33.019,-115.546,5.4
-115.549000000252,33.0239999997406,850,20120826200000,2012,8,26,205758.2,33.024,-115.549,5.5
-120.855999999893,36.3109999996949,851,20121021100000,2012,10,21,65509.5,36.311,-120.856,5.4
-118.052999999835,38.0280000003127,852,20130213000000,2013,2,13,1014.27,38.028,-118.053,5.2
-121.059500000105,40.191799999948,853,20130524000000,2013,5,24,34708.1,40.1918,-121.0595,5.7
-125.133799999754,40.8286999999718,854,20140310100000,2014,3,10,51813.4,40.8287,-125.1338,6.8
-117.917166699735,33.932499999698,855,20140329000000,2014,3,29,40942.31,33.9325,-117.917167,5.1
-122.311666699815,38.2155000003175,856,20140824100000,2014,8,24,102044.06,38.2155,-122.311667,6.02
-125.774666699661,40.4420000002308,857,20150101100000,2015,1,1,121614.57,40.442,-125.774667,5.36
-124.606666700079,40.3178333002309,858,20150128200000,2015,1,28,210853.71,40.317833,-124.606667,5.73
-114.654599999942,37.2925000002596,859,20150522200000,2015,5,22,184742.98,37.2925,-114.6546,5.27
