Year,Month,Day,Hour,Minute,Second,Latitude,Longitude,Depth,Template Event Magnitude,Detection Magnitude,Event Template ID,Detection ID,Correlation Coefficient
2016,9,11,4,33,1,38.4664,-112.7945,4.02,-0.0,-1.4,73,1609110001,0.5980
2016,9,11,7,2,12,38.4677,-112.7892,2.44,-0.7,-1.4,58,1609110002,0.6840
2016,9,14,16,20,11,38.4698,-112.7871,1.27,-0.1,-0.7,19,1609140001,0.4500
2016,9,17,18,29,1,38.4678,-112.7989,5.55,0.1,-0.6,11,1609170001,0.5900
2016,9,17,18,35,26,38.4678,-112.7989,5.55,0.1,-0.6,11,1609170002,0.5900
2016,9,17,18,42,59,38.4678,-112.7989,5.55,0.1,-0.7,11,1609170003,0.6370
2016,9,17,20,35,11,38.4678,-112.7989,5.55,0.1,-0.8,11,1609170004,0.6830
2016,9,17,22,7,27,38.4678,-112.7989,5.55,0.1,-0.6,11,1609170005,0.7100
2016,9,17,22,8,51,38.4678,-112.7989,5.55,0.1,-0.7,11,1609170006,0.6390
2016,9,17,22,13,56,38.4678,-112.7989,5.55,0.1,-0.4,11,1609170007,0.6260
2016,9,18,4,16,33,38.4693,-112.7955,4.78,0.3,0.5,31,1609180001,0.7070
2016,9,18,4,28,9,38.4678,-112.7989,5.55,0.1,-0.7,11,1609180002,0.5260
2016,9,18,8,12,22,38.4652,-112.7929,3.65,0.2,-1.6,09,1609180004,0.3700
2016,9,18,8,13,59,38.4678,-112.7989,5.55,0.1,-1.4,11,1609180005,0.6460
2016,9,18,8,14,6,38.4678,-112.7989,5.55,0.1,-1.1,11,1609180006,0.5980
2016,9,18,8,14,14,38.4677,-112.7892,2.44,-0.7,-1.2,58,1609180007,0.5810
2016,9,18,8,52,46,38.4678,-112.7989,5.55,0.1,-0.5,11,1609180008,0.6710
2016,9,18,9,0,8,38.4678,-112.7989,5.55,0.1,-1.7,11,1609180009,0.4910
2016,9,18,10,16,6,38.4698,-112.7871,1.27,-0.1,-0.9,19,1609180010,0.5800
2016,9,18,13,40,11,38.4678,-112.7989,5.55,0.1,-1.5,11,1609180011,0.4330
2016,9,18,16,59,1,38.4680,-112.7941,4.20,-0.6,-1.2,20,1609180012,0.5410
2016,9,20,22,27,35,38.4680,-112.7941,4.20,-0.6,-1.4,20,1609200001,0.4390
2016,9,20,23,19,32,38.4678,-112.7989,5.55,0.1,-0.7,11,1609200002,0.5470
2016,9,21,0,55,56,38.4677,-112.7892,2.44,-0.7,-1.6,58,1609210001,0.5110
2016,9,21,0,56,27,38.4678,-112.7989,5.55,0.1,-0.9,11,1609210002,0.4680
2016,9,21,0,56,53,38.4678,-112.7989,5.55,0.1,0.3,11,1609210003,0.6170
2016,9,21,2,0,24,38.4680,-112.7941,4.20,-0.6,-0.6,20,1609210004,0.5050
2016,9,21,2,0,30,38.4678,-112.7975,5.42,1.5,0.5,01,1609210005,0.6400
2016,9,21,2,2,3,38.4680,-112.7941,4.20,-0.6,-1.5,20,1609210006,0.5460
2016,9,21,2,5,2,38.4678,-112.7989,5.55,0.1,-0.7,11,1609210007,0.6400
2016,9,21,2,5,18,38.4680,-112.7941,4.20,-0.6,-1.5,20,1609210008,0.4960
2016,9,21,2,8,1,38.4693,-112.7955,4.78,0.3,-0.7,31,1609210009,0.3290
2016,9,21,2,10,41,38.4678,-112.7989,5.55,0.1,-0.8,11,1609210010,0.4850
2016,9,21,2,27,15,38.4680,-112.7941,4.20,-0.6,-1.2,20,1609210011,0.5220
2016,9,21,2,27,38,38.4680,-112.7941,4.20,-0.6,-1.1,20,1609210012,0.6890
2016,9,21,2,31,34,38.4680,-112.7941,4.20,-0.6,-1.5,20,1609210013,0.4600
2016,9,21,2,33,57,38.4680,-112.7941,4.20,-0.6,-0.9,20,1609210014,0.6520
2016,9,21,2,35,1,38.4685,-112.7930,3.65,-0.4,-1.5,38,1609210015,0.3780
2016,9,21,2,36,46,38.4693,-112.7955,4.78,0.3,-0.6,31,1609210016,0.3190
2016,9,21,3,15,19,38.4677,-112.7892,2.44,-0.7,-1.5,58,1609210017,0.5510
2016,9,21,3,18,18,38.4678,-112.7975,5.42,1.5,1.1,01,1609210018,0.8010
2016,9,21,3,18,49,38.4678,-112.7989,5.55,0.1,-0.3,11,1609210019,0.6780
2016,9,21,3,20,35,38.4698,-112.7871,1.27,-0.1,-0.5,19,1609210020,0.4400
2016,9,21,3,20,40,38.4680,-112.7941,4.20,-0.6,-0.9,20,1609210021,0.7260
2016,9,21,3,23,0,38.4678,-112.7969,5.34,1.5,0.8,03,1609210022,0.7740
2016,9,21,3,23,30,38.4678,-112.7989,5.55,0.1,-0.6,11,1609210023,0.5700
2016,9,21,3,27,46,38.4680,-112.7941,4.20,-0.6,-1.3,20,1609210024,0.5430
2016,9,21,3,27,57,38.4700,-112.7910,3.52,0.2,-0.7,32,1609210025,0.3660
2016,9,21,3,32,34,38.4677,-112.7892,2.44,-0.7,-1.6,58,1609210026,0.5410
2016,9,21,3,32,47,38.4673,-112.7947,4.39,1.3,0.4,36,1609210027,0.5990
2016,9,21,3,40,25,38.4678,-112.7969,5.34,1.5,0.9,03,1609210028,0.8050
2016,9,21,3,40,40,38.4678,-112.7989,5.55,0.1,-0.6,11,1609210029,0.5870
2016,9,21,3,41,15,38.4680,-112.7941,4.20,-0.6,-1.3,20,1609210030,0.4300
2016,9,21,3,42,2,38.4678,-112.7989,5.55,0.1,-0.7,11,1609210031,0.4680
2016,9,21,3,42,44,38.4680,-112.7941,4.20,-0.6,-1.0,20,1609210032,0.5930
2016,9,21,3,42,49,38.4680,-112.7941,4.20,-0.6,-1.3,20,1609210033,0.4390
2016,9,21,3,47,9,38.4678,-112.7969,5.34,1.5,-0.3,03,1609210034,0.6540
2016,9,21,3,49,39,38.4677,-112.7890,2.38,-0.3,-1.7,72,1609210035,0.4630
2016,9,21,3,50,49,38.4678,-112.7989,5.55,0.1,-1.3,11,1609210036,0.4770
2016,9,21,3,51,6,38.4680,-112.7941,4.20,-0.6,-1.4,20,1609210037,0.5790
2016,9,21,3,52,33,38.4698,-112.7871,1.27,-0.1,-0.4,19,1609210038,0.6220
2016,9,21,4,0,34,38.4680,-112.7941,4.20,-0.6,-0.9,20,1609210039,0.7460
2016,9,21,4,1,5,38.4676,-112.7968,5.32,1.0,-0.6,04,1609210040,0.7810
2016,9,21,4,4,4,38.4680,-112.7941,4.20,-0.6,-0.9,20,1609210041,0.5860
2016,9,21,4,4,41,38.4678,-112.7989,5.55,0.1,-0.9,11,1609210042,0.5820
2016,9,21,4,6,52,38.4678,-112.7989,5.55,0.1,-1.4,11,1609210043,0.4580
2016,9,21,4,10,22,38.4680,-112.7941,4.20,-0.6,-1.7,20,1609210044,0.5300
2016,9,21,4,11,11,38.4678,-112.7989,5.55,0.1,-0.7,11,1609210045,0.5230
2016,9,21,4,11,23,38.4676,-112.7968,5.32,1.0,-1.0,04,1609210046,0.3300
2016,9,21,4,11,42,38.4680,-112.7941,4.20,-0.6,-1.0,20,1609210047,0.6170
2016,9,21,4,12,20,38.4680,-112.7941,4.20,-0.6,-1.7,20,1609210048,0.4440
2016,9,21,4,12,44,38.4673,-112.7947,4.39,1.3,-0.0,36,1609210049,0.6610
2016,9,21,4,18,42,38.4678,-112.7969,5.34,1.5,-0.4,03,1609210050,0.4950
2016,9,21,4,19,33,38.4680,-112.7941,4.20,-0.6,-0.9,20,1609210051,0.6480
2016,9,21,4,19,39,38.4680,-112.7960,5.31,1.3,-0.7,14,1609210052,0.4010
2016,9,21,4,20,1,38.4676,-112.7968,5.32,1.0,-1.1,04,1609210053,0.3290
2016,9,21,4,20,10,38.4680,-112.7941,4.20,-0.6,-1.7,20,1609210054,0.4300
2016,9,21,4,20,56,38.4680,-112.7941,4.20,-0.6,-1.5,20,1609210055,0.4530
2016,9,21,4,21,49,38.4678,-112.7989,5.55,0.1,-1.1,11,1609210056,0.6700
2016,9,21,4,22,46,38.4680,-112.7941,4.20,-0.6,-1.2,20,1609210057,0.5680
2016,9,21,4,22,59,38.4680,-112.7941,4.20,-0.6,-1.0,20,1609210058,0.5840
2016,9,21,4,23,13,38.4677,-112.7892,2.44,-0.7,-1.5,58,1609210059,0.5780
2016,9,21,4,23,30,38.4678,-112.7989,5.55,0.1,-1.4,11,1609210060,0.4490
2016,9,21,4,24,15,38.4680,-112.7960,5.31,1.3,-0.9,14,1609210061,0.5760
2016,9,21,4,24,23,38.4678,-112.7969,5.34,1.5,-0.1,03,1609210062,0.6980
2016,9,21,4,25,8,38.4698,-112.7871,1.27,-0.1,-1.0,19,1609210063,0.4560
2016,9,21,4,27,2,38.4680,-112.7941,4.20,-0.6,-0.9,20,1609210064,0.7380
2016,9,21,4,28,39,38.4678,-112.7989,5.55,0.1,-1.4,11,1609210065,0.5460
2016,9,21,4,29,52,38.4680,-112.7941,4.20,-0.6,-1.0,20,1609210066,0.5650
2016,9,21,4,33,59,38.4680,-112.7941,4.20,-0.6,-1.3,20,1609210067,0.5340
2016,9,21,4,35,53,38.4677,-112.7892,2.44,-0.7,-1.8,58,1609210068,0.4730
2016,9,21,4,40,37,38.4680,-112.7941,4.20,-0.6,-1.1,20,1609210069,0.6300
2016,9,21,4,42,12,38.4680,-112.7941,4.20,-0.6,-0.9,20,1609210070,0.6840
2016,9,21,4,42,36,38.4677,-112.7892,2.44,-0.7,-1.4,58,1609210071,0.5660
2016,9,21,4,44,36,38.4680,-112.7941,4.20,-0.6,-1.0,20,1609210072,0.5950
2016,9,21,4,45,59,38.4676,-112.7968,5.32,1.0,-0.1,04,1609210073,0.9410
2016,9,21,4,47,22,38.4680,-112.7941,4.20,-0.6,-1.6,20,1609210074,0.4330
2016,9,21,4,53,25,38.4680,-112.7941,4.20,-0.6,-1.4,20,1609210075,0.4390
2016,9,21,4,54,18,38.4678,-112.7989,5.55,0.1,-1.0,11,1609210076,0.5270
2016,9,21,4,55,6,38.4693,-112.7955,4.78,0.3,-0.1,31,1609210077,0.3450
2016,9,21,4,55,26,38.4677,-112.7892,2.44,-0.7,-1.1,58,1609210078,0.4430
2016,9,21,4,56,20,38.4680,-112.7941,4.20,-0.6,-1.0,20,1609210079,0.6510
2016,9,21,5,0,24,38.4680,-112.7941,4.20,-0.6,-0.9,20,1609210080,0.6220
2016,9,21,5,1,3,38.4680,-112.7941,4.20,-0.6,-1.0,20,1609210081,0.4410
2016,9,21,5,1,54,38.4673,-112.7947,4.39,1.3,-0.2,36,1609210082,0.4540
2016,9,21,5,2,13,38.4678,-112.7989,5.55,0.1,-0.5,11,1609210083,0.7540
2016,9,21,5,4,6,38.4698,-112.7871,1.27,-0.1,-0.5,19,1609210084,0.5570
2016,9,21,5,12,45,38.4680,-112.7941,4.20,-0.6,-1.0,20,1609210085,0.6530
2016,9,21,5,14,19,38.4677,-112.7892,2.44,-0.7,-1.2,58,1609210086,0.5670
2016,9,21,5,16,56,38.4698,-112.7871,1.27,-0.1,-0.6,19,1609210087,0.6150
2016,9,21,5,23,39,38.4680,-112.7941,4.20,-0.6,-1.2,20,1609210088,0.5020
2016,9,21,5,24,13,38.4680,-112.7941,4.20,-0.6,-1.0,20,1609210089,0.6790
2016,9,21,5,36,24,38.4677,-112.7892,2.44,-0.7,-1.6,58,1609210090,0.4900
2016,9,21,5,39,51,38.4678,-112.7989,5.55,0.1,-1.0,11,1609210091,0.4880
2016,9,21,5,40,45,38.4677,-112.7892,2.44,-0.7,-1.1,58,1609210092,0.5460
2016,9,21,5,46,4,38.4698,-112.7871,1.27,-0.1,-0.8,19,1609210093,0.5220
2016,9,21,5,46,25,38.4680,-112.7941,4.20,-0.6,-0.6,20,1609210094,0.8210
2016,9,21,5,46,48,38.4681,-112.7908,3.91,0.2,-0.9,17,1609210095,0.5390
2016,9,21,5,50,3,38.4678,-112.7969,5.34,1.5,-0.2,03,1609210096,0.7140
2016,9,21,5,57,0,38.4664,-112.7945,4.02,-0.0,-1.6,73,1609210097,0.4290
2016,9,21,6,7,49,38.4678,-112.7989,5.55,0.1,-1.4,11,1609210098,0.5210
2016,9,21,6,8,7,38.4677,-112.7892,2.44,-0.7,-1.8,58,1609210099,0.4730
2016,9,21,6,8,32,38.4678,-112.7989,5.55,0.1,-1.5,11,1609210100,0.4950
2016,9,21,6,17,55,38.4677,-112.7892,2.44,-0.7,-1.3,58,1609210101,0.6200
2016,9,21,6,27,52,38.4680,-112.7941,4.20,-0.6,-1.1,20,1609210102,0.6840
2016,9,21,6,29,28,38.4680,-112.7941,4.20,-0.6,-0.9,20,1609210103,0.7110
2016,9,21,6,35,32,38.4698,-112.7871,1.27,-0.1,-1.2,19,1609210104,0.4730
2016,9,21,6,42,1,38.4680,-112.7941,4.20,-0.6,-1.3,20,1609210105,0.5370
2016,9,21,6,43,7,38.4680,-112.7941,4.20,-0.6,-1.3,20,1609210106,0.5370
2016,9,21,7,2,21,38.4660,-112.7899,2.60,-0.3,-1.7,07,1609210107,0.4430
2016,9,21,7,3,42,38.4680,-112.7941,4.20,-0.6,-1.3,20,1609210108,0.4370
2016,9,21,7,4,18,38.4680,-112.7941,4.20,-0.6,-1.1,20,1609210109,0.6900
2016,9,21,7,15,20,38.4693,-112.7955,4.78,0.3,-1.0,31,1609210110,0.3150
2016,9,21,7,20,9,38.4678,-112.7989,5.55,0.1,-0.9,11,1609210111,0.4650
2016,9,21,7,29,0,38.4680,-112.7941,4.20,-0.6,-1.1,20,1609210112,0.6310
2016,9,21,7,29,22,38.4678,-112.7989,5.55,0.1,-0.5,11,1609210113,0.6400
2016,9,21,7,29,31,38.4680,-112.7941,4.20,-0.6,-1.2,20,1609210114,0.5960
2016,9,21,7,29,48,38.4680,-112.7941,4.20,-0.6,-1.1,20,1609210115,0.6150
2016,9,21,7,36,26,38.4678,-112.7989,5.55,0.1,-0.7,11,1609210116,0.6040
2016,9,21,7,41,44,38.4678,-112.7989,5.55,0.1,-0.5,11,1609210117,0.4960
2016,9,21,8,0,1,38.4680,-112.7941,4.20,-0.6,-0.9,20,1609210118,0.7890
2016,9,21,8,3,11,38.4677,-112.7892,2.44,-0.7,-1.7,58,1609210119,0.4490
2016,9,21,8,42,40,38.4680,-112.7941,4.20,-0.6,-0.9,20,1609210120,0.7050
2016,9,21,8,53,39,38.4680,-112.7941,4.20,-0.6,-0.9,20,1609210121,0.5790
2016,9,21,9,32,11,38.4677,-112.7892,2.44,-0.7,-1.3,58,1609210122,0.6190
2016,9,21,9,32,26,38.4680,-112.7941,4.20,-0.6,-1.2,20,1609210123,0.5020
2016,9,21,10,8,42,38.4676,-112.7968,5.32,1.0,-0.6,04,1609210124,0.7000
2016,9,21,10,9,58,38.4678,-112.7989,5.55,0.1,-1.0,11,1609210125,0.5590
2016,9,21,10,45,32,38.4677,-112.7892,2.44,-0.7,-1.0,58,1609210126,0.6320
2016,9,21,11,54,47,38.4680,-112.7941,4.20,-0.6,-1.4,20,1609210127,0.4350
2016,9,21,12,33,31,38.4678,-112.7989,5.55,0.1,-1.0,11,1609210128,0.4640
2016,9,21,12,59,51,38.4698,-112.7871,1.27,-0.1,-1.1,19,1609210129,0.4470
2016,9,21,13,0,43,38.4680,-112.7941,4.20,-0.6,-0.9,20,1609210130,0.7170
2016,9,21,17,35,23,38.4680,-112.7941,4.20,-0.6,-1.2,20,1609210131,0.5060
2016,9,21,17,35,44,38.4680,-112.7941,4.20,-0.6,-1.1,20,1609210132,0.5340
2016,9,21,17,45,13,38.4681,-112.7908,3.91,0.2,-1.1,17,1609210133,0.6040
2016,9,21,17,46,41,38.4680,-112.7941,4.20,-0.6,-1.0,20,1609210134,0.5120
2016,9,21,19,40,58,38.4677,-112.7892,2.44,-0.7,-1.1,58,1609210135,0.4870
2016,9,21,19,42,16,38.4691,-112.7873,1.84,0.0,-0.2,16,1609210136,0.8220
2016,9,21,19,42,22,38.4698,-112.7871,1.27,-0.1,-0.2,19,1609210137,0.5130
2016,9,21,19,45,16,38.4680,-112.7941,4.20,-0.6,-0.9,20,1609210138,0.7020
2016,9,21,19,45,44,38.4681,-112.7908,3.91,0.2,-0.8,17,1609210139,0.4100
2016,9,21,19,48,44,38.4678,-112.7969,5.34,1.5,-0.6,03,1609210140,0.3160
2016,9,21,19,49,26,38.4680,-112.7941,4.20,-0.6,-0.9,20,1609210141,0.7170
2016,9,21,19,50,57,38.4698,-112.7871,1.27,-0.1,-0.8,19,1609210142,0.5080
2016,9,21,19,52,18,38.4664,-112.7945,4.02,-0.0,-1.4,73,1609210143,0.4190
2016,9,21,19,56,59,38.4678,-112.7969,5.34,1.5,-0.6,03,1609210144,0.3150
2016,9,21,20,0,38,38.4680,-112.7941,4.20,-0.6,-1.0,20,1609210145,0.4650
2016,9,21,20,1,57,38.4680,-112.7941,4.20,-0.6,-1.1,20,1609210146,0.5130
2016,9,21,20,10,12,38.4678,-112.7989,5.55,0.1,-1.1,11,1609210147,0.6010
2016,9,21,20,11,44,38.4677,-112.7892,2.44,-0.7,-1.1,58,1609210148,0.5000
2016,9,21,20,23,23,38.4680,-112.7941,4.20,-0.6,-1.0,20,1609210149,0.6600
2016,9,21,20,24,43,38.4698,-112.7871,1.27,-0.1,-0.9,19,1609210150,0.5200
2016,9,21,20,29,42,38.4677,-112.7892,2.44,-0.7,-1.4,58,1609210151,0.4720
2016,9,21,20,52,11,38.4680,-112.7941,4.20,-0.6,-0.9,20,1609210152,0.6860
2016,9,21,21,20,43,38.4680,-112.7960,5.31,1.3,0.0,14,1609210153,0.8060
2016,9,21,21,42,8,38.4680,-112.7960,5.31,1.3,-0.8,14,1609210154,0.5210
2016,9,21,21,44,59,38.4680,-112.7941,4.20,-0.6,-1.2,20,1609210155,0.4370
2016,9,21,21,46,31,38.4681,-112.7908,3.91,0.2,-0.7,17,1609210156,0.5970
2016,9,21,23,3,41,38.4680,-112.7960,5.31,1.3,-0.7,14,1609210157,0.5840
2016,9,21,23,9,5,38.4678,-112.7989,5.55,0.1,-1.0,11,1609210158,0.5700
2016,9,21,23,24,37,38.4652,-112.7929,3.65,0.2,-1.3,09,1609210159,0.3830
2016,9,21,23,42,20,38.4680,-112.7941,4.20,-0.6,-0.9,20,1609210160,0.7310
2016,9,22,0,3,5,38.4680,-112.7941,4.20,-0.6,-0.9,20,1609220001,0.5830
2016,9,22,0,18,58,38.4680,-112.7941,4.20,-0.6,-1.1,20,1609220002,0.6240
2016,9,22,0,26,37,38.4680,-112.7941,4.20,-0.6,-0.7,20,1609220003,0.6070
2016,9,22,0,50,55,38.4694,-112.7879,2.18,-0.4,-0.1,15,1609220004,0.7790
2016,9,22,0,51,25,38.4698,-112.7871,1.27,-0.1,-0.3,19,1609220005,0.5170
2016,9,22,1,7,42,38.4681,-112.7908,3.91,0.2,-0.6,17,1609220006,0.6390
2016,9,22,1,19,56,38.4680,-112.7941,4.20,-0.6,-1.0,20,1609220007,0.4810
2016,9,22,2,47,46,38.4678,-112.7989,5.55,0.1,-0.5,11,1609220008,0.4720
2016,9,22,3,23,36,38.4676,-112.7968,5.32,1.0,-0.2,04,1609220009,0.7670
2016,9,22,4,25,10,38.4664,-112.7945,4.02,-0.0,-1.3,73,1609220010,0.4490
2016,9,22,4,41,42,38.4677,-112.7892,2.44,-0.7,-1.6,58,1609220011,0.6360
2016,9,22,4,42,8,38.4677,-112.7892,2.44,-0.7,-1.4,58,1609220012,0.6180
2016,9,22,4,42,33,38.4698,-112.7871,1.27,-0.1,-0.9,19,1609220013,0.4810
2016,9,22,4,42,44,38.4664,-112.7945,4.02,-0.0,-1.3,73,1609220014,0.4890
2016,9,22,4,44,34,38.4677,-112.7890,2.38,-0.3,-1.1,72,1609220015,0.6280
2016,9,22,4,46,14,38.4680,-112.7941,4.20,-0.6,-1.4,20,1609220016,0.5740
2016,9,22,4,52,15,38.4677,-112.7892,2.44,-0.7,-0.9,58,1609220017,0.6020
2016,9,22,5,6,48,38.4677,-112.7892,2.44,-0.7,-1.7,58,1609220018,0.4480
2016,9,22,5,15,57,38.4680,-112.7941,4.20,-0.6,-1.4,20,1609220019,0.5500
2016,9,22,5,33,0,38.4677,-112.7892,2.44,-0.7,-0.6,58,1609220020,0.7040
2016,9,22,6,12,25,38.4677,-112.7890,2.38,-0.3,-1.4,72,1609220021,0.5950
2016,9,22,6,28,56,38.4680,-112.7941,4.20,-0.6,-1.5,20,1609220022,0.5810
2016,9,22,6,55,33,38.4677,-112.7892,2.44,-0.7,-1.3,58,1609220023,0.7010
2016,9,22,6,56,34,38.4677,-112.7892,2.44,-0.7,-1.8,58,1609220024,0.4710
2016,9,22,8,17,32,38.4678,-112.7989,5.55,0.1,-1.0,11,1609220025,0.4860
2016,9,22,8,25,28,38.4680,-112.7960,5.31,1.3,0.2,14,1609220026,0.7960
2016,9,22,8,35,18,38.4686,-112.7892,3.60,-0.1,-0.7,18,1609220027,0.6680
2016,9,22,9,27,6,38.4681,-112.7908,3.91,0.2,-1.2,17,1609220028,0.4950
2016,9,22,10,51,46,38.4680,-112.7960,5.31,1.3,-0.9,14,1609220029,0.5650
2016,9,22,10,51,56,38.4680,-112.7941,4.20,-0.6,-1.5,20,1609220030,0.4340
2016,9,22,11,16,48,38.4664,-112.7945,4.02,-0.0,-1.5,73,1609220031,0.5040
2016,9,22,11,22,43,38.4680,-112.7960,5.31,1.3,-1.1,14,1609220032,0.5940
2016,9,22,11,32,40,38.4677,-112.7892,2.44,-0.7,-1.5,58,1609220033,0.6040
2016,9,22,11,38,14,38.4677,-112.7890,2.38,-0.3,-1.6,72,1609220034,0.4670
2016,9,22,11,43,29,38.4678,-112.7989,5.55,0.1,-0.8,11,1609220035,0.5640
2016,9,22,12,29,26,38.4680,-112.7941,4.20,-0.6,-0.7,20,1609220036,0.8170
2016,9,22,12,51,5,38.4677,-112.7892,2.44,-0.7,-1.7,58,1609220037,0.5800
2016,9,22,13,45,52,38.4677,-112.7892,2.44,-0.7,-1.3,58,1609220038,0.6740
2016,9,22,13,52,0,38.4678,-112.7989,5.55,0.1,-1.0,11,1609220039,0.4850
2016,9,22,14,14,38,38.4680,-112.7941,4.20,-0.6,-1.4,20,1609220040,0.4850
2016,9,22,14,25,5,38.4680,-112.7941,4.20,-0.6,-1.6,20,1609220041,0.5190
2016,9,22,14,45,7,38.4680,-112.7960,5.31,1.3,-0.8,14,1609220042,0.6280
2016,9,22,14,51,55,38.4680,-112.7960,5.31,1.3,-0.3,14,1609220043,0.7990
2016,9,22,17,6,10,38.4678,-112.7989,5.55,0.1,-1.2,11,1609220044,0.4850
2016,9,23,0,47,50,38.4680,-112.7960,5.31,1.3,-0.9,14,1609230001,0.5400
2016,9,23,10,50,55,38.4680,-112.7941,4.20,-0.6,-1.8,20,1609230002,0.5010
2016,9,23,17,13,0,38.4676,-112.7968,5.32,1.0,-0.1,04,1609230003,0.3090
2016,9,24,18,44,12,38.4677,-112.7890,2.38,-0.3,-0.9,72,1609240001,0.4530
2016,9,24,18,47,44,38.4677,-112.7890,2.38,-0.3,-1.5,72,1609240002,0.4420
2016,9,25,5,19,17,38.4678,-112.7969,5.34,1.5,-0.3,03,1609250001,0.3010
2016,9,25,5,57,25,38.4680,-112.7960,5.31,1.3,-0.8,14,1609250002,0.3970
2016,9,25,8,40,59,38.4678,-112.7989,5.55,0.1,-1.4,11,1609250003,0.5000
2016,9,25,10,51,50,38.4678,-112.7989,5.55,0.1,-1.5,11,1609250004,0.4850
2016,9,25,11,9,2,38.4678,-112.7989,5.55,0.1,-1.1,11,1609250005,0.5140
2016,9,25,13,21,25,38.4698,-112.7871,1.27,-0.1,-0.8,19,1609250006,0.5020
2016,9,25,15,4,1,38.4680,-112.7941,4.20,-0.6,-1.4,20,1609250007,0.5140
2016,9,26,0,17,6,38.4678,-112.7989,5.55,0.1,-1.2,11,1609260001,0.4660
2016,9,26,5,7,58,38.4677,-112.7890,2.38,-0.3,-1.1,72,1609260002,0.4380
2016,9,26,7,28,33,38.4677,-112.7892,2.44,-0.7,-1.7,58,1609260003,0.4190
2016,9,26,9,36,32,38.4698,-112.7871,1.27,-0.1,0.1,19,1609260004,0.4950
2016,9,26,9,36,37,38.4677,-112.7890,2.38,-0.3,-1.1,72,1609260005,0.5110
2016,9,26,9,36,53,38.4677,-112.7892,2.44,-0.7,-1.0,58,1609260006,0.4860
2016,9,26,9,38,4,38.4698,-112.7871,1.27,-0.1,-0.3,19,1609260007,0.4780
2016,9,26,9,52,35,38.4677,-112.7892,2.44,-0.7,-1.9,58,1609260008,0.4930
2016,9,26,9,54,47,38.4664,-112.7945,4.02,-0.0,-0.6,73,1609260009,0.4450
2016,9,26,9,56,38,38.4677,-112.7890,2.38,-0.3,-1.2,72,1609260010,0.4570
2016,9,26,10,35,17,38.4698,-112.7871,1.27,-0.1,-0.6,19,1609260011,0.4150
2016,9,26,10,58,45,38.4680,-112.7941,4.20,-0.6,-0.6,20,1609260012,0.4560
2016,9,26,11,6,50,38.4678,-112.7989,5.55,0.1,-1.0,11,1609260013,0.5360
2016,9,26,11,39,30,38.4677,-112.7892,2.44,-0.7,-1.6,58,1609260014,0.4590
2016,9,26,11,40,13,38.4660,-112.7899,2.60,-0.3,-1.6,07,1609260015,0.3840
2016,9,26,12,0,20,38.4678,-112.7989,5.55,0.1,-0.4,11,1609260016,0.5190
2016,9,26,12,20,47,38.4678,-112.7989,5.55,0.1,-0.3,11,1609260017,0.6360
2016,9,26,12,39,22,38.4698,-112.7871,1.27,-0.1,-0.4,19,1609260018,0.5460
2016,9,26,13,37,36,38.4677,-112.7892,2.44,-0.7,-0.6,58,1609260019,0.4830
2016,9,26,16,54,30,38.4664,-112.7945,4.02,-0.0,-1.4,73,1609260020,0.4380
2016,9,26,16,54,42,38.4664,-112.7945,4.02,-0.0,-1.0,73,1609260021,0.4370
2016,9,26,17,54,51,38.4698,-112.7871,1.27,-0.1,0.1,19,1609260022,0.5470
2016,9,26,17,54,59,38.4677,-112.7892,2.44,-0.7,-0.6,58,1609260023,0.4870
2016,9,26,17,57,35,38.4664,-112.7945,4.02,-0.0,-1.1,73,1609260024,0.4360
2016,9,26,18,3,39,38.4677,-112.7892,2.44,-0.7,0.4,58,1609260025,0.5650
2016,9,26,19,25,55,38.4676,-112.7968,5.32,1.0,-1.1,04,1609260026,0.3020
2016,9,26,19,38,54,38.4698,-112.7871,1.27,-0.1,-1.1,19,1609260027,0.5090
2016,9,26,19,58,34,38.4698,-112.7871,1.27,-0.1,-0.8,19,1609260028,0.5050
2016,9,26,20,8,19,38.4673,-112.7947,4.39,1.3,-0.1,36,1609260029,0.4660
2016,9,26,20,19,32,38.4680,-112.7960,5.31,1.3,-1.1,14,1609260030,0.3840
2016,9,26,20,19,39,38.4678,-112.7989,5.55,0.1,-1.2,11,1609260031,0.4460
2016,9,26,20,19,43,38.4673,-112.7947,4.39,1.3,-0.4,36,1609260032,0.4840
2016,9,26,20,20,27,38.4677,-112.7892,2.44,-0.7,-1.5,58,1609260033,0.4650
2016,9,26,20,20,32,38.4680,-112.7960,5.31,1.3,-0.5,14,1609260034,0.4990
2016,9,26,20,21,16,38.4673,-112.7947,4.39,1.3,0.0,36,1609260035,0.5620
2016,9,26,22,2,7,38.4677,-112.7892,2.44,-0.7,-1.1,58,1609260036,0.5470
2016,9,26,22,17,8,38.4677,-112.7892,2.44,-0.7,-1.1,58,1609260037,0.4750
2016,9,26,22,17,22,38.4677,-112.7890,2.38,-0.3,-1.1,72,1609260038,0.4360
2016,9,26,22,18,44,38.4678,-112.7989,5.55,0.1,-1.1,11,1609260039,0.4980
2016,9,26,22,23,26,38.4677,-112.7890,2.38,-0.3,-0.9,72,1609260040,0.4330
2016,9,26,22,34,7,38.4698,-112.7871,1.27,-0.1,-1.0,19,1609260041,0.4670
2016,9,27,1,4,56,38.4698,-112.7871,1.27,-0.1,0.3,19,1609270001,0.5110
2016,9,27,2,57,16,38.4680,-112.7941,4.20,-0.6,-1.0,20,1609270002,0.4530
2016,9,27,2,57,26,38.4677,-112.7892,2.44,-0.7,-0.1,58,1609270003,0.5500
2016,9,27,3,34,13,38.4677,-112.7892,2.44,-0.7,-0.4,58,1609270004,0.5670
2016,9,27,3,34,22,38.4678,-112.7989,5.55,0.1,-0.9,11,1609270005,0.4850
2016,9,27,5,5,51,38.4658,-112.7907,2.86,0.2,-1.6,08,1609270006,0.3590
2016,9,27,12,6,31,38.4677,-112.7892,2.44,-0.7,0.4,58,1609270007,0.5660
2016,9,27,13,35,38,38.4677,-112.7892,2.44,-0.7,-1.2,58,1609270008,0.5190
2016,9,27,13,35,46,38.4664,-112.7945,4.02,-0.0,0.0,73,1609270009,0.6150
2016,9,27,13,37,4,38.4677,-112.7892,2.44,-0.7,-1.8,58,1609270010,0.4520
2016,9,27,13,39,31,38.4677,-112.7892,2.44,-0.7,-1.2,58,1609270011,0.5540
2016,9,27,13,40,7,38.4677,-112.7892,2.44,-0.7,-1.4,58,1609270012,0.4580
2016,9,27,15,31,27,38.4677,-112.7892,2.44,-0.7,-0.8,58,1609270013,0.4380
2016,9,27,16,3,38,38.4677,-112.7892,2.44,-0.7,-0.7,58,1609270014,0.5010
2016,9,27,17,35,34,38.4677,-112.7892,2.44,-0.7,-1.5,58,1609270015,0.5050
2016,9,27,18,18,30,38.4673,-112.7947,4.39,1.3,1.0,36,1609270016,0.5210
2016,9,27,18,23,33,38.4678,-112.7989,5.55,0.1,-0.9,11,1609270017,0.4380
2016,9,27,19,9,59,38.4680,-112.7941,4.20,-0.6,-1.4,20,1609270018,0.5040
2016,9,27,19,14,44,38.4698,-112.7871,1.27,-0.1,-0.6,19,1609270019,0.5040
2016,9,27,19,37,10,38.4677,-112.7892,2.44,-0.7,-1.2,58,1609270020,0.4620
2016,9,27,20,41,39,38.4664,-112.7945,4.02,-0.0,-1.2,73,1609270021,0.4830
2016,9,27,20,56,30,38.4680,-112.7960,5.31,1.3,-1.3,14,1609270022,0.4490
2016,9,27,20,56,54,38.4698,-112.7871,1.27,-0.1,-0.9,19,1609270023,0.4860
2016,9,27,21,19,42,38.4677,-112.7892,2.44,-0.7,-1.3,58,1609270024,0.4900
2016,9,27,21,25,31,38.4677,-112.7892,2.44,-0.7,-2.0,58,1609270025,0.4270
2016,9,27,21,35,22,38.4678,-112.7969,5.34,1.5,-0.9,03,1609270026,0.3200
2016,9,27,22,14,39,38.4678,-112.7989,5.55,0.1,-1.2,11,1609270027,0.4480
2016,9,27,22,53,39,38.4677,-112.7892,2.44,-0.7,-1.3,58,1609270028,0.4650
2016,9,27,23,44,2,38.4660,-112.7899,2.60,-0.3,-1.7,07,1609270029,0.4610
2016,9,28,1,11,51,38.4677,-112.7892,2.44,-0.7,-0.5,58,1609280001,0.4940
2016,9,28,3,19,6,38.4677,-112.7892,2.44,-0.7,-1.0,58,1609280002,0.5350
2016,9,28,3,20,38,38.4698,-112.7871,1.27,-0.1,-0.7,19,1609280003,0.4920
2016,9,28,4,14,12,38.4680,-112.7941,4.20,-0.6,-1.1,20,1609280004,0.4450
2016,9,28,6,19,31,38.4678,-112.7989,5.55,0.1,-1.1,11,1609280005,0.4930
2016,9,28,7,45,53,38.4680,-112.7941,4.20,-0.6,-1.5,20,1609280006,0.4630
2016,9,28,12,12,17,38.4677,-112.7892,2.44,-0.7,-1.5,58,1609280008,0.4820
2016,9,28,13,47,35,38.4677,-112.7892,2.44,-0.7,-0.4,58,1609280009,0.5780
2016,9,28,20,23,53,38.4677,-112.7892,2.44,-0.7,-1.4,58,1609280010,0.4670
2016,9,29,5,46,36,38.4698,-112.7871,1.27,-0.1,-0.2,19,1609290001,0.4900
2016,9,29,7,44,57,38.4698,-112.7871,1.27,-0.1,-0.1,19,1609290002,0.4580
2016,9,29,10,43,4,38.4677,-112.7892,2.44,-0.7,-1.3,58,1609290003,0.4620
2016,9,29,15,7,55,38.4677,-112.7892,2.44,-0.7,-1.1,58,1609290004,0.5430
2016,9,29,15,9,48,38.4677,-112.7892,2.44,-0.7,-1.2,58,1609290005,0.4690
2016,9,29,15,23,16,38.4676,-112.7962,3.97,-0.7,-1.4,33,1609290006,0.4140
2016,9,29,15,24,50,38.4678,-112.7989,5.55,0.1,-0.3,11,1609290007,0.5100
2016,9,29,15,24,58,38.4698,-112.7871,1.27,-0.1,-1.0,19,1609290008,0.4230
2016,9,29,16,0,53,38.4677,-112.7892,2.44,-0.7,-1.5,58,1609290009,0.4860
2016,9,29,16,1,31,38.4698,-112.7871,1.27,-0.1,-1.0,19,1609290010,0.4710
2016,9,29,16,16,56,38.4678,-112.7989,5.55,0.1,-0.9,11,1609290011,0.5250
2016,9,29,22,35,59,38.4678,-112.7989,5.55,0.1,-0.8,11,1609290012,0.4860
2016,10,2,13,39,27,38.4673,-112.7947,4.39,1.3,-0.0,36,1610020001,0.4340
2016,10,27,20,18,40,38.4664,-112.7945,4.02,-0.0,-1.2,73,1610270001,0.4090
2016,11,26,2,28,3,38.4695,-112.7853,3.10,-0.3,-0.9,06,1611260001,0.4580
2016,11,26,2,28,36,38.4695,-112.7853,3.10,-0.3,-0.9,06,1611260002,0.4790
2016,11,26,2,29,18,38.4695,-112.7853,3.10,-0.3,-0.8,06,1611260003,0.4610
2016,11,26,2,29,54,38.4695,-112.7853,3.10,-0.3,-1.1,06,1611260004,0.2830
2016,11,26,2,33,58,38.4695,-112.7853,3.10,-0.3,-0.4,06,1611260005,0.5830
2016,11,28,10,48,53,38.4673,-112.7947,4.39,1.3,-0.1,36,1611280001,0.2550
2016,12,7,17,39,19,38.4677,-112.7892,2.44,-0.7,-1.2,58,1612070001,0.2580
2016,12,7,18,14,30,38.4677,-112.7892,2.44,-0.7,-1.0,58,1612070002,0.4140
2016,12,7,22,10,30,38.4680,-112.7912,3.12,-0.8,-1.1,53,1612070003,0.4010
2016,12,7,23,22,59,38.4678,-112.7969,5.34,1.5,-0.7,03,1612070004,0.3280
2016,12,7,23,59,21,38.4665,-112.7947,4.31,0.8,-1.4,44,1612070005,0.2860
2016,12,8,23,53,36,38.4674,-112.7935,3.90,0.1,-0.7,49,1612080001,0.2140
2016,12,8,23,54,57,38.4673,-112.7947,4.39,1.3,-0.2,36,1612080002,0.2350
2016,12,8,23,56,1,38.4673,-112.7947,4.39,1.3,-0.0,36,1612080003,0.2280
2016,12,8,23,56,35,38.4678,-112.7969,5.34,1.5,-0.7,03,1612080004,0.3300
2016,12,9,2,32,3,38.4677,-112.7892,2.44,-0.7,-0.9,58,1612090001,0.4130
2016,12,11,18,59,48,38.4685,-112.7930,3.65,-0.4,-1.2,38,1612110001,0.3500
2016,12,12,7,33,36,38.4671,-112.7894,2.44,-0.8,-1.2,71,1612120001,0.4550
2016,12,12,8,36,19,38.4670,-112.7915,3.25,-0.4,-1.2,63,1612120002,0.2900
2016,12,12,9,44,53,38.4671,-112.7913,3.17,-0.4,-0.9,59,1612120003,0.2930
2016,12,12,10,42,30,38.4671,-112.7894,2.44,-0.8,-1.4,71,1612120004,0.3860
2016,12,12,10,46,0,38.4671,-112.7894,2.44,-0.8,-1.3,71,1612120005,0.4530
2016,12,12,11,6,0,38.4677,-112.7892,2.44,-0.7,-1.1,58,1612120006,0.2610
2016,12,12,11,9,14,38.4677,-112.7892,2.44,-0.7,-1.0,58,1612120007,0.2670
2016,12,12,11,15,24,38.4678,-112.7969,5.34,1.5,-0.2,03,1612120008,0.3580
2016,12,12,11,43,54,38.4671,-112.7894,2.44,-0.8,-1.6,71,1612120009,0.3740
2016,12,13,22,34,31,38.4691,-112.7908,4.45,-0.4,-0.8,10,1612130001,0.2920
2016,12,14,1,42,43,38.4679,-112.7962,5.32,1.4,-0.7,05,1612140001,0.3780
2016,12,19,6,11,42,38.4677,-112.7892,2.44,-0.7,-1.5,58,1612190001,0.3480
2016,12,19,6,12,53,38.4658,-112.7907,2.86,0.2,-0.8,08,1612190002,0.5640
2016,12,19,6,13,8,38.4671,-112.7894,2.44,-0.8,-1.8,71,1612190003,0.3830
2016,12,19,6,30,33,38.4658,-112.7907,2.86,0.2,-1.3,08,1612190004,0.3190
2016,12,19,6,30,41,38.4658,-112.7907,2.86,0.2,-1.0,08,1612190005,0.6170
2016,12,19,6,50,8,38.4658,-112.7907,2.86,0.2,-0.9,08,1612190006,0.5910
2016,12,19,7,27,51,38.4658,-112.7907,2.86,0.2,-0.8,08,1612190007,0.6610
2016,12,19,8,24,8,38.4658,-112.7907,2.86,0.2,-1.3,08,1612190008,0.5560
2016,12,19,9,53,30,38.4660,-112.7899,2.60,-0.3,-1.8,07,1612190009,0.3210
2016,12,19,10,19,43,38.4658,-112.7907,2.86,0.2,-0.9,08,1612190010,0.7270
2016,12,19,10,19,49,38.4658,-112.7907,2.86,0.2,-1.7,08,1612190011,0.3590
2016,12,19,10,55,3,38.4658,-112.7907,2.86,0.2,-1.0,08,1612190012,0.5440
2016,12,19,12,49,45,38.4658,-112.7907,2.86,0.2,-1.7,08,1612190013,0.2750
2016,12,19,14,7,41,38.4658,-112.7907,2.86,0.2,-1.5,08,1612190014,0.3820
2016,12,19,16,42,24,38.4671,-112.7894,2.44,-0.8,-1.7,71,1612190015,0.3650
2016,12,22,2,51,46,38.4677,-112.7892,2.44,-0.7,-0.9,58,1612220001,0.3280
2016,12,22,3,8,37,38.4665,-112.7947,4.31,0.8,-1.2,44,1612220002,0.3120
2016,12,22,5,55,7,38.4677,-112.7890,2.38,-0.3,-0.9,72,1612220003,0.3700
2016,12,22,9,21,59,38.4665,-112.7900,2.59,0.1,-1.2,23,1612220004,0.3080
2016,12,24,14,28,23,38.4677,-112.7892,2.44,-0.7,-1.3,58,1612240001,0.3740
2016,12,24,18,10,48,38.4678,-112.7969,5.34,1.5,-0.8,03,1612240002,0.3180
2016,12,24,19,52,10,38.4677,-112.7892,2.44,-0.7,-0.3,58,1612240003,0.2970
2016,12,24,20,19,54,38.4677,-112.7890,2.38,-0.3,-1.2,72,1612240004,0.3990
2016,12,24,22,1,32,38.4677,-112.7892,2.44,-0.7,-0.6,58,1612240005,0.6060
2016,12,25,1,22,47,38.4658,-112.7907,2.86,0.2,-1.0,08,1612250001,0.3510
2016,12,25,4,46,11,38.4671,-112.7894,2.44,-0.8,-1.6,71,1612250002,0.4250
2016,12,25,9,9,38,38.4673,-112.7947,4.39,1.3,0.1,36,1612250003,0.3040
2016,12,28,3,51,13,38.4698,-112.7871,1.27,-0.1,-0.4,19,1612280001,0.3350
2016,12,28,4,27,28,38.4691,-112.7908,4.45,-0.4,-0.9,10,1612280002,0.2900
2016,12,28,4,59,20,38.4680,-112.7960,5.31,1.3,-0.8,14,1612280003,0.2790
2016,12,28,5,14,59,38.4691,-112.7908,4.45,-0.4,-0.7,10,1612280004,0.3640
2016,12,28,6,26,23,38.4678,-112.7989,5.55,0.1,-0.4,11,1612280005,0.3970
2016,12,28,15,11,39,38.4691,-112.7908,4.45,-0.4,-0.6,10,1612280006,0.3810
2016,12,29,7,12,57,38.4678,-112.7989,5.55,0.1,-1.2,11,1612290001,0.2980
2016,12,29,7,38,42,38.4678,-112.7989,5.55,0.1,-1.0,11,1612290002,0.3450
2016,12,29,7,58,20,38.4691,-112.7908,4.45,-0.4,-1.3,10,1612290003,0.3490
2016,12,29,8,25,23,38.4678,-112.7989,5.55,0.1,-1.2,11,1612290004,0.3230
2016,12,29,8,34,13,38.4691,-112.7908,4.45,-0.4,-1.2,10,1612290005,0.4310
2016,12,29,8,43,12,38.4691,-112.7908,4.45,-0.4,-0.9,10,1612290006,0.5670
2016,12,29,8,47,1,38.4691,-112.7908,4.45,-0.4,-1.2,10,1612290007,0.3670
2016,12,29,8,55,30,38.4691,-112.7908,4.45,-0.4,-1.3,10,1612290008,0.3150
2016,12,29,9,12,34,38.4691,-112.7908,4.45,-0.4,-1.4,10,1612290009,0.2820
2016,12,29,9,14,45,38.4678,-112.7989,5.55,0.1,-1.0,11,1612290010,0.3620
2016,12,29,9,21,56,38.4691,-112.7908,4.45,-0.4,-0.9,10,1612290011,0.4560
2016,12,29,9,47,32,38.4691,-112.7908,4.45,-0.4,-1.3,10,1612290012,0.2720
2016,12,29,9,59,59,38.4691,-112.7908,4.45,-0.4,-0.8,10,1612290013,0.5940
2016,12,29,10,34,20,38.4691,-112.7908,4.45,-0.4,-1.5,10,1612290014,0.3010
2016,12,29,10,37,24,38.4691,-112.7908,4.45,-0.4,-1.6,10,1612290015,0.3110
2016,12,29,10,41,11,38.4691,-112.7908,4.45,-0.4,-1.3,10,1612290016,0.3910
2016,12,29,10,45,48,38.4678,-112.7989,5.55,0.1,-1.1,11,1612290017,0.3320
2016,12,29,10,55,24,38.4691,-112.7908,4.45,-0.4,-1.4,10,1612290018,0.4050
2016,12,29,11,12,7,38.4691,-112.7908,4.45,-0.4,-1.3,10,1612290019,0.3700
2016,12,29,11,40,51,38.4691,-112.7908,4.45,-0.4,-0.9,10,1612290020,0.5700
2016,12,29,12,7,40,38.4691,-112.7908,4.45,-0.4,-1.4,10,1612290021,0.4080
2016,12,31,3,39,28,38.4691,-112.7908,4.45,-0.4,-0.6,10,1612310001,0.4680
2017,1,1,12,50,54,38.4679,-112.7961,4.88,1.1,-1.5,39,1701010001,0.3290
2017,1,1,17,11,15,38.4676,-112.7968,5.32,1.0,-1.6,04,1701010002,0.3770
2017,1,1,22,24,28,38.4673,-112.7947,4.39,1.3,-1.1,36,1701010006,0.2770
2017,1,3,9,57,36,38.4691,-112.7908,4.45,-0.4,-0.8,10,1701030001,0.3450
2017,1,6,22,21,34,38.4678,-112.7989,5.55,0.1,-1.0,11,1701060001,0.4190
2017,1,6,23,50,1,38.4678,-112.7989,5.55,0.1,-1.2,11,1701060002,0.3590
2017,1,18,1,54,2,38.4691,-112.7908,4.45,-0.4,-1.0,10,1701180001,0.4330
2017,1,18,2,32,29,38.4691,-112.7908,4.45,-0.4,-1.3,10,1701180002,0.3240
2017,3,9,10,24,6,38.4677,-112.7892,2.44,-0.7,-1.5,58,1703090001,0.3260
2017,3,11,11,7,15,38.4693,-112.7955,4.78,0.3,-0.9,31,1703110001,0.2660
2017,3,11,11,7,44,38.4676,-112.7968,5.32,1.0,-0.5,04,1703110002,0.5320
2017,3,11,11,8,16,38.4678,-112.7989,5.55,0.1,-0.4,11,1703110003,0.6870
2017,3,11,11,8,30,38.4676,-112.7968,5.32,1.0,-0.5,04,1703110004,0.3470
2017,3,11,11,16,22,38.4678,-112.7989,5.55,0.1,-0.9,11,1703110005,0.2820
2017,3,11,11,36,40,38.4678,-112.7989,5.55,0.1,-0.9,11,1703110006,0.5130
2017,3,16,4,58,22,38.4658,-112.7907,2.86,0.2,-0.9,08,1703160001,0.2720
2017,3,16,9,30,38,38.4671,-112.7894,2.44,-0.8,-1.3,71,1703160002,0.5060
2017,3,16,9,58,30,38.4669,-112.7910,3.06,-0.4,-1.5,70,1703160003,0.2990
2017,3,16,10,46,11,38.4678,-112.7969,5.34,1.5,-0.5,03,1703160004,0.3290
2017,3,16,11,8,2,38.4677,-112.7892,2.44,-0.7,-1.3,58,1703160005,0.3450
2017,3,16,12,45,42,38.4677,-112.7892,2.44,-0.7,-0.9,58,1703160006,0.5320
2017,3,24,4,40,52,38.4673,-112.7947,4.39,1.3,-0.8,36,1703240001,0.2630
2017,3,25,6,51,42,38.4680,-112.7960,5.31,1.3,-1.2,14,1703250001,0.2570
2017,3,26,15,14,29,38.4677,-112.7892,2.44,-0.7,-1.1,58,1703260001,0.2950
2017,3,26,15,15,37,38.4664,-112.7945,4.02,-0.0,-0.5,73,1703260002,0.2860
2017,3,26,15,15,51,38.4680,-112.7960,5.31,1.3,-0.2,14,1703260003,0.2700
2017,3,26,15,20,4,38.4680,-112.7924,3.66,0.4,-0.3,34,1703260004,0.2930
2017,3,26,15,47,39,38.4677,-112.7892,2.44,-0.7,-1.3,58,1703260005,0.4730
2017,3,26,15,47,50,38.4682,-112.7903,2.81,-0.6,-1.6,57,1703260006,0.4630
2017,3,26,18,49,4,38.4682,-112.7903,2.81,-0.6,-1.5,57,1703260007,0.5020
2017,3,26,19,48,48,38.4680,-112.7960,5.31,1.3,-1.5,14,1703260008,0.3640
2017,3,26,19,55,17,38.4678,-112.7989,5.55,0.1,-0.8,11,1703260009,0.4780
2017,3,30,16,10,25,38.4683,-112.7887,2.23,0.3,-1.3,40,1703300001,0.4070
2017,4,2,20,21,50,38.4673,-112.7947,4.39,1.3,-0.5,36,1704020001,0.2760
2017,5,6,2,56,31,38.4645,-112.8015,5.49,-0.3,-1.0,12,1705060001,0.2480
2017,5,21,0,55,59,38.4660,-112.7899,2.60,-0.3,-0.9,07,1705210001,0.2530
2017,5,21,0,56,10,38.4660,-112.7899,2.60,-0.3,-0.8,07,1705210002,0.2550
2017,5,21,0,57,1,38.4653,-112.8020,4.70,-1.0,-1.2,13,1705210003,0.3540
2017,5,21,1,32,12,38.4653,-112.8020,4.70,-1.0,-0.9,13,1705210004,0.4820
2017,5,21,4,21,24,38.4645,-112.8015,5.49,-0.3,-1.0,12,1705210005,0.5150
2017,5,21,7,2,35,38.4645,-112.8015,5.49,-0.3,-1.8,12,1705210006,0.5360
2017,5,21,8,7,27,38.4645,-112.8015,5.49,-0.3,-1.3,12,1705210007,0.6870
2017,5,21,8,22,32,38.4653,-112.8020,4.70,-1.0,-1.7,13,1705210009,0.5120
2017,5,21,8,22,37,38.4645,-112.8015,5.49,-0.3,-1.8,12,1705210010,0.2210
2017,5,21,8,23,51,38.4645,-112.8015,5.49,-0.3,-1.7,12,1705210011,0.5780
2017,5,21,8,37,14,38.4653,-112.8020,4.70,-1.0,-1.3,13,1705210012,0.5900
2017,5,21,8,37,23,38.4645,-112.8015,5.49,-0.3,-1.4,12,1705210013,0.7870
2017,5,21,8,37,42,38.4645,-112.8015,5.49,-0.3,-1.6,12,1705210015,0.6450
2017,5,21,8,37,52,38.4653,-112.8020,4.70,-1.0,-1.4,13,1705210016,0.6680
2017,5,21,8,37,58,38.4653,-112.8020,4.70,-1.0,-1.8,13,1705210017,0.4320
2017,5,21,8,38,12,38.4645,-112.8015,5.49,-0.3,-1.7,12,1705210018,0.2310
2017,5,21,8,38,49,38.4645,-112.8015,5.49,-0.3,-1.8,12,1705210019,0.3330
2017,5,21,8,39,24,38.4653,-112.8020,4.70,-1.0,-1.8,13,1705210020,0.4400
2017,5,21,8,49,3,38.4653,-112.8020,4.70,-1.0,-1.8,13,1705210022,0.4200
2017,5,21,8,56,38,38.4641,-112.8014,5.49,0.8,-1.5,24,1705210023,0.2620
2017,5,21,9,3,13,38.4653,-112.8020,4.70,-1.0,-2.0,13,1705210024,0.3020
2017,5,21,9,13,38,38.4645,-112.8015,5.49,-0.3,-1.7,12,1705210025,0.3890
2017,5,21,9,21,52,38.4658,-112.7907,2.86,0.2,-1.3,08,1705210026,0.3030
2017,5,21,10,49,59,38.4653,-112.8020,4.70,-1.0,-1.7,13,1705210027,0.3340
2017,5,21,12,3,31,38.4658,-112.7907,2.86,0.2,-1.1,08,1705210028,0.3560
2017,5,21,12,16,23,38.4645,-112.8015,5.49,-0.3,-1.7,12,1705210029,0.3520
2017,5,21,12,27,44,38.4645,-112.8015,5.49,-0.3,-1.9,12,1705210030,0.2850
2017,5,21,12,28,13,38.4658,-112.7907,2.86,0.2,-1.1,08,1705210031,0.4020
2017,5,21,12,39,19,38.4658,-112.7907,2.86,0.2,-1.1,08,1705210032,0.2850
2017,5,21,12,39,25,38.4645,-112.8015,5.49,-0.3,-1.8,12,1705210033,0.2490
2017,5,21,12,39,39,38.4653,-112.8020,4.70,-1.0,-1.8,13,1705210034,0.3940
2017,5,21,12,40,14,38.4645,-112.8015,5.49,-0.3,-1.2,12,1705210035,0.7090
2017,5,21,12,40,34,38.4645,-112.8015,5.49,-0.3,-1.7,12,1705210036,0.4240
2017,5,21,14,5,48,38.4653,-112.8020,4.70,-1.0,-1.1,13,1705210037,0.6200
2017,5,21,15,22,39,38.4658,-112.7907,2.86,0.2,-1.0,08,1705210038,0.3600
2017,5,22,15,6,47,38.4677,-112.7890,2.38,-0.3,-0.9,72,1705220001,0.4680
2017,5,23,3,41,21,38.4665,-112.7900,2.59,0.1,-0.5,23,1705230001,0.3410
2017,5,23,3,53,59,38.4665,-112.7900,2.59,0.1,-0.5,23,1705230002,0.4130
2017,5,23,5,33,18,38.4698,-112.7871,1.27,-0.1,-0.8,19,1705230003,0.3660
2017,5,27,7,0,39,38.4686,-112.7892,3.60,-0.1,-0.1,18,1705270001,0.7190
2017,5,27,7,1,56,38.4680,-112.7960,5.31,1.3,-0.2,14,1705270002,0.7730
2017,5,27,7,3,42,38.4694,-112.7879,2.18,-0.4,-1.1,15,1705270003,0.4260
2017,5,27,7,17,54,38.4680,-112.7960,5.31,1.3,-0.9,14,1705270004,0.5730
2017,5,27,7,20,27,38.4694,-112.7879,2.18,-0.4,-0.6,15,1705270005,0.5490
2017,5,27,7,21,15,38.4686,-112.7892,3.60,-0.1,-0.8,18,1705270006,0.3600
2017,5,27,7,21,58,38.4680,-112.7960,5.31,1.3,-1.1,14,1705270007,0.2780
2017,5,27,7,22,5,38.4694,-112.7879,2.18,-0.4,-0.9,15,1705270008,0.6370
2017,5,27,7,22,21,38.4680,-112.7960,5.31,1.3,-0.2,14,1705270009,0.7360
2017,5,27,7,23,54,38.4680,-112.7960,5.31,1.3,-0.7,14,1705270010,0.6330
2017,5,27,7,25,34,38.4694,-112.7879,2.18,-0.4,-0.7,15,1705270011,0.6670
2017,5,27,7,27,28,38.4681,-112.7908,3.91,0.2,-1.0,17,1705270012,0.2770
2017,5,27,8,42,25,38.4694,-112.7879,2.18,-0.4,-1.1,15,1705270013,0.5660
2017,5,27,10,5,55,38.4676,-112.7968,5.32,1.0,-0.8,04,1705270014,0.3590
2017,5,27,10,6,1,38.4676,-112.7968,5.32,1.0,-0.5,04,1705270015,0.6350
2017,5,27,10,34,56,38.4686,-112.7892,3.60,-0.1,-0.9,18,1705270016,0.3460
2017,5,27,11,45,0,38.4676,-112.7968,5.32,1.0,-0.8,04,1705270017,0.3670
2017,5,27,11,50,32,38.4678,-112.7969,5.34,1.5,-0.3,03,1705270018,0.3740
2017,5,27,12,16,54,38.4676,-112.7968,5.32,1.0,-0.7,04,1705270019,0.6220
2017,5,27,12,17,9,38.4694,-112.7879,2.18,-0.4,-1.1,15,1705270020,0.4960
2017,5,27,15,22,6,38.4680,-112.7960,5.31,1.3,-0.7,14,1705270021,0.3090
2017,5,27,15,43,22,38.4691,-112.7908,4.45,-0.4,-0.9,10,1705270022,0.2910
2017,5,27,17,16,51,38.4680,-112.7960,5.31,1.3,-0.6,14,1705270023,0.6000
2017,5,28,3,49,27,38.4680,-112.7960,5.31,1.3,-1.2,14,1705280001,0.2970
2017,5,28,3,53,16,38.4673,-112.7947,4.39,1.3,-0.3,36,1705280002,0.3060
2017,5,28,9,4,18,38.4698,-112.7871,1.27,-0.1,-1.0,19,1705280003,0.2540
2017,5,28,15,1,53,38.4680,-112.7941,4.20,-0.6,-1.5,20,1705280004,0.3050
2017,5,28,19,2,14,38.4680,-112.7941,4.20,-0.6,-0.8,20,1705280005,0.3300
2017,5,29,7,31,13,38.4679,-112.7961,4.88,1.1,-0.8,39,1705290001,0.4960
2017,5,30,18,27,1,38.4680,-112.7941,4.20,-0.6,-1.3,20,1705300001,0.3080
2017,5,30,23,18,5,38.4673,-112.7947,4.39,1.3,-0.1,36,1705300002,0.2330
2017,5,31,3,54,37,38.4680,-112.7960,5.31,1.3,-1.3,14,1705310001,0.3460
2017,5,31,6,24,27,38.4686,-112.7892,3.60,-0.1,-0.9,18,1705310002,0.4230
2017,5,31,17,18,16,38.4680,-112.7960,5.31,1.3,-0.7,14,1705310003,0.3940
2017,5,31,20,12,42,38.4686,-112.7892,3.60,-0.1,-0.6,18,1705310004,0.4010
2017,6,1,7,13,12,38.4673,-112.7947,4.39,1.3,-0.3,36,1706010001,0.4060
2017,6,1,20,37,40,38.4676,-112.7968,5.32,1.0,-0.7,04,1706010002,0.2900
2017,6,4,15,51,52,38.4686,-112.7892,3.60,-0.1,-0.7,18,1706040001,0.4740
2017,6,5,4,26,8,38.4694,-112.7879,2.18,-0.4,-1.0,15,1706050001,0.4160
2017,6,5,6,36,25,38.4698,-112.7871,1.27,-0.1,-0.4,19,1706050002,0.2830
2017,6,5,6,37,43,38.4680,-112.7960,5.31,1.3,-0.7,14,1706050003,0.2690
2017,6,5,6,49,6,38.4678,-112.7989,5.55,0.1,-0.5,11,1706050004,0.3380
2017,6,5,6,54,57,38.4686,-112.7892,3.60,-0.1,-0.7,18,1706050005,0.4270
2017,6,5,7,3,47,38.4686,-112.7892,3.60,-0.1,-0.7,18,1706050006,0.3620
2017,6,5,10,27,37,38.4676,-112.7968,5.32,1.0,-0.0,04,1706050007,0.3400
2017,6,5,16,23,47,38.4678,-112.7989,5.55,0.1,-0.7,11,1706050008,0.4040
2017,6,5,18,40,50,38.4676,-112.7968,5.32,1.0,-0.3,04,1706050009,0.3300
2017,6,5,19,44,6,38.4680,-112.7960,5.31,1.3,-0.5,14,1706050010,0.2900
2017,6,7,4,43,9,38.4676,-112.7968,5.32,1.0,-0.8,04,1706070001,0.3380
2017,6,11,20,15,50,38.4686,-112.7892,3.60,-0.1,-0.4,18,1706110001,0.3860
2017,6,11,20,16,0,38.4685,-112.7930,3.65,-0.4,-0.7,38,1706110002,0.4000
2017,6,12,22,14,52,38.4676,-112.7968,5.32,1.0,-0.5,04,1706120001,0.3250
2017,6,12,22,24,47,38.4678,-112.7969,5.34,1.5,-0.5,03,1706120002,0.3470
2017,6,12,22,25,22,38.4658,-112.7907,2.86,0.2,-0.6,08,1706120003,0.2370
2017,6,12,22,27,56,38.4660,-112.7899,2.60,-0.3,-0.7,07,1706120004,0.2130
2017,6,13,1,7,39,38.4673,-112.7947,4.39,1.3,-0.1,36,1706130001,0.2340
2017,6,16,3,58,7,38.4686,-112.7892,3.60,-0.1,-0.2,18,1706160001,0.6820
2017,6,18,16,3,3,38.4676,-112.7968,5.32,1.0,-0.7,04,1706180001,0.3470
2017,6,18,16,20,1,38.4678,-112.7969,5.34,1.5,-0.8,03,1706180002,0.3350
2017,6,18,17,25,18,38.4676,-112.7968,5.32,1.0,-0.6,04,1706180003,0.3920
2017,6,19,0,22,51,38.4698,-112.7871,1.27,-0.1,0.3,19,1706190001,0.5960
2017,6,19,3,37,33,38.4694,-112.7879,2.18,-0.4,-0.2,15,1706190002,0.4420
2017,6,19,3,53,57,38.4678,-112.7989,5.55,0.1,-0.6,11,1706190003,0.2660
2017,6,19,4,17,30,38.4686,-112.7892,3.60,-0.1,-0.6,18,1706190004,0.3880
2017,6,19,13,15,20,38.4680,-112.7941,4.20,-0.6,-1.2,20,1706190005,0.2520
2017,6,19,13,45,0,38.4680,-112.7941,4.20,-0.6,-0.8,20,1706190006,0.5690
2017,6,19,14,56,57,38.4673,-112.7947,4.39,1.3,-0.3,36,1706190007,0.4110
2017,6,19,15,48,1,38.4680,-112.7960,5.31,1.3,-0.6,14,1706190008,0.3810
2017,6,19,16,12,58,38.4680,-112.7960,5.31,1.3,-0.6,14,1706190009,0.2740
2017,6,20,13,17,7,38.4680,-112.7941,4.20,-0.6,-0.7,20,1706200001,0.3740
2017,6,20,16,44,0,38.4680,-112.7941,4.20,-0.6,-1.2,20,1706200002,0.4100
2017,6,21,7,44,1,38.4680,-112.7941,4.20,-0.6,-1.4,20,1706210001,0.3480
2017,6,22,6,41,25,38.4698,-112.7871,1.27,-0.1,-1.0,19,1706220001,0.3310
2017,6,24,11,45,12,38.4698,-112.7871,1.27,-0.1,-0.8,19,1706240001,0.3370
2017,6,24,15,6,36,38.4673,-112.7947,4.39,1.3,-0.4,36,1706240002,0.3280
2017,6,25,2,39,32,38.4680,-112.7941,4.20,-0.6,-0.5,20,1706250001,0.4540
2017,7,2,8,54,19,38.4665,-112.7947,4.31,0.8,-0.8,44,1707020001,0.6740
2017,7,2,9,3,15,38.4665,-112.7947,4.31,0.8,-0.9,44,1707020002,0.5590
2017,7,2,9,24,4,38.4685,-112.7930,3.65,-0.4,-1.2,38,1707020003,0.9160
2017,7,2,13,50,39,38.4685,-112.7930,3.65,-0.4,-1.5,38,1707020004,0.8170
2017,7,8,12,1,40,38.4676,-112.7962,3.97,-0.7,-0.9,33,1707080001,0.2150
2017,7,16,13,19,32,38.4680,-112.7960,5.31,1.3,-1.2,14,1707160001,0.3190
2017,7,16,16,2,3,38.4686,-112.7892,3.60,-0.1,-0.8,18,1707160002,0.3860
2017,7,22,7,18,11,38.4686,-112.7886,2.21,-0.9,-1.6,45,1707220001,0.3960
2017,7,22,9,3,44,38.4686,-112.7886,2.21,-0.9,-1.2,45,1707220002,0.6010
2017,7,22,9,41,40,38.4673,-112.7947,4.39,1.3,0.3,36,1707220003,0.6110
2017,7,22,11,27,37,38.4679,-112.7961,4.88,1.1,-1.1,39,1707220004,0.3530
2017,7,25,0,30,15,38.4676,-112.7968,5.32,1.0,-0.6,04,1707250001,0.2960
2017,7,26,1,25,15,38.4673,-112.7947,4.39,1.3,-0.4,36,1707260001,0.2980
2017,7,26,8,59,44,38.4676,-112.7968,5.32,1.0,-0.8,04,1707260002,0.2900
2017,7,26,11,20,29,38.4666,-112.7940,3.99,0.4,-1.2,56,1707260003,0.2000
2017,7,27,6,40,45,38.4676,-112.7968,5.32,1.0,-1.0,04,1707270001,0.3020
2017,8,22,6,56,48,38.4680,-112.7941,4.20,-0.6,-0.8,20,1708220001,0.2890
2017,8,29,7,14,3,38.4678,-112.7969,5.34,1.5,-1.0,03,1708290001,0.4330
2017,8,29,7,27,50,38.4682,-112.7903,2.81,-0.6,-1.5,57,1708290002,0.3840
2017,8,29,10,36,32,38.4680,-112.7912,3.12,-0.8,-0.7,53,1708290003,0.5850
2017,8,29,11,56,26,38.4679,-112.7961,4.88,1.1,-1.1,39,1708290004,0.2650
2017,8,29,12,20,28,38.4682,-112.7903,2.81,-0.6,-0.9,57,1708290005,0.6420
2017,8,29,12,23,32,38.4678,-112.7969,5.34,1.5,-0.4,03,1708290006,0.3720
2017,8,29,12,59,35,38.4680,-112.7912,3.12,-0.8,-1.4,53,1708290007,0.3570
2017,8,29,13,17,50,38.4679,-112.7961,4.88,1.1,-1.0,39,1708290008,0.3200
2017,8,29,14,32,20,38.4686,-112.7886,2.21,-0.9,-1.3,45,1708290009,0.5030
2017,8,29,15,43,46,38.4682,-112.7903,2.81,-0.6,-1.8,57,1708290010,0.3030
2017,8,29,23,10,41,38.4685,-112.7930,3.65,-0.4,-0.4,38,1708290011,0.6170
2017,8,30,7,16,13,38.4669,-112.7910,3.06,-0.4,-1.6,70,1708300001,0.3310
2017,8,30,8,22,27,38.4665,-112.7900,2.59,0.1,-1.4,23,1708300002,0.4770
2017,8,30,9,39,43,38.4665,-112.7900,2.59,0.1,-1.3,23,1708300003,0.4580
2017,8,30,10,0,17,38.4665,-112.7900,2.59,0.1,-1.1,23,1708300004,0.4530
2017,8,30,11,15,40,38.4665,-112.7900,2.59,0.1,-1.3,23,1708300005,0.3450
2017,8,30,11,16,11,38.4665,-112.7900,2.59,0.1,-0.6,23,1708300006,0.7140
2017,8,30,11,16,37,38.4665,-112.7900,2.59,0.1,-0.9,23,1708300007,0.4820
2017,8,30,11,17,4,38.4676,-112.7874,2.00,0.0,-1.3,61,1708300008,0.2890
2017,8,30,11,26,50,38.4671,-112.7894,2.44,-0.8,-1.6,71,1708300009,0.3460
2017,8,30,11,35,52,38.4665,-112.7900,2.59,0.1,-1.4,23,1708300010,0.3260
2017,8,30,12,37,10,38.4665,-112.7900,2.59,0.1,-0.7,23,1708300011,0.6920
2017,8,30,12,43,16,38.4665,-112.7900,2.59,0.1,-1.2,23,1708300012,0.3860
2017,8,30,12,43,30,38.4669,-112.7910,3.06,-0.4,-1.4,70,1708300013,0.4030
2017,8,30,12,45,0,38.4665,-112.7900,2.59,0.1,-1.1,23,1708300014,0.4520
2017,8,30,13,40,35,38.4665,-112.7900,2.59,0.1,-1.4,23,1708300015,0.4410
2017,8,30,13,51,18,38.4665,-112.7900,2.59,0.1,-1.1,23,1708300016,0.5970
2017,8,30,14,33,21,38.4665,-112.7900,2.59,0.1,-1.1,23,1708300017,0.5000
2017,8,30,14,34,6,38.4665,-112.7900,2.59,0.1,-1.1,23,1708300018,0.3840
2017,8,30,14,34,27,38.4665,-112.7900,2.59,0.1,-1.2,23,1708300019,0.4600
2017,8,30,14,34,35,38.4665,-112.7900,2.59,0.1,-1.2,23,1708300020,0.4930
2017,9,1,12,51,3,38.4671,-112.7894,2.44,-0.8,-1.6,71,1709010001,0.3740
2017,9,2,0,43,4,38.4659,-112.7924,3.31,-0.6,-0.9,22,1709020001,0.4760
2017,9,2,0,43,13,38.4641,-112.8014,5.49,0.8,-0.4,24,1709020002,0.6470
2017,9,2,1,54,8,38.4641,-112.8014,5.49,0.8,-1.0,24,1709020003,0.2040
2017,9,2,3,53,17,38.4665,-112.7900,2.59,0.1,-1.1,23,1709020004,0.4550
2017,9,3,15,40,1,38.4658,-112.7907,2.86,0.2,-1.1,08,1709030001,0.4320
2017,9,4,3,57,46,38.4671,-112.7894,2.44,-0.8,-1.9,71,1709040001,0.3470
2017,9,4,20,18,30,38.4665,-112.7900,2.59,0.1,-0.8,23,1709040002,0.4640
2017,9,5,0,56,19,38.4665,-112.7900,2.59,0.1,-0.9,23,1709050001,0.3780
2017,9,6,2,45,40,38.4665,-112.7900,2.59,0.1,-0.9,23,1709060001,0.3750
2017,9,27,6,42,0,38.4673,-112.7947,4.39,1.3,-0.3,36,1709270001,0.2290
2017,9,27,6,43,57,38.4686,-112.7892,3.60,-0.1,-1.0,18,1709270002,0.3310
2017,9,27,7,19,9,38.4685,-112.7930,3.65,-0.4,-1.1,38,1709270003,0.5190
2017,10,4,9,41,31,38.4677,-112.7892,2.44,-0.7,-1.7,58,1710040002,0.2660
2017,10,4,10,47,54,38.4653,-112.8020,4.70,-1.0,-1.3,13,1710040003,0.4580
2017,10,5,15,20,49,38.4695,-112.7853,3.10,-0.3,-1.5,06,1710050002,0.3840
2017,10,5,15,20,55,38.4698,-112.7858,1.58,-0.4,-1.3,25,1710050003,0.3630
2017,10,5,15,22,0,38.4680,-112.7941,4.20,-0.6,-1.4,20,1710050004,0.2970
2017,10,5,17,23,37,38.4698,-112.7842,2.04,-0.2,-1.3,37,1710050005,0.2670
2017,10,5,23,50,38,38.4676,-112.7968,5.32,1.0,-0.6,04,1710050006,0.2990
2017,10,14,7,27,18,38.4682,-112.7903,2.81,-0.6,-1.0,57,1710140001,0.2610
2017,10,14,9,10,30,38.4653,-112.8020,4.70,-1.0,-0.8,13,1710140002,0.2790
2017,10,16,23,55,3,38.4660,-112.7899,2.60,-0.3,-0.8,07,1710160001,0.2060
2018,1,25,2,30,8,38.4681,-112.7908,3.91,0.2,-0.3,17,1801250001,0.2480
2018,1,25,17,17,52,38.4652,-112.7929,3.65,0.2,-0.5,09,1801250002,0.2760
2018,2,14,4,3,35,38.4670,-112.7915,3.25,-0.4,-1.4,63,1802140001,0.3030
2018,2,14,4,10,40,38.4665,-112.7947,4.31,0.8,-1.5,44,1802140002,0.2440
2018,2,14,4,10,48,38.4752,-112.7807,1.58,-0.2,-1.3,35,1802140003,0.3530
2018,2,25,19,26,9,38.4676,-112.7968,5.32,1.0,-1.1,04,1802250001,0.3340
2018,3,9,20,2,33,38.4676,-112.7968,5.32,1.0,-1.0,04,1803090001,0.3470
2018,3,9,23,5,20,38.4637,-112.7922,5.01,0.1,-0.7,30,1803090002,0.3350
2018,3,10,0,13,58,38.4643,-112.7892,4.14,0.3,-0.7,29,1803100001,0.3800
2018,3,10,1,34,41,38.4648,-112.7874,3.55,-0.1,-0.3,26,1803100002,0.3890
2018,3,10,2,2,41,38.4643,-112.7895,4.25,0.5,-0.5,28,1803100003,0.3480
2018,3,10,2,5,22,38.4643,-112.7895,4.25,0.5,-0.6,28,1803100004,0.5040
2018,3,10,2,21,2,38.4648,-112.7874,3.55,-0.1,-0.2,26,1803100005,0.4330
2018,3,10,2,39,26,38.4643,-112.7895,4.25,0.5,-0.0,28,1803100006,0.7210
2018,3,10,2,43,14,38.4643,-112.7895,4.25,0.5,-0.6,28,1803100007,0.2160
2018,3,10,2,43,44,38.4643,-112.7895,4.25,0.5,-0.6,28,1803100008,0.2790
2018,3,10,2,45,24,38.4643,-112.7895,4.25,0.5,-0.6,28,1803100009,0.2760
2018,3,10,2,57,38,38.4648,-112.7874,3.55,-0.1,-0.4,26,1803100010,0.3600
2018,3,10,4,0,32,38.4643,-112.7895,4.25,0.5,-0.5,28,1803100011,0.3910
2018,3,10,5,13,8,38.4648,-112.7874,3.55,-0.1,-0.3,26,1803100012,0.3920
2018,3,10,8,18,22,38.4643,-112.7895,4.25,0.5,-0.7,28,1803100013,0.5050
2018,3,10,9,49,16,38.4643,-112.7895,4.25,0.5,-1.2,28,1803100014,0.3300
2018,3,10,10,26,55,38.4643,-112.7895,4.25,0.5,-1.2,28,1803100015,0.3970
2018,3,10,11,14,53,38.4658,-112.7907,2.86,0.2,-1.4,08,1803100016,0.2650
2018,3,10,12,56,31,38.4637,-112.7922,5.01,0.1,-1.2,30,1803100017,0.3460
2018,3,10,13,59,25,38.4637,-112.7922,5.01,0.1,-1.1,30,1803100018,0.4790
2018,3,10,14,8,19,38.4643,-112.7895,4.25,0.5,-0.9,28,1803100019,0.4370
2018,3,10,14,53,5,38.4648,-112.7874,3.55,-0.1,-0.7,26,1803100020,0.4440
2018,3,10,15,50,49,38.4637,-112.7922,5.01,0.1,-0.6,30,1803100021,0.6870
2018,3,12,4,53,53,38.4640,-112.7911,4.53,-0.4,-0.9,27,1803120001,0.3850
2018,3,15,2,28,21,38.4643,-112.7892,4.14,0.3,-0.7,29,1803150001,0.1970
2018,3,16,7,14,55,38.4673,-112.7947,4.39,1.3,-0.2,36,1803160001,0.2630
2018,3,31,4,33,25,38.4680,-112.7960,5.31,1.3,-1.2,14,1803310001,0.4050
2018,4,4,5,46,25,38.4677,-112.7892,2.44,-0.7,-1.5,58,1804040001,0.4160
2018,4,4,22,57,6,38.4678,-112.7989,5.55,0.1,-0.7,11,1804040002,0.4390
2018,4,9,7,22,53,38.4658,-112.7907,2.86,0.2,-1.6,08,1804090001,0.4100
2018,4,9,11,36,47,38.4673,-112.7947,4.39,1.3,-0.2,36,1804090002,0.3610
2018,4,9,11,36,55,38.4678,-112.7989,5.55,0.1,-1.1,11,1804090003,0.4260
2018,4,9,11,37,25,38.4680,-112.7960,5.31,1.3,-0.9,14,1804090004,0.4540
2018,4,9,13,14,23,38.4680,-112.7960,5.31,1.3,-1.1,14,1804090005,0.4230
2018,4,9,23,11,47,38.4680,-112.7960,5.31,1.3,-0.1,14,1804090006,0.4430
2018,4,10,1,21,25,38.4680,-112.7960,5.31,1.3,-1.0,14,1804100001,0.4270
2018,4,10,2,11,50,38.4677,-112.7892,2.44,-0.7,-2.0,58,1804100002,0.5450
2018,4,10,10,14,1,38.4678,-112.7989,5.55,0.1,-1.3,11,1804100003,0.4440
2018,4,10,10,15,0,38.4678,-112.7989,5.55,0.1,-1.0,11,1804100004,0.4380
2018,4,10,10,46,32,38.4676,-112.7968,5.32,1.0,-1.4,04,1804100005,0.3450
2018,4,27,16,27,51,38.4677,-112.7892,2.44,-0.7,-1.7,58,1804270001,0.6120
2018,4,27,16,28,35,38.4677,-112.7892,2.44,-0.7,-1.1,58,1804270002,0.7160
2018,4,27,16,28,58,38.4698,-112.7858,1.58,-0.4,-0.9,25,1804270003,0.6780
2018,4,27,16,29,4,38.4680,-112.7912,3.12,-0.8,0.3,53,1804270004,0.8770
2018,4,27,16,33,56,38.4677,-112.7892,2.44,-0.7,-1.3,58,1804270005,0.5810
2018,4,27,16,43,49,38.4677,-112.7892,2.44,-0.7,-1.1,58,1804270006,0.6630
2018,5,6,6,29,35,38.4680,-112.7960,5.31,1.3,-1.0,14,1805060001,0.4090
2018,5,11,0,29,37,38.4678,-112.7989,5.55,0.1,-0.6,11,1805110001,0.4300
2018,5,11,0,29,44,38.4685,-112.7930,3.65,-0.4,-1.3,38,1805110002,0.3950
2018,5,11,0,29,49,38.4676,-112.7962,3.97,-0.7,-0.8,33,1805110003,0.3170
2018,5,11,0,33,13,38.4676,-112.7962,3.97,-0.7,-1.4,33,1805110004,0.2820
2018,5,11,0,34,21,38.4678,-112.7969,5.34,1.5,-0.3,03,1805110005,0.3480
2018,5,11,0,36,11,38.4680,-112.7960,5.31,1.3,-0.5,14,1805110006,0.4140
2018,5,11,0,36,22,38.4676,-112.7962,3.97,-0.7,-1.1,33,1805110007,0.3540
2018,5,11,0,36,43,38.4678,-112.7989,5.55,0.1,-0.3,11,1805110008,0.4140
2018,5,11,1,13,59,38.4691,-112.7908,4.45,-0.4,-0.5,10,1805110009,0.3190
2018,5,11,2,23,23,38.4678,-112.7969,5.34,1.5,0.1,03,1805110010,0.3270
2018,5,11,6,35,43,38.4676,-112.7962,3.97,-0.7,-1.3,33,1805110011,0.2950
2018,5,22,21,14,34,38.4671,-112.7894,2.44,-0.8,-1.6,71,1805220001,0.5060
2018,5,22,21,14,57,38.4682,-112.7903,2.81,-0.6,-1.7,57,1805220002,0.4430
2018,5,22,21,15,4,38.4663,-112.7952,4.32,-0.1,-1.4,74,1805220003,0.3440
2018,5,23,1,39,29,38.4671,-112.7894,2.44,-0.8,-1.2,71,1805230001,0.6110
2018,5,23,3,8,10,38.4671,-112.7894,2.44,-0.8,-0.4,71,1805230002,0.7590
2018,5,23,3,13,12,38.4665,-112.7900,2.59,0.1,-1.1,23,1805230003,0.5390
2018,5,23,3,15,21,38.4665,-112.7900,2.59,0.1,-1.2,23,1805230004,0.5190
2018,5,23,3,16,58,38.4665,-112.7900,2.59,0.1,-1.4,23,1805230005,0.4450
2018,5,23,3,24,1,38.4677,-112.7892,2.44,-0.7,-1.1,58,1805230006,0.8060
2018,5,23,3,24,20,38.4658,-112.7907,2.86,0.2,-1.1,08,1805230007,0.3820
2018,5,23,3,26,48,38.4677,-112.7892,2.44,-0.7,-1.6,58,1805230008,0.5800
2018,5,23,3,27,10,38.4677,-112.7892,2.44,-0.7,-1.3,58,1805230009,0.7380
2018,5,23,3,28,2,38.4677,-112.7892,2.44,-0.7,-1.7,58,1805230010,0.5480
2018,5,23,3,28,27,38.4677,-112.7892,2.44,-0.7,-1.5,58,1805230011,0.5640
2018,5,23,3,30,16,38.4677,-112.7892,2.44,-0.7,-1.4,58,1805230012,0.5460
2018,5,23,5,37,52,38.4677,-112.7892,2.44,-0.7,-1.8,58,1805230013,0.5180
2018,5,23,7,26,40,38.4677,-112.7892,2.44,-0.7,-1.1,58,1805230014,0.8130
2018,5,23,23,8,6,38.4677,-112.7892,2.44,-0.7,-1.0,58,1805230015,0.5130
2018,5,25,8,59,17,38.4677,-112.7892,2.44,-0.7,-1.3,58,1805250001,0.5420
2018,5,28,1,28,28,38.4677,-112.7892,2.44,-0.7,-1.2,58,1805280001,0.4810
2018,5,30,5,45,51,38.4664,-112.7945,4.02,-0.0,-1.3,73,1805300001,0.3350
2018,5,30,11,18,30,38.4671,-112.7894,2.44,-0.8,-1.5,71,1805300002,0.5250
2018,5,30,16,1,29,38.4698,-112.7871,1.27,-0.1,-0.0,19,1805300003,0.5010
2018,6,2,9,53,29,38.4676,-112.7968,5.32,1.0,-0.1,04,1806020001,0.3080
2018,6,2,13,39,43,38.4665,-112.7937,3.99,0.3,-0.8,60,1806020002,0.3160
2018,6,5,13,20,4,38.4663,-112.7847,1.51,-9.0,-9.0,51,1806050001,0.4830
2018,6,6,12,33,54,38.4679,-112.7961,4.88,1.1,-0.5,39,1806060001,0.3310
2018,6,11,4,25,19,38.4671,-112.7894,2.44,-0.8,0.2,71,1806110001,0.5530
2018,6,11,4,26,26,38.4664,-112.7945,4.02,-0.0,-1.1,73,1806110002,0.4010
2018,6,11,12,24,50,38.4668,-112.7927,3.71,0.1,-1.1,67,1806110003,0.3850
2018,6,11,12,24,57,38.4677,-112.7892,2.44,-0.7,-1.7,58,1806110004,0.4780
2018,6,12,1,40,49,38.4671,-112.7894,2.44,-0.8,-0.8,71,1806120001,0.5650
2018,6,12,10,39,3,38.4678,-112.7989,5.55,0.1,-1.1,11,1806120003,0.4580
2018,6,27,4,18,2,38.4684,-112.7886,2.17,-0.6,-0.3,52,1806270001,0.3500
2018,8,19,14,1,2,38.4672,-112.7951,4.48,0.2,-1.3,42,1808190001,0.4250
2018,9,12,23,40,50,38.4678,-112.7969,5.34,1.5,-0.4,03,1809120001,0.4220
2018,9,13,13,7,20,38.4685,-112.7930,3.65,-0.4,-1.2,38,1809130001,0.3730
2018,9,13,14,55,52,38.4685,-112.7930,3.65,-0.4,-1.0,38,1809130002,0.4180
2018,9,13,15,45,50,38.4678,-112.7969,5.34,1.5,-0.2,03,1809130003,0.3920
2018,9,13,15,49,36,38.4678,-112.7969,5.34,1.5,-0.3,03,1809130004,0.3520
2018,9,13,16,38,54,38.4685,-112.7930,3.65,-0.4,-1.2,38,1809130005,0.3790
2018,9,13,16,40,37,38.4698,-112.7858,1.58,-0.4,-0.4,25,1809130006,0.5210
2018,9,13,16,40,47,38.4685,-112.7930,3.65,-0.4,-0.9,38,1809130007,0.4470
2018,9,13,16,43,41,38.4685,-112.7930,3.65,-0.4,-0.6,38,1809130008,0.4530
2018,9,13,17,11,58,38.4678,-112.7969,5.34,1.5,0.2,03,1809130009,0.4310
2018,9,13,17,23,57,38.4678,-112.7969,5.34,1.5,0.2,03,1809130010,0.3980
2018,9,13,17,56,28,38.4685,-112.7930,3.65,-0.4,-0.8,38,1809130011,0.4090
2018,9,13,17,57,25,38.4676,-112.7962,3.97,-0.7,-0.8,33,1809130012,0.3310
2018,9,13,18,25,30,38.4678,-112.7969,5.34,1.5,1.2,03,1809130013,0.4140
2018,9,13,20,7,32,38.4679,-112.7961,4.88,1.1,0.0,39,1809130014,0.2400
2018,9,13,20,40,49,38.4698,-112.7858,1.58,-0.4,-0.4,25,1809130015,0.4060
2018,9,13,22,14,8,38.4685,-112.7930,3.65,-0.4,-0.4,38,1809130016,0.4980
2018,9,13,23,48,20,38.4678,-112.7969,5.34,1.5,1.1,03,1809130017,0.3980
2018,9,14,3,0,15,38.4680,-112.7912,3.12,-0.8,-0.7,53,1809140001,0.4560
2018,9,14,4,58,1,38.4685,-112.7930,3.65,-0.4,-1.0,38,1809140002,0.3580
2018,9,14,7,32,33,38.4673,-112.7947,4.39,1.3,-0.1,36,1809140003,0.2420
2018,9,28,17,19,14,38.4678,-112.7969,5.34,1.5,-0.9,03,1809280001,0.3130
2018,10,1,2,7,53,38.4678,-112.7969,5.34,1.5,-1.0,03,1810010001,0.3420
2018,10,1,3,30,16,38.4678,-112.7969,5.34,1.5,-1.0,03,1810010002,0.3330
2018,10,1,9,3,12,38.4673,-112.7947,4.39,1.3,-0.2,36,1810010003,0.2190
2018,10,1,12,43,48,38.4678,-112.7989,5.55,0.1,-0.9,11,1810010004,0.3120
2018,10,1,12,56,47,38.4676,-112.7874,2.00,0.0,-0.5,61,1810010005,0.2420
2018,10,8,23,54,25,38.4652,-112.7929,3.65,0.2,-0.8,09,1810080001,0.2820
2018,10,27,6,18,20,38.4678,-112.7969,5.34,1.5,-1.1,03,1810270001,0.3180
2018,10,27,17,19,55,38.4679,-112.7961,4.88,1.1,-1.2,39,1810270002,0.2890
2018,10,28,4,21,47,38.4678,-112.7969,5.34,1.5,-0.8,03,1810280001,0.3520
2018,10,28,4,44,44,38.4678,-112.7969,5.34,1.5,-0.7,03,1810280002,0.3200
2018,10,28,10,23,44,38.4672,-112.7943,4.22,-9.0,-11.0,43,1810200003,0.2510
2018,10,28,13,57,10,38.4678,-112.7969,5.34,1.5,-0.7,03,1810280004,0.4410
2018,11,2,6,47,45,38.4686,-112.7892,3.60,-0.1,-0.8,18,1811020001,0.4520
2018,11,2,12,52,31,38.4694,-112.7879,2.18,-0.4,-1.1,15,1811020002,0.4660
2018,11,2,12,53,1,38.4686,-112.7892,3.60,-0.1,-0.5,18,1811020003,0.4440
2018,11,2,13,30,11,38.4670,-112.7915,3.25,-0.4,-1.4,63,1811020004,0.2650
2018,11,2,13,49,28,38.4679,-112.7962,5.32,1.4,-0.7,05,1811020005,0.3320
2018,11,2,18,45,17,38.4676,-112.7962,3.97,-0.7,-0.9,33,1811020006,0.1900
2018,11,9,14,16,27,38.4671,-112.7906,2.92,-0.2,-1.3,64,1811090001,0.2290
2018,11,21,22,11,47,38.4685,-112.7930,3.65,-0.4,-1.5,38,1811210003,0.3250
2018,11,21,22,44,13,38.4678,-112.7969,5.34,1.5,-0.4,03,1811210004,0.3130
2018,11,21,23,6,47,38.4678,-112.7969,5.34,1.5,-0.1,03,1811210005,0.3090
2018,11,22,0,23,49,38.4682,-112.7903,2.81,-0.6,-0.9,57,1811220001,0.3900
2018,11,25,4,14,4,38.4676,-112.7968,5.32,1.0,-1.0,04,1811250001,0.4590
2018,11,25,4,17,12,38.4676,-112.7968,5.32,1.0,-1.3,04,1811250002,0.4620
2018,11,25,5,38,34,38.4676,-112.7968,5.32,1.0,-1.2,04,1811250003,0.5210
2018,11,28,2,39,3,38.4665,-112.7947,4.31,0.8,-1.2,44,1811280001,0.2420
2018,11,28,3,32,55,38.4671,-112.7894,2.44,-0.8,-1.4,71,1811280002,0.3390
2018,11,28,3,34,2,38.4669,-112.7910,3.06,-0.4,-0.8,70,1811280003,0.2750
2019,1,22,14,54,7,38.4678,-112.7969,5.34,1.5,-0.7,03,1901220001,0.3330
2019,1,27,12,17,45,38.4691,-112.7908,4.45,-0.4,-1.0,10,1901270001,0.2580
2019,1,28,10,29,38,38.4691,-112.7873,1.84,0.0,-0.9,16,1901280001,0.4090
2019,1,28,22,55,9,38.4678,-112.7969,5.34,1.5,-0.8,03,1901280002,0.3540
2019,2,10,4,55,30,38.4676,-112.7968,5.32,1.0,0.1,04,1902100001,0.3580
2019,2,26,6,52,33,38.4678,-112.7969,5.34,1.5,-1.2,03,1902260001,0.3200
2019,2,26,21,20,20,38.4680,-112.7960,5.31,1.3,-1.2,14,1902260002,0.2700
2019,3,15,21,38,27,38.4678,-112.7975,5.42,1.5,-0.4,01,1903150001,0.3230
2019,3,15,21,58,4,38.4678,-112.7969,5.34,1.5,-0.7,03,1903150002,0.3480
2019,3,15,22,9,41,38.4678,-112.7969,5.34,1.5,-0.7,03,1903150003,0.3860
2019,3,15,22,15,42,38.4678,-112.7969,5.34,1.5,-0.5,03,1903150004,0.3360
2019,3,15,23,27,32,38.4678,-112.7969,5.34,1.5,-0.4,03,1903150005,0.3580
2019,3,15,23,42,45,38.4693,-112.7955,4.78,0.3,-0.4,31,1903150006,0.4260
2019,3,16,0,13,34,38.4700,-112.7910,3.52,0.2,-0.3,32,1903160001,0.5640
2019,3,16,0,36,0,38.4693,-112.7955,4.78,0.3,-0.4,31,1903160002,0.5780
2019,3,16,0,59,4,38.4700,-112.7910,3.52,0.2,-0.3,32,1903160003,0.6170
2019,3,16,1,6,1,38.4679,-112.7961,4.88,1.1,-0.3,39,1903160004,0.2430
2019,3,16,1,20,1,38.4685,-112.7930,3.65,-0.4,-1.1,38,1903160005,0.4180
2019,3,16,1,26,39,38.4693,-112.7955,4.78,0.3,-0.1,31,1903160006,0.6540
2019,3,16,1,54,6,38.4693,-112.7955,4.78,0.3,-0.0,31,1903160007,0.6940
2019,3,16,2,30,9,38.4700,-112.7910,3.52,0.2,-0.4,32,1903160008,0.5610
2019,3,16,3,0,18,38.4693,-112.7955,4.78,0.3,-0.1,31,1903160009,0.6920
2019,3,16,3,5,54,38.4693,-112.7955,4.78,0.3,-0.7,31,1903160010,0.2820
2019,3,16,3,48,0,38.4693,-112.7955,4.78,0.3,0.1,31,1903160011,0.6980
2019,3,16,4,15,21,38.4693,-112.7955,4.78,0.3,-0.1,31,1903160012,0.7090
2019,3,16,4,57,36,38.4693,-112.7955,4.78,0.3,-0.2,31,1903160013,0.5290
2019,3,16,5,23,40,38.4693,-112.7955,4.78,0.3,0.2,31,1903160014,0.7470
2019,3,16,5,40,10,38.4693,-112.7955,4.78,0.3,-0.4,31,1903160015,0.3120
2019,3,16,6,9,48,38.4693,-112.7955,4.78,0.3,-0.6,31,1903160016,0.2250
2019,3,16,7,27,12,38.4693,-112.7955,4.78,0.3,-0.5,31,1903160017,0.3180
2019,3,16,7,53,5,38.4670,-112.7953,4.50,0.4,-1.2,48,1903160018,0.2180
2019,3,16,9,18,18,38.4693,-112.7955,4.78,0.3,-0.6,31,1903160019,0.4490
2019,3,16,10,13,44,38.4693,-112.7955,4.78,0.3,-0.5,31,1903160020,0.5840
2019,3,16,10,46,57,38.4700,-112.7910,3.52,0.2,-0.3,32,1903160021,0.6560
2019,3,16,11,2,22,38.4693,-112.7955,4.78,0.3,-0.8,31,1903160022,0.3550
2019,3,16,11,5,57,38.4693,-112.7955,4.78,0.3,-0.7,31,1903160023,0.2490
2019,3,16,12,14,55,38.4693,-112.7955,4.78,0.3,-0.8,31,1903160024,0.3330
2019,3,16,14,28,30,38.4700,-112.7910,3.52,0.2,-0.9,32,1903160025,0.3930
2019,3,16,14,42,48,38.4700,-112.7910,3.52,0.2,-0.3,32,1903160026,0.6400
2019,3,16,16,5,54,38.4700,-112.7910,3.52,0.2,-0.4,32,1903160027,0.6720
2019,3,16,17,9,39,38.4700,-112.7910,3.52,0.2,-0.9,32,1903160028,0.3280
2019,3,16,17,10,14,38.4700,-112.7910,3.52,0.2,-0.7,32,1903160029,0.4350
2019,3,16,17,40,4,38.4700,-112.7910,3.52,0.2,-0.2,32,1903160030,0.6140
2019,3,16,18,15,50,38.4693,-112.7955,4.78,0.3,-0.4,31,1903160031,0.3510
2019,3,16,18,49,42,38.4693,-112.7955,4.78,0.3,-0.4,31,1903160032,0.3530
2019,3,16,21,24,19,38.4693,-112.7955,4.78,0.3,-0.1,31,1903160033,0.5740
2019,3,18,0,2,34,38.4678,-112.7969,5.34,1.5,-0.9,03,1903180001,0.3680
2019,3,18,0,20,16,38.4678,-112.7969,5.34,1.5,-0.9,03,1903180002,0.3410
2019,3,18,1,52,52,38.4678,-112.7969,5.34,1.5,-0.8,03,1903180003,0.3540
2019,3,18,2,14,27,38.4678,-112.7969,5.34,1.5,-1.0,03,1903180004,0.3460
2019,3,19,17,32,36,38.4676,-112.7968,5.32,1.0,-0.8,04,1903190001,0.3130
2019,3,19,20,5,4,38.4676,-112.7968,5.32,1.0,-0.9,04,1903190002,0.2950
2019,4,28,7,2,23,38.4676,-112.7968,5.32,1.0,-1.3,04,1904280001,0.3800
2019,4,28,7,3,16,38.4676,-112.7968,5.32,1.0,-0.8,04,1904280002,0.4330
2019,4,28,10,11,43,38.4676,-112.7968,5.32,1.0,-1.3,04,1904280003,0.3160
2019,6,6,4,3,56,38.4752,-112.7807,1.58,-0.2,-1.4,35,1906060001,0.3040
2019,6,12,7,36,26,38.4658,-112.7907,2.86,0.2,-0.6,08,1906120001,0.2460
2019,8,13,10,52,10,38.4681,-112.7908,3.91,0.2,-1.0,17,1908130001,0.2530
2019,9,24,3,56,7,38.4678,-112.7969,5.34,1.5,-1.0,03,1909240001,0.3370
2019,9,24,11,24,4,38.4678,-112.7969,5.34,1.5,-1.1,03,1909240002,0.3720
2019,9,24,14,42,51,38.4678,-112.7969,5.34,1.5,-0.6,03,1909240003,0.4010
2019,10,5,7,46,2,38.4678,-112.7969,5.34,1.5,0.1,03,1910050003,0.3320
2019,10,5,8,17,1,38.4658,-112.7907,2.86,0.2,-0.9,08,1910050004,0.2210
2019,10,5,8,28,40,38.4685,-112.7930,3.65,-0.4,-1.1,38,1910050005,0.4620
2019,10,5,8,30,31,38.4652,-112.7929,3.65,0.2,-0.9,09,1910050006,0.3390
2019,10,5,9,7,5,38.4652,-112.7929,3.65,0.2,-0.9,09,1910050007,0.2940
2019,10,5,9,10,8,38.4652,-112.7929,3.65,0.2,-0.9,09,1910050008,0.3000
2019,10,5,9,15,43,38.4685,-112.7930,3.65,-0.4,-1.1,38,1910050009,0.4470
2019,10,5,9,15,51,38.4685,-112.7930,3.65,-0.4,-1.2,38,1910050010,0.4610
2019,10,5,9,19,49,38.4685,-112.7930,3.65,-0.4,-1.4,38,1910050011,0.4100
2019,10,5,9,21,42,38.4686,-112.7886,2.21,-0.9,-1.5,45,1910050012,0.3290
2019,10,5,9,29,28,38.4685,-112.7930,3.65,-0.4,-1.2,38,1910050013,0.4720
2019,10,5,9,30,16,38.4652,-112.7929,3.65,0.2,-0.7,09,1910050014,0.4550
2019,10,5,9,30,24,38.4652,-112.7929,3.65,0.2,-0.8,09,1910050015,0.2760
2019,10,5,9,30,34,38.4658,-112.7907,2.86,0.2,-0.9,08,1910050016,0.3010
2019,10,5,9,37,9,38.4678,-112.7969,5.34,1.5,-0.1,03,1910050017,0.3340
2019,10,5,10,12,26,38.4678,-112.7969,5.34,1.5,0.0,03,1910050018,0.4670
2019,10,5,10,26,24,38.4652,-112.7929,3.65,0.2,-0.7,09,1910050019,0.5330
2019,10,5,10,27,28,38.4678,-112.7969,5.34,1.5,0.2,03,1910050020,0.3400
2019,10,5,10,32,10,38.4652,-112.7929,3.65,0.2,-0.9,09,1910050021,0.3270
2019,10,5,10,45,33,38.4652,-112.7929,3.65,0.2,-0.7,09,1910050022,0.3870
2019,10,5,11,5,36,38.4678,-112.7969,5.34,1.5,0.2,03,1910050023,0.3770
2019,10,5,11,6,1,38.4652,-112.7929,3.65,0.2,-0.8,09,1910050024,0.3820
2019,10,5,11,9,11,38.4652,-112.7929,3.65,0.2,-0.8,09,1910050025,0.3760
2019,10,5,11,9,35,38.4652,-112.7929,3.65,0.2,-0.6,09,1910050026,0.4950
2019,10,5,11,11,25,38.4652,-112.7929,3.65,0.2,-0.9,09,1910050027,0.3380
2019,10,5,11,25,19,38.4652,-112.7929,3.65,0.2,-0.5,09,1910050028,0.4900
2019,10,5,12,16,33,38.4652,-112.7929,3.65,0.2,-0.6,09,1910050029,0.4560
2019,10,20,14,2,40,38.4673,-112.7947,4.39,1.3,-1.2,36,1910200001,0.3700
2019,10,20,14,4,23,38.4673,-112.7947,4.39,1.3,-1.1,36,1910200002,0.3200
2019,10,20,14,4,34,38.4673,-112.7947,4.39,1.3,-0.6,36,1910200003,0.6800
2019,10,20,14,5,11,38.4682,-112.7903,2.81,-0.6,-1.9,57,1910200004,0.2420
2019,10,20,15,5,49,38.4752,-112.7807,1.58,-0.2,-1.5,35,1910200005,0.3610
2019,10,20,15,18,40,38.4676,-112.7962,3.97,-0.7,-1.1,33,1910200006,0.6900
2019,10,20,16,9,54,38.4680,-112.7924,3.66,0.4,-1.1,34,1910200007,0.5000
2019,10,20,17,32,38,38.4685,-112.7930,3.65,-0.4,-1.0,38,1910200008,0.4950
2019,10,20,17,54,37,38.4680,-112.7924,3.66,0.4,-0.7,34,1910200009,0.2960
2019,10,20,17,56,12,38.4685,-112.7930,3.65,-0.4,-1.0,38,1910200010,0.5110
2019,10,20,21,0,44,38.4673,-112.7947,4.39,1.3,0.0,36,1910200011,0.2660
2019,10,20,23,7,45,38.4679,-112.7961,4.88,1.1,-0.6,39,1910200012,0.2610
2019,10,20,23,9,15,38.4676,-112.7962,3.97,-0.7,-1.2,33,1910200013,0.1980
2019,10,20,23,15,47,38.4685,-112.7930,3.65,-0.4,-1.4,38,1910200014,0.4330
2019,10,21,0,3,48,38.4684,-112.7886,2.17,-0.6,-1.1,52,1910210001,0.2910
2019,10,21,2,15,15,38.4752,-112.7807,1.58,-0.2,-0.9,35,1910210002,0.5410
2019,10,21,5,9,22,38.4752,-112.7807,1.58,-0.2,-1.3,35,1910210003,0.3670
2019,10,21,5,44,5,38.4680,-112.7924,3.66,0.4,-1.4,34,1910210004,0.4220
2019,10,21,6,8,7,38.4680,-112.7924,3.66,0.4,-0.9,34,1910210005,0.6520
2019,10,21,6,10,10,38.4680,-112.7912,3.12,-0.8,-1.6,53,1910210006,0.3640
2019,10,21,6,37,8,38.4665,-112.7947,4.31,0.8,-1.8,44,1910210007,0.2950
2019,10,21,6,45,57,38.4752,-112.7807,1.58,-0.2,-1.5,35,1910210008,0.3730
2019,10,21,8,32,41,38.4665,-112.7947,4.31,0.8,-1.8,44,1910210009,0.2300
2019,10,21,12,43,1,38.4685,-112.7930,3.65,-0.4,-1.6,38,1910210010,0.3390
2019,10,21,15,7,25,38.4680,-112.7912,3.12,-0.8,-1.4,53,1910210011,0.4360
2019,10,21,16,44,19,38.4752,-112.7807,1.58,-0.2,-1.4,35,1910210012,0.3860
2019,10,21,18,11,52,38.4685,-112.7930,3.65,-0.4,-1.7,38,1910210013,0.3330
2019,10,21,18,28,1,38.4685,-112.7930,3.65,-0.4,-1.3,38,1910210014,0.5730
2019,10,21,19,47,51,38.4685,-112.7930,3.65,-0.4,-0.9,38,1910210015,0.5900
2019,10,21,19,57,58,38.4685,-112.7930,3.65,-0.4,-0.6,38,1910210016,0.6960
2019,10,21,22,52,54,38.4679,-112.7961,4.88,1.1,-1.1,39,1910210017,0.4040
2019,10,22,2,25,7,38.4682,-112.7903,2.81,-0.6,-1.8,57,1910220001,0.2470
2019,10,22,5,18,34,38.4686,-112.7886,2.21,-0.9,-1.5,45,1910220002,0.6030
2019,10,22,5,20,58,38.4683,-112.7887,2.23,0.3,-1.6,40,1910220003,0.2830
2019,10,22,6,0,34,38.4680,-112.7912,3.12,-0.8,-1.4,53,1910220004,0.5230
2019,10,22,6,9,22,38.4665,-112.7947,4.31,0.8,-1.8,44,1910220005,0.2860
2019,10,22,6,9,30,38.4686,-112.7886,2.21,-0.9,-1.1,45,1910220006,0.8080
2019,10,22,6,20,24,38.4686,-112.7886,2.21,-0.9,-1.5,45,1910220007,0.5400
2019,10,22,6,20,30,38.4686,-112.7886,2.21,-0.9,-1.0,45,1910220008,0.7740
2019,10,22,6,21,3,38.4686,-112.7886,2.21,-0.9,-1.6,45,1910220009,0.3200
2019,10,22,6,21,53,38.4680,-112.7924,3.66,0.4,-1.4,34,1910220010,0.3040
2019,10,22,6,22,0,38.4682,-112.7903,2.81,-0.6,-1.7,57,1910220011,0.5130
2019,10,22,6,22,8,38.4680,-112.7912,3.12,-0.8,-1.6,53,1910220012,0.5050
2019,10,22,6,23,15,38.4680,-112.7912,3.12,-0.8,-1.6,53,1910220013,0.5430
2019,10,22,6,25,5,38.4680,-112.7924,3.66,0.4,-0.5,34,1910220014,0.7330
2019,10,22,6,25,21,38.4686,-112.7886,2.21,-0.9,-1.7,45,1910220015,0.4860
2019,10,22,6,25,34,38.4665,-112.7947,4.31,0.8,-1.8,44,1910220016,0.4130
2019,10,22,6,26,48,38.4687,-112.7886,1.46,-9.0,-9.2,46,1910220017,0.6140
2019,10,22,6,27,59,38.4677,-112.7892,2.44,-0.7,-1.0,58,1910220018,0.7500
2019,10,22,6,28,10,38.4677,-112.7892,2.44,-0.7,-1.6,58,1910220019,0.2890
2019,10,22,6,29,28,38.4665,-112.7947,4.31,0.8,-0.8,44,1910220020,0.4830
2019,10,22,6,32,29,38.4680,-112.7912,3.12,-0.8,-1.5,53,1910220021,0.4410
2019,10,22,6,35,53,38.4686,-112.7886,2.21,-0.9,-1.6,45,1910220022,0.5460
2019,10,22,6,38,45,38.4680,-112.7924,3.66,0.4,-1.4,34,1910220023,0.2700
2019,10,22,6,43,20,38.4670,-112.7907,2.94,-0.6,-1.6,68,1910220024,0.3090
2019,10,22,6,46,30,38.4665,-112.7947,4.31,0.8,-1.8,44,1910220025,0.2900
2019,10,22,6,57,18,38.4668,-112.7958,4.62,0.9,-0.7,50,1910220026,0.8070
2019,10,22,7,23,50,38.4685,-112.7930,3.65,-0.4,-1.8,38,1910220027,0.3320
2019,10,22,7,25,53,38.4752,-112.7807,1.58,-0.2,-1.5,35,1910220028,0.3440
2019,10,22,7,26,38,38.4686,-112.7886,2.21,-0.9,-1.4,45,1910220029,0.6680
2019,10,22,7,28,8,38.4680,-112.7912,3.12,-0.8,-1.6,53,1910220030,0.3810
2019,10,22,7,45,39,38.4670,-112.7915,3.25,-0.4,-1.3,63,1910220031,0.3390
2019,10,22,7,56,45,38.4671,-112.7894,2.44,-0.8,-1.6,71,1910220032,0.4580
2019,10,22,8,12,26,38.4682,-112.7903,2.81,-0.6,-1.9,57,1910220033,0.3180
2019,10,22,8,12,49,38.4665,-112.7947,4.31,0.8,-1.3,44,1910220034,0.6700
2019,10,22,8,37,12,38.4686,-112.7886,2.21,-0.9,-1.5,45,1910220035,0.6010
2019,10,22,8,47,17,38.4680,-112.7912,3.12,-0.8,-1.5,53,1910220036,0.5370
2019,10,22,8,54,10,38.4680,-112.7912,3.12,-0.8,-1.2,53,1910220037,0.7250
2019,10,22,8,56,20,38.4684,-112.7886,2.17,-0.6,-1.4,52,1910220038,0.5090
2019,10,22,8,56,42,38.4668,-112.7927,3.71,0.1,-1.6,67,1910220039,0.2280
2019,10,22,8,57,3,38.4684,-112.7886,2.17,-0.6,-1.7,52,1910220040,0.2370
2019,10,22,9,31,40,38.4671,-112.7894,2.44,-0.8,-1.1,71,1910220041,0.7270
2019,10,22,9,35,57,38.4676,-112.7962,3.97,-0.7,-1.5,33,1910220042,0.5080
2019,10,22,9,47,33,38.4673,-112.7947,4.39,1.3,-0.5,36,1910220043,0.2450
2019,10,22,10,3,15,38.4665,-112.7947,4.31,0.8,-1.3,44,1910220044,0.6900
2019,10,22,10,7,20,38.4684,-112.7886,2.17,-0.6,-1.5,52,1910220045,0.5540
2019,10,22,10,12,18,38.4684,-112.7886,2.17,-0.6,-1.4,52,1910220046,0.5590
2019,10,22,10,23,42,38.4677,-112.7892,2.44,-0.7,-1.7,58,1910220047,0.3540
2019,10,22,10,51,52,38.4687,-112.7886,1.46,-9.0,-9.8,46,1910220048,0.3830
2019,10,22,10,59,55,38.4670,-112.7915,3.25,-0.4,-1.4,63,1910220049,0.3440
2019,10,22,11,10,7,38.4671,-112.7894,2.44,-0.8,-1.8,71,1910220050,0.4550
2019,10,22,11,18,22,38.4677,-112.7892,2.44,-0.7,-1.0,58,1910220051,0.7800
2019,10,22,11,22,41,38.4671,-112.7894,2.44,-0.8,-1.8,71,1910220052,0.3220
2019,10,22,11,42,49,38.4665,-112.7947,4.31,0.8,-1.3,44,1910220053,0.6640
2019,10,22,11,46,33,38.4686,-112.7886,2.21,-0.9,-1.9,45,1910220054,0.4070
2019,10,22,12,21,18,38.4671,-112.7894,2.44,-0.8,-1.6,71,1910220055,0.5950
2019,10,22,12,30,47,38.4671,-112.7894,2.44,-0.8,-1.5,71,1910220056,0.6120
2019,10,22,12,39,36,38.4677,-112.7933,3.85,0.3,-1.3,47,1910220057,0.2400
2019,10,22,12,41,15,38.4686,-112.7886,2.21,-0.9,-1.7,45,1910220058,0.4940
2019,10,22,12,49,39,38.4670,-112.7907,2.94,-0.6,-1.5,68,1910220059,0.4640
2019,10,22,12,50,52,38.4684,-112.7886,2.17,-0.6,-1.4,52,1910220060,0.3520
2019,10,22,12,54,29,38.4686,-112.7886,2.21,-0.9,-1.9,45,1910220061,0.3810
2019,10,22,12,55,37,38.4678,-112.7969,5.34,1.5,0.4,03,1910220062,0.3620
2019,10,22,13,1,13,38.4652,-112.7929,3.65,0.2,-1.0,09,1910220063,0.2800
2019,10,22,13,7,18,38.4671,-112.7894,2.44,-0.8,-1.6,71,1910220064,0.4850
2019,10,22,13,10,48,38.4665,-112.7947,4.31,0.8,-1.4,44,1910220065,0.6520
2019,10,22,13,15,23,38.4668,-112.7927,3.71,0.1,-1.3,67,1910220066,0.2340
2019,10,22,13,19,44,38.4677,-112.7892,2.44,-0.7,-1.6,58,1910220067,0.3610
2019,10,22,13,30,45,38.4665,-112.7947,4.31,0.8,-1.7,44,1910220068,0.2460
2019,10,22,13,38,7,38.4678,-112.7969,5.34,1.5,-1.0,03,1910220069,0.4060
2019,10,22,13,55,50,38.4665,-112.7947,4.31,0.8,-0.9,44,1910220070,0.7170
2019,10,22,13,56,49,38.4668,-112.7927,3.71,0.1,-1.2,67,1910220071,0.5850
2019,10,22,14,21,42,38.4663,-112.7952,4.32,-0.1,-1.2,74,1910220072,0.2950
2019,10,22,14,47,51,38.4680,-112.7912,3.12,-0.8,-1.4,53,1910220073,0.5050
2019,10,22,15,1,45,38.4684,-112.7886,2.17,-0.6,-1.4,52,1910220074,0.3860
2019,10,22,15,3,28,38.4652,-112.7929,3.65,0.2,-0.9,09,1910220075,0.2710
2019,10,22,16,6,26,38.4658,-112.7907,2.86,0.2,-1.2,08,1910220076,0.2740
2019,10,22,16,29,26,38.4670,-112.7915,3.25,-0.4,-0.9,63,1910220077,0.5580
2019,10,22,17,0,50,38.4665,-112.7900,2.59,0.1,-1.0,23,1910220078,0.3750
2019,10,22,17,57,47,38.4670,-112.7915,3.25,-0.4,-0.8,63,1910220079,0.7420
2019,10,22,18,1,40,38.4680,-112.7912,3.12,-0.8,-1.6,53,1910220080,0.3960
2019,10,22,18,15,57,38.4652,-112.7929,3.65,0.2,-0.9,09,1910220081,0.4330
2019,10,22,20,37,53,38.4686,-112.7892,3.60,-0.1,-0.9,18,1910220082,0.3710
2019,10,22,23,25,4,38.4680,-112.7912,3.12,-0.8,-1.3,53,1910220083,0.4800
2019,10,23,1,27,5,38.4680,-112.7912,3.12,-0.8,-1.3,53,1910230001,0.4130
2019,10,23,4,12,29,38.4665,-112.7947,4.31,0.8,-1.6,44,1910230002,0.4980
2019,10,23,4,17,4,38.4665,-112.7947,4.31,0.8,-1.3,44,1910230003,0.6580
2019,10,23,4,33,41,38.4678,-112.7969,5.34,1.5,-0.6,03,1910230004,0.4330
2019,10,23,4,33,51,38.4658,-112.7907,2.86,0.2,-1.1,08,1910230005,0.3770
2019,10,23,5,18,40,38.4671,-112.7894,2.44,-0.8,-1.6,71,1910230006,0.5790
2019,10,23,5,30,9,38.4671,-112.7913,3.17,-0.4,-1.6,59,1910230007,0.2630
2019,10,23,6,36,12,38.4670,-112.7907,2.94,-0.6,-1.5,68,1910230008,0.4820
2019,10,23,7,9,6,38.4668,-112.7927,3.71,0.1,-1.1,67,1910230009,0.7280
2019,10,23,7,19,36,38.4668,-112.7927,3.71,0.1,-1.6,67,1910230010,0.3680
2019,10,23,7,25,51,38.4671,-112.7894,2.44,-0.8,-1.3,71,1910230011,0.5970
2019,10,23,7,25,59,38.4676,-112.7874,2.00,0.0,-1.4,61,1910230012,0.4290
2019,10,23,7,26,42,38.4671,-112.7918,3.24,0.3,-1.3,75,1910230013,0.5750
2019,10,23,7,26,49,38.4677,-112.7892,2.44,-0.7,-1.9,58,1910230014,0.3020
2019,10,23,7,28,8,38.4671,-112.7894,2.44,-0.8,-1.7,71,1910230015,0.5820
2019,10,23,7,30,43,38.4670,-112.7907,2.94,-0.6,-1.6,68,1910230016,0.4240
2019,10,23,7,34,35,38.4668,-112.7927,3.71,0.1,-1.6,67,1910230017,0.2520
2019,10,23,7,35,41,38.4670,-112.7915,3.25,-0.4,-1.2,63,1910230018,0.3560
2019,10,23,7,35,56,38.4668,-112.7927,3.71,0.1,-0.9,67,1910230019,0.7870
2019,10,23,7,36,2,38.4671,-112.7894,2.44,-0.8,-1.8,71,1910230020,0.4460
2019,10,23,7,36,47,38.4668,-112.7941,4.04,0.5,-1.2,55,1910230021,0.5600
2019,10,23,7,40,23,38.4668,-112.7941,4.04,0.5,-1.1,55,1910230022,0.7600
2019,10,23,7,46,46,38.4668,-112.7941,4.04,0.5,-1.3,55,1910230023,0.4480
2019,10,23,7,47,12,38.4677,-112.7892,2.44,-0.7,-1.9,58,1910230024,0.3690
2019,10,23,7,47,21,38.4671,-112.7894,2.44,-0.8,-1.9,71,1910230025,0.3900
2019,10,23,7,48,1,38.4668,-112.7941,4.04,0.5,-1.2,55,1910230026,0.6640
2019,10,23,7,48,25,38.4668,-112.7927,3.71,0.1,-1.4,67,1910230027,0.5950
2019,10,23,7,48,42,38.4673,-112.7922,3.42,-0.3,-1.6,54,1910230028,0.2570
2019,10,23,8,4,47,38.4668,-112.7941,4.04,0.5,-1.6,55,1910230029,0.2250
2019,10,23,8,5,8,38.4668,-112.7941,4.04,0.5,-1.1,55,1910230030,0.7040
2019,10,23,8,9,1,38.4671,-112.7894,2.44,-0.8,-2.0,71,1910230031,0.3410
2019,10,23,8,23,11,38.4671,-112.7894,2.44,-0.8,-1.9,71,1910230032,0.3720
2019,10,23,8,33,46,38.4671,-112.7894,2.44,-0.8,-1.9,71,1910230033,0.3350
2019,10,23,8,46,20,38.4673,-112.7922,3.42,-0.3,-1.6,54,1910230034,0.3150
2019,10,23,9,21,48,38.4671,-112.7894,2.44,-0.8,-1.3,71,1910230035,0.7200
2019,10,23,9,34,38,38.4670,-112.7915,3.25,-0.4,-1.6,63,1910230036,0.2930
2019,10,23,9,35,11,38.4671,-112.7894,2.44,-0.8,-1.3,71,1910230037,0.6650
2019,10,23,9,54,41,38.4677,-112.7890,2.38,-0.3,-1.4,72,1910230038,0.3750
2019,10,23,10,31,50,38.4671,-112.7894,2.44,-0.8,-1.9,71,1910230039,0.3470
2019,10,23,11,1,42,38.4680,-112.7924,3.66,0.4,-1.2,34,1910230040,0.5460
2019,10,23,11,1,51,38.4665,-112.7947,4.31,0.8,-1.8,44,1910230041,0.3150
2019,10,23,11,50,38,38.4668,-112.7941,4.04,0.5,-1.4,55,1910230042,0.4990
2019,10,23,13,34,34,38.4671,-112.7894,2.44,-0.8,-1.0,71,1910230043,0.7650
2019,10,23,14,47,43,38.4668,-112.7927,3.71,0.1,-0.9,67,1910230044,0.5320
2019,10,23,16,16,19,38.4752,-112.7807,1.58,-0.2,-1.5,35,1910230045,0.3300
2019,10,23,17,42,18,38.4752,-112.7807,1.58,-0.2,-0.9,35,1910230046,0.5070
2019,10,23,18,34,35,38.4670,-112.7915,3.25,-0.4,-1.4,63,1910230047,0.2720
2019,10,23,19,17,48,38.4752,-112.7807,1.58,-0.2,-1.2,35,1910230048,0.4290
2019,10,23,19,18,13,38.4752,-112.7807,1.58,-0.2,-1.1,35,1910230049,0.5060
2019,10,23,19,37,56,38.4680,-112.7912,3.12,-0.8,-1.0,53,1910230050,0.5870
2019,10,23,19,38,16,38.4670,-112.7915,3.25,-0.4,-1.4,63,1910230051,0.4610
2019,10,23,19,44,56,38.4752,-112.7807,1.58,-0.2,-0.6,35,1910230052,0.6570
2019,10,23,19,51,11,38.4684,-112.7886,2.17,-0.6,-1.5,52,1910230053,0.2660
2019,10,23,19,51,16,38.4670,-112.7915,3.25,-0.4,-1.1,63,1910230054,0.5610
2019,10,23,19,59,5,38.4665,-112.7947,4.31,0.8,-1.5,44,1910230055,0.2390
2019,10,23,20,21,49,38.4670,-112.7915,3.25,-0.4,-0.7,63,1910230056,0.6560
2019,10,23,20,56,19,38.4680,-112.7912,3.12,-0.8,-1.6,53,1910230057,0.3680
2019,10,23,21,35,36,38.4670,-112.7915,3.25,-0.4,-0.6,63,1910230058,0.6840
2019,10,23,22,38,45,38.4678,-112.7969,5.34,1.5,0.1,03,1910230059,0.3360
2019,10,23,22,38,57,38.4678,-112.7969,5.34,1.5,0.0,03,1910230060,0.3260
2019,10,23,23,28,29,38.4752,-112.7807,1.58,-0.2,-1.4,35,1910230061,0.4020
2019,10,23,23,32,57,38.4671,-112.7894,2.44,-0.8,-1.4,71,1910230062,0.5070
2019,10,23,23,33,5,38.4671,-112.7894,2.44,-0.8,-1.7,71,1910230063,0.3740
2019,10,24,0,41,44,38.4671,-112.7894,2.44,-0.8,-0.8,71,1910240001,0.7770
2019,10,24,0,41,58,38.4670,-112.7915,3.25,-0.4,-1.4,63,1910240002,0.2750
2019,10,24,1,1,52,38.4663,-112.7952,4.32,-0.1,-1.0,74,1910240003,0.2890
2019,10,24,2,5,51,38.4671,-112.7894,2.44,-0.8,-1.4,71,1910240004,0.5450
2019,10,24,2,42,20,38.4671,-112.7894,2.44,-0.8,-1.5,71,1910240005,0.4280
2019,10,24,4,59,29,38.4670,-112.7915,3.25,-0.4,-1.2,63,1910240006,0.2750
2019,10,24,8,2,52,38.4671,-112.7894,2.44,-0.8,-1.1,71,1910240007,0.5780
2019,10,24,15,49,33,38.4670,-112.7915,3.25,-0.4,-1.3,63,1910240008,0.2540
2019,10,24,20,57,6,38.4671,-112.7894,2.44,-0.8,-1.5,71,1910240009,0.3190
2019,10,29,23,25,43,38.4676,-112.7968,5.32,1.0,-0.7,04,1910290001,0.2930
2019,10,29,23,49,2,38.4678,-112.7975,5.42,1.5,-0.4,01,1910290002,0.3670
2019,10,30,0,1,16,38.4678,-112.7989,5.55,0.1,-0.2,11,1910300001,0.4330
2019,10,30,1,39,17,38.4678,-112.7975,5.42,1.5,-0.3,01,1910300002,0.3490
2019,11,27,4,47,41,38.4670,-112.7915,3.25,-0.4,-0.5,63,1911270001,0.4630
2019,12,9,22,56,2,38.4682,-112.7903,2.81,-0.6,-1.3,57,1912090001,0.6540
2019,12,10,0,50,47,38.4671,-112.7894,2.44,-0.8,-1.0,71,1912100001,0.8390
2019,12,10,1,59,41,38.4663,-112.7952,4.32,-0.1,-1.0,74,1912100002,0.5670
2019,12,10,2,42,40,38.4682,-112.7903,2.81,-0.6,-1.7,57,1912100003,0.5620
2019,12,10,3,49,12,38.4682,-112.7903,2.81,-0.6,-1.2,57,1912100004,0.6860
2019,12,10,5,6,21,38.4682,-112.7903,2.81,-0.6,-1.4,57,1912100005,0.6630
2019,12,10,5,17,55,38.4682,-112.7903,2.81,-0.6,-1.2,57,1912100006,0.7030
2019,12,10,7,22,18,38.4682,-112.7903,2.81,-0.6,-1.2,57,1912100007,0.7690
2019,12,10,9,17,33,38.4682,-112.7903,2.81,-0.6,-0.7,57,1912100008,0.8400
2019,12,10,11,10,19,38.4682,-112.7903,2.81,-0.6,-1.6,57,1912100010,0.6430
2019,12,10,12,44,19,38.4682,-112.7903,2.81,-0.6,-1.0,57,1912100011,0.7200
2019,12,10,13,5,43,38.4682,-112.7903,2.81,-0.6,-1.6,57,1912100012,0.5440
2019,12,10,13,7,35,38.4682,-112.7903,2.81,-0.6,-1.3,57,1912100013,0.7250
2019,12,10,13,8,27,38.4682,-112.7903,2.81,-0.6,-1.7,57,1912100014,0.5300
2019,12,10,13,14,37,38.4682,-112.7903,2.81,-0.6,-0.6,57,1912100015,0.8450
2019,12,10,13,22,47,38.4682,-112.7903,2.81,-0.6,-0.6,57,1912100016,0.8110
2019,12,10,13,25,43,38.4682,-112.7903,2.81,-0.6,-0.8,57,1912100017,0.7670
2019,12,10,13,26,7,38.4682,-112.7903,2.81,-0.6,-1.0,57,1912100018,0.7770
2019,12,10,13,35,46,38.4682,-112.7903,2.81,-0.6,-0.9,57,1912100019,0.8170
2019,12,10,14,10,17,38.4682,-112.7903,2.81,-0.6,-1.4,57,1912100020,0.6250
2019,12,10,15,23,51,38.4682,-112.7903,2.81,-0.6,0.2,57,1912100021,0.7590
2019,12,10,15,29,4,38.4663,-112.7952,4.32,-0.1,-1.1,74,1912100022,0.6040
2019,12,10,16,15,44,38.4684,-112.7886,2.17,-0.6,-1.3,52,1912100024,0.5200
2019,12,10,16,28,49,38.4682,-112.7903,2.81,-0.6,-1.4,57,1912100025,0.6710
2019,12,10,16,47,55,38.4682,-112.7903,2.81,-0.6,-1.4,57,1912100026,0.5640
2019,12,13,9,46,40,38.4682,-112.7903,2.81,-0.6,-1.2,57,1912130001,0.5290
2019,12,21,22,13,34,38.4671,-112.7894,2.44,-0.8,-1.2,71,1912210001,0.7420
2019,12,21,22,14,13,38.4671,-112.7894,2.44,-0.8,-1.0,71,1912210002,0.7890
2019,12,21,22,14,31,38.4684,-112.7886,2.17,-0.6,-0.8,52,1912210003,0.6100
2019,12,21,22,14,55,38.4671,-112.7894,2.44,-0.8,-0.7,71,1912210004,0.8460
2019,12,21,22,15,36,38.4668,-112.7958,4.62,0.9,-0.8,50,1912210005,0.4340
2019,12,21,22,22,22,38.4670,-112.7953,4.50,0.4,-1.2,48,1912210006,0.3430
2019,12,21,23,21,2,38.4671,-112.7894,2.44,-0.8,-2.0,71,1912210007,0.8530
2019,12,22,1,6,22,38.4671,-112.7894,2.44,-0.8,0.4,71,1912220001,0.8800
2019,12,22,6,25,13,38.4671,-112.7894,2.44,-0.8,-1.2,71,1912220002,0.8000
